2025-04-15 15:01:14,580 INFO: OwlJudge startup [in C:\Users\drago\OneDrive\Pulpit\ALL\newest owl judge\app.py:56]
2025-04-15 15:01:23,561 INFO: OwlJudge startup [in C:\Users\drago\OneDrive\Pulpit\ALL\newest owl judge\app.py:56]
2025-04-15 15:01:24,284 INFO: OwlJudge startup [in C:\Users\drago\OneDrive\Pulpit\ALL\newest owl judge\app.py:56]
2025-04-15 15:01:24,445 INFO: 404 Not Found: /favicon.ico [in C:\Users\drago\OneDrive\Pulpit\ALL\newest owl judge\app.py:2107]
2025-04-15 15:01:26,924 ERROR: Unhandled Exception: 'csrf_token' is undefined for request /signup [in C:\Users\drago\OneDrive\Pulpit\ALL\newest owl judge\app.py:2146]
Traceback (most recent call last):
  File "C:\Users\drago\AppData\Local\Programs\Python\Python313\Lib\site-packages\flask\app.py", line 917, in full_dispatch_request
    rv = self.dispatch_request()
  File "C:\Users\drago\AppData\Local\Programs\Python\Python313\Lib\site-packages\flask\app.py", line 902, in dispatch_request
    return self.ensure_sync(self.view_functions[rule.endpoint])(**view_args)  # type: ignore[no-any-return]
           ~~~~~~~~~~~~~~~~~~~~~~~~~~~~~~~~~~~~~~~~~~~~~~~~~~~~^^^^^^^^^^^^^
  File "C:\Users\drago\OneDrive\Pulpit\ALL\newest owl judge\app.py", line 410, in signup
    return render_template('signup.html')
  File "C:\Users\drago\AppData\Local\Programs\Python\Python313\Lib\site-packages\flask\templating.py", line 150, in render_template
    return _render(app, template, context)
  File "C:\Users\drago\AppData\Local\Programs\Python\Python313\Lib\site-packages\flask\templating.py", line 131, in _render
    rv = template.render(context)
  File "C:\Users\drago\AppData\Local\Programs\Python\Python313\Lib\site-packages\jinja2\environment.py", line 1295, in render
    self.environment.handle_exception()
    ~~~~~~~~~~~~~~~~~~~~~~~~~~~~~~~~~^^
  File "C:\Users\drago\AppData\Local\Programs\Python\Python313\Lib\site-packages\jinja2\environment.py", line 942, in handle_exception
    raise rewrite_traceback_stack(source=source)
  File "C:\Users\drago\OneDrive\Pulpit\ALL\newest owl judge\templates\signup.html", line 1, in top-level template code
    {% extends 'base.html' %}
  File "C:\Users\drago\OneDrive\Pulpit\ALL\newest owl judge\templates\base.html", line 522, in top-level template code
    {% block content %}{% endblock %}
    ^^^^^^^^^^^^^^^^
  File "C:\Users\drago\OneDrive\Pulpit\ALL\newest owl judge\templates\signup.html", line 376, in block 'content'
    // 'X-CSRFToken': '{{ csrf_token() }}' <--- Example if using WTF forms
    ^
  File "C:\Users\drago\AppData\Local\Programs\Python\Python313\Lib\site-packages\jinja2\utils.py", line 92, in from_obj
    if hasattr(obj, "jinja_pass_arg"):
       ~~~~~~~^^^^^^^^^^^^^^^^^^^^^^^
jinja2.exceptions.UndefinedError: 'csrf_token' is undefined
2025-04-15 15:01:26,938 INFO: Rolled back database session due to unhandled exception. [in C:\Users\drago\OneDrive\Pulpit\ALL\newest owl judge\app.py:2150]
2025-04-15 15:01:41,495 INFO: OwlJudge startup [in C:\Users\drago\OneDrive\Pulpit\ALL\newest owl judge\app.py:56]
2025-04-15 15:01:42,225 INFO: OwlJudge startup [in C:\Users\drago\OneDrive\Pulpit\ALL\newest owl judge\app.py:56]
2025-04-15 15:01:42,302 INFO: 404 Not Found: /favicon.ico [in C:\Users\drago\OneDrive\Pulpit\ALL\newest owl judge\app.py:2107]
2025-04-15 15:01:42,508 INFO: 404 Not Found: /favicon.ico [in C:\Users\drago\OneDrive\Pulpit\ALL\newest owl judge\app.py:2107]
2025-04-15 15:01:43,267 INFO: 404 Not Found: /favicon.ico [in C:\Users\drago\OneDrive\Pulpit\ALL\newest owl judge\app.py:2107]
2025-04-15 15:01:44,058 INFO: 404 Not Found: /favicon.ico [in C:\Users\drago\OneDrive\Pulpit\ALL\newest owl judge\app.py:2107]
2025-04-15 15:02:10,621 INFO: OwlJudge startup [in C:\Users\drago\OneDrive\Pulpit\ALL\newest owl judge\app.py:56]
2025-04-15 15:02:11,355 INFO: OwlJudge startup [in C:\Users\drago\OneDrive\Pulpit\ALL\newest owl judge\app.py:56]
2025-04-15 15:02:14,229 INFO: 404 Not Found: /favicon.ico [in C:\Users\drago\OneDrive\Pulpit\ALL\newest owl judge\app.py:2107]
2025-04-15 15:02:15,170 INFO: 404 Not Found: /favicon.ico [in C:\Users\drago\OneDrive\Pulpit\ALL\newest owl judge\app.py:2107]
2025-04-15 15:03:06,677 INFO: OwlJudge startup [in C:\Users\drago\OneDrive\Pulpit\ALL\newest owl judge\app.py:56]
2025-04-15 15:03:07,482 INFO: OwlJudge startup [in C:\Users\drago\OneDrive\Pulpit\ALL\newest owl judge\app.py:56]
2025-04-15 15:03:07,563 INFO: 404 Not Found: /favicon.ico [in C:\Users\drago\OneDrive\Pulpit\ALL\newest owl judge\app.py:2107]
2025-04-15 15:03:09,965 INFO: User login successful: judge@example.com (ID: 2) [in C:\Users\drago\OneDrive\Pulpit\ALL\newest owl judge\app.py:441]
2025-04-15 15:03:11,517 INFO: 404 Not Found: /favicon.ico [in C:\Users\drago\OneDrive\Pulpit\ALL\newest owl judge\app.py:2107]
2025-04-15 15:03:27,874 INFO: 404 Not Found: /static/images/avatar_judge.png [in C:\Users\drago\OneDrive\Pulpit\ALL\newest owl judge\app.py:2107]
2025-04-15 15:03:27,876 INFO: 404 Not Found: /static/images/avatar_student.png [in C:\Users\drago\OneDrive\Pulpit\ALL\newest owl judge\app.py:2107]
2025-04-15 15:03:27,877 INFO: 404 Not Found: /static/images/avatar_admin.png [in C:\Users\drago\OneDrive\Pulpit\ALL\newest owl judge\app.py:2107]
2025-04-15 15:03:27,879 INFO: 404 Not Found: /static/images/ksu_campus_blur.jpg [in C:\Users\drago\OneDrive\Pulpit\ALL\newest owl judge\app.py:2107]
2025-04-15 15:03:27,881 INFO: 404 Not Found: /static/images/ksu_campus_wide.jpg [in C:\Users\drago\OneDrive\Pulpit\ALL\newest owl judge\app.py:2107]
2025-04-15 15:03:27,907 INFO: 404 Not Found: /favicon.ico [in C:\Users\drago\OneDrive\Pulpit\ALL\newest owl judge\app.py:2107]
2025-04-15 15:03:36,878 INFO: 404 Not Found: /favicon.ico [in C:\Users\drago\OneDrive\Pulpit\ALL\newest owl judge\app.py:2107]
2025-04-15 15:04:16,323 INFO: OwlJudge startup [in C:\Users\drago\OneDrive\Pulpit\ALL\newest owl judge\app.py:56]
2025-04-15 15:04:17,157 INFO: OwlJudge startup [in C:\Users\drago\OneDrive\Pulpit\ALL\newest owl judge\app.py:56]
2025-04-15 15:04:17,221 ERROR: Unhandled Exception: Could not build url for endpoint 'request_admin_password_reset'. Did you mean 'reset_password_with_token' instead? for request /login [in C:\Users\drago\OneDrive\Pulpit\ALL\newest owl judge\app.py:2146]
Traceback (most recent call last):
  File "C:\Users\drago\AppData\Local\Programs\Python\Python313\Lib\site-packages\flask\app.py", line 917, in full_dispatch_request
    rv = self.dispatch_request()
  File "C:\Users\drago\AppData\Local\Programs\Python\Python313\Lib\site-packages\flask\app.py", line 902, in dispatch_request
    return self.ensure_sync(self.view_functions[rule.endpoint])(**view_args)  # type: ignore[no-any-return]
           ~~~~~~~~~~~~~~~~~~~~~~~~~~~~~~~~~~~~~~~~~~~~~~~~~~~~^^^^^^^^^^^^^
  File "C:\Users\drago\OneDrive\Pulpit\ALL\newest owl judge\app.py", line 462, in login
    return render_template('login.html')
  File "C:\Users\drago\AppData\Local\Programs\Python\Python313\Lib\site-packages\flask\templating.py", line 150, in render_template
    return _render(app, template, context)
  File "C:\Users\drago\AppData\Local\Programs\Python\Python313\Lib\site-packages\flask\templating.py", line 131, in _render
    rv = template.render(context)
  File "C:\Users\drago\AppData\Local\Programs\Python\Python313\Lib\site-packages\jinja2\environment.py", line 1295, in render
    self.environment.handle_exception()
    ~~~~~~~~~~~~~~~~~~~~~~~~~~~~~~~~~^^
  File "C:\Users\drago\AppData\Local\Programs\Python\Python313\Lib\site-packages\jinja2\environment.py", line 942, in handle_exception
    raise rewrite_traceback_stack(source=source)
  File "C:\Users\drago\OneDrive\Pulpit\ALL\newest owl judge\templates\login.html", line 1, in top-level template code
    {% extends 'base.html' %}
  File "C:\Users\drago\OneDrive\Pulpit\ALL\newest owl judge\templates\base.html", line 522, in top-level template code
    {% block content %}{% endblock %}
    ^^^^^^^^^^^^^^^^
  File "C:\Users\drago\OneDrive\Pulpit\ALL\newest owl judge\templates\login.html", line 424, in block 'content'
    // *** Example: const resetEndpoint = "{{ url_for('request_admin_password_reset') }}"; ***
    ^^^^^^^^^
  File "C:\Users\drago\AppData\Local\Programs\Python\Python313\Lib\site-packages\flask\app.py", line 1121, in url_for
    return self.handle_url_build_error(error, endpoint, values)
           ~~~~~~~~~~~~~~~~~~~~~~~~~~~^^^^^^^^^^^^^^^^^^^^^^^^^
  File "C:\Users\drago\AppData\Local\Programs\Python\Python313\Lib\site-packages\flask\app.py", line 1110, in url_for
    rv = url_adapter.build(  # type: ignore[union-attr]
        endpoint,
    ...<3 lines>...
        force_external=_external,
    )
  File "C:\Users\drago\AppData\Local\Programs\Python\Python313\Lib\site-packages\werkzeug\routing\map.py", line 924, in build
    raise BuildError(endpoint, values, method, self)
werkzeug.routing.exceptions.BuildError: Could not build url for endpoint 'request_admin_password_reset'. Did you mean 'reset_password_with_token' instead?
2025-04-15 15:04:17,224 INFO: Rolled back database session due to unhandled exception. [in C:\Users\drago\OneDrive\Pulpit\ALL\newest owl judge\app.py:2150]
2025-04-15 15:04:18,241 INFO: 404 Not Found: /favicon.ico [in C:\Users\drago\OneDrive\Pulpit\ALL\newest owl judge\app.py:2107]
2025-04-15 15:04:18,966 ERROR: Unhandled Exception: Could not build url for endpoint 'request_admin_password_reset'. Did you mean 'reset_password_with_token' instead? for request /login [in C:\Users\drago\OneDrive\Pulpit\ALL\newest owl judge\app.py:2146]
Traceback (most recent call last):
  File "C:\Users\drago\AppData\Local\Programs\Python\Python313\Lib\site-packages\flask\app.py", line 917, in full_dispatch_request
    rv = self.dispatch_request()
  File "C:\Users\drago\AppData\Local\Programs\Python\Python313\Lib\site-packages\flask\app.py", line 902, in dispatch_request
    return self.ensure_sync(self.view_functions[rule.endpoint])(**view_args)  # type: ignore[no-any-return]
           ~~~~~~~~~~~~~~~~~~~~~~~~~~~~~~~~~~~~~~~~~~~~~~~~~~~~^^^^^^^^^^^^^
  File "C:\Users\drago\OneDrive\Pulpit\ALL\newest owl judge\app.py", line 462, in login
    return render_template('login.html')
  File "C:\Users\drago\AppData\Local\Programs\Python\Python313\Lib\site-packages\flask\templating.py", line 150, in render_template
    return _render(app, template, context)
  File "C:\Users\drago\AppData\Local\Programs\Python\Python313\Lib\site-packages\flask\templating.py", line 131, in _render
    rv = template.render(context)
  File "C:\Users\drago\AppData\Local\Programs\Python\Python313\Lib\site-packages\jinja2\environment.py", line 1295, in render
    self.environment.handle_exception()
    ~~~~~~~~~~~~~~~~~~~~~~~~~~~~~~~~~^^
  File "C:\Users\drago\AppData\Local\Programs\Python\Python313\Lib\site-packages\jinja2\environment.py", line 942, in handle_exception
    raise rewrite_traceback_stack(source=source)
  File "C:\Users\drago\OneDrive\Pulpit\ALL\newest owl judge\templates\login.html", line 1, in top-level template code
    {% extends 'base.html' %}
  File "C:\Users\drago\OneDrive\Pulpit\ALL\newest owl judge\templates\base.html", line 522, in top-level template code
    {% block content %}{% endblock %}
    ^^^^^^^^^^^^^^^^
  File "C:\Users\drago\OneDrive\Pulpit\ALL\newest owl judge\templates\login.html", line 424, in block 'content'
    // *** Example: const resetEndpoint = "{{ url_for('request_admin_password_reset') }}"; ***
    ^^^^^^^^^
  File "C:\Users\drago\AppData\Local\Programs\Python\Python313\Lib\site-packages\flask\app.py", line 1121, in url_for
    return self.handle_url_build_error(error, endpoint, values)
           ~~~~~~~~~~~~~~~~~~~~~~~~~~~^^^^^^^^^^^^^^^^^^^^^^^^^
  File "C:\Users\drago\AppData\Local\Programs\Python\Python313\Lib\site-packages\flask\app.py", line 1110, in url_for
    rv = url_adapter.build(  # type: ignore[union-attr]
        endpoint,
    ...<3 lines>...
        force_external=_external,
    )
  File "C:\Users\drago\AppData\Local\Programs\Python\Python313\Lib\site-packages\werkzeug\routing\map.py", line 924, in build
    raise BuildError(endpoint, values, method, self)
werkzeug.routing.exceptions.BuildError: Could not build url for endpoint 'request_admin_password_reset'. Did you mean 'reset_password_with_token' instead?
2025-04-15 15:04:18,967 INFO: Rolled back database session due to unhandled exception. [in C:\Users\drago\OneDrive\Pulpit\ALL\newest owl judge\app.py:2150]
2025-04-15 15:04:19,820 INFO: 404 Not Found: /favicon.ico [in C:\Users\drago\OneDrive\Pulpit\ALL\newest owl judge\app.py:2107]
2025-04-15 15:04:21,238 INFO: 404 Not Found: /static/images/avatar_judge.png [in C:\Users\drago\OneDrive\Pulpit\ALL\newest owl judge\app.py:2107]
2025-04-15 15:04:21,240 INFO: 404 Not Found: /static/images/avatar_student.png [in C:\Users\drago\OneDrive\Pulpit\ALL\newest owl judge\app.py:2107]
2025-04-15 15:04:21,241 INFO: 404 Not Found: /static/images/avatar_admin.png [in C:\Users\drago\OneDrive\Pulpit\ALL\newest owl judge\app.py:2107]
2025-04-15 15:04:21,242 INFO: 404 Not Found: /static/images/ksu_campus_blur.jpg [in C:\Users\drago\OneDrive\Pulpit\ALL\newest owl judge\app.py:2107]
2025-04-15 15:04:21,244 INFO: 404 Not Found: /static/images/ksu_campus_wide.jpg [in C:\Users\drago\OneDrive\Pulpit\ALL\newest owl judge\app.py:2107]
2025-04-15 15:04:21,268 INFO: 404 Not Found: /favicon.ico [in C:\Users\drago\OneDrive\Pulpit\ALL\newest owl judge\app.py:2107]
2025-04-15 15:04:23,778 ERROR: Unhandled Exception: Could not build url for endpoint 'request_admin_password_reset'. Did you mean 'reset_password_with_token' instead? for request /login [in C:\Users\drago\OneDrive\Pulpit\ALL\newest owl judge\app.py:2146]
Traceback (most recent call last):
  File "C:\Users\drago\AppData\Local\Programs\Python\Python313\Lib\site-packages\flask\app.py", line 917, in full_dispatch_request
    rv = self.dispatch_request()
  File "C:\Users\drago\AppData\Local\Programs\Python\Python313\Lib\site-packages\flask\app.py", line 902, in dispatch_request
    return self.ensure_sync(self.view_functions[rule.endpoint])(**view_args)  # type: ignore[no-any-return]
           ~~~~~~~~~~~~~~~~~~~~~~~~~~~~~~~~~~~~~~~~~~~~~~~~~~~~^^^^^^^^^^^^^
  File "C:\Users\drago\OneDrive\Pulpit\ALL\newest owl judge\app.py", line 462, in login
    return render_template('login.html')
  File "C:\Users\drago\AppData\Local\Programs\Python\Python313\Lib\site-packages\flask\templating.py", line 150, in render_template
    return _render(app, template, context)
  File "C:\Users\drago\AppData\Local\Programs\Python\Python313\Lib\site-packages\flask\templating.py", line 131, in _render
    rv = template.render(context)
  File "C:\Users\drago\AppData\Local\Programs\Python\Python313\Lib\site-packages\jinja2\environment.py", line 1295, in render
    self.environment.handle_exception()
    ~~~~~~~~~~~~~~~~~~~~~~~~~~~~~~~~~^^
  File "C:\Users\drago\AppData\Local\Programs\Python\Python313\Lib\site-packages\jinja2\environment.py", line 942, in handle_exception
    raise rewrite_traceback_stack(source=source)
  File "C:\Users\drago\OneDrive\Pulpit\ALL\newest owl judge\templates\login.html", line 1, in top-level template code
    {% extends 'base.html' %}
  File "C:\Users\drago\OneDrive\Pulpit\ALL\newest owl judge\templates\base.html", line 522, in top-level template code
    {% block content %}{% endblock %}
    ^^^^^^^^^^^^^^^^
  File "C:\Users\drago\OneDrive\Pulpit\ALL\newest owl judge\templates\login.html", line 424, in block 'content'
    // *** Example: const resetEndpoint = "{{ url_for('request_admin_password_reset') }}"; ***
    ^^^^^^^^^
  File "C:\Users\drago\AppData\Local\Programs\Python\Python313\Lib\site-packages\flask\app.py", line 1121, in url_for
    return self.handle_url_build_error(error, endpoint, values)
           ~~~~~~~~~~~~~~~~~~~~~~~~~~~^^^^^^^^^^^^^^^^^^^^^^^^^
  File "C:\Users\drago\AppData\Local\Programs\Python\Python313\Lib\site-packages\flask\app.py", line 1110, in url_for
    rv = url_adapter.build(  # type: ignore[union-attr]
        endpoint,
    ...<3 lines>...
        force_external=_external,
    )
  File "C:\Users\drago\AppData\Local\Programs\Python\Python313\Lib\site-packages\werkzeug\routing\map.py", line 924, in build
    raise BuildError(endpoint, values, method, self)
werkzeug.routing.exceptions.BuildError: Could not build url for endpoint 'request_admin_password_reset'. Did you mean 'reset_password_with_token' instead?
2025-04-15 15:04:23,779 INFO: Rolled back database session due to unhandled exception. [in C:\Users\drago\OneDrive\Pulpit\ALL\newest owl judge\app.py:2150]
2025-04-15 15:04:27,468 INFO: OwlJudge startup [in C:\Users\drago\OneDrive\Pulpit\ALL\newest owl judge\app.py:56]
2025-04-15 15:04:28,253 INFO: OwlJudge startup [in C:\Users\drago\OneDrive\Pulpit\ALL\newest owl judge\app.py:56]
2025-04-15 15:04:29,033 ERROR: Unhandled Exception: Could not build url for endpoint 'request_admin_password_reset'. Did you mean 'reset_password_with_token' instead? for request /login [in C:\Users\drago\OneDrive\Pulpit\ALL\newest owl judge\app.py:2146]
Traceback (most recent call last):
  File "C:\Users\drago\AppData\Local\Programs\Python\Python313\Lib\site-packages\flask\app.py", line 917, in full_dispatch_request
    rv = self.dispatch_request()
  File "C:\Users\drago\AppData\Local\Programs\Python\Python313\Lib\site-packages\flask\app.py", line 902, in dispatch_request
    return self.ensure_sync(self.view_functions[rule.endpoint])(**view_args)  # type: ignore[no-any-return]
           ~~~~~~~~~~~~~~~~~~~~~~~~~~~~~~~~~~~~~~~~~~~~~~~~~~~~^^^^^^^^^^^^^
  File "C:\Users\drago\OneDrive\Pulpit\ALL\newest owl judge\app.py", line 462, in login
    return render_template('login.html')
  File "C:\Users\drago\AppData\Local\Programs\Python\Python313\Lib\site-packages\flask\templating.py", line 150, in render_template
    return _render(app, template, context)
  File "C:\Users\drago\AppData\Local\Programs\Python\Python313\Lib\site-packages\flask\templating.py", line 131, in _render
    rv = template.render(context)
  File "C:\Users\drago\AppData\Local\Programs\Python\Python313\Lib\site-packages\jinja2\environment.py", line 1295, in render
    self.environment.handle_exception()
    ~~~~~~~~~~~~~~~~~~~~~~~~~~~~~~~~~^^
  File "C:\Users\drago\AppData\Local\Programs\Python\Python313\Lib\site-packages\jinja2\environment.py", line 942, in handle_exception
    raise rewrite_traceback_stack(source=source)
  File "C:\Users\drago\OneDrive\Pulpit\ALL\newest owl judge\templates\login.html", line 1, in top-level template code
    {% extends 'base.html' %}
  File "C:\Users\drago\OneDrive\Pulpit\ALL\newest owl judge\templates\base.html", line 522, in top-level template code
    {% block content %}{% endblock %}
    ^^^^^^^^^^^^^^^^
  File "C:\Users\drago\OneDrive\Pulpit\ALL\newest owl judge\templates\login.html", line 424, in block 'content'
    // *** Example: const resetEndpoint = "{{ url_for('request_admin_password_reset') }}"; ***
    ^^^^^^^^^
  File "C:\Users\drago\AppData\Local\Programs\Python\Python313\Lib\site-packages\flask\app.py", line 1121, in url_for
    return self.handle_url_build_error(error, endpoint, values)
           ~~~~~~~~~~~~~~~~~~~~~~~~~~~^^^^^^^^^^^^^^^^^^^^^^^^^
  File "C:\Users\drago\AppData\Local\Programs\Python\Python313\Lib\site-packages\flask\app.py", line 1110, in url_for
    rv = url_adapter.build(  # type: ignore[union-attr]
        endpoint,
    ...<3 lines>...
        force_external=_external,
    )
  File "C:\Users\drago\AppData\Local\Programs\Python\Python313\Lib\site-packages\werkzeug\routing\map.py", line 924, in build
    raise BuildError(endpoint, values, method, self)
werkzeug.routing.exceptions.BuildError: Could not build url for endpoint 'request_admin_password_reset'. Did you mean 'reset_password_with_token' instead?
2025-04-15 15:04:29,036 INFO: Rolled back database session due to unhandled exception. [in C:\Users\drago\OneDrive\Pulpit\ALL\newest owl judge\app.py:2150]
2025-04-15 15:05:44,797 INFO: OwlJudge startup [in C:\Users\drago\OneDrive\Pulpit\ALL\newest owl judge\app.py:56]
2025-04-15 15:05:45,566 INFO: OwlJudge startup [in C:\Users\drago\OneDrive\Pulpit\ALL\newest owl judge\app.py:56]
2025-04-15 15:05:45,647 INFO: 404 Not Found: /favicon.ico [in C:\Users\drago\OneDrive\Pulpit\ALL\newest owl judge\app.py:2107]
2025-04-15 15:05:48,922 INFO: User login successful: judge@example.com (ID: 2) [in C:\Users\drago\OneDrive\Pulpit\ALL\newest owl judge\app.py:441]
2025-04-15 15:05:50,484 INFO: 404 Not Found: /favicon.ico [in C:\Users\drago\OneDrive\Pulpit\ALL\newest owl judge\app.py:2107]
2025-04-15 15:05:51,822 INFO: 404 Not Found: /favicon.ico [in C:\Users\drago\OneDrive\Pulpit\ALL\newest owl judge\app.py:2107]
2025-04-15 15:05:52,862 INFO: 404 Not Found: /static/images/avatar_judge.png [in C:\Users\drago\OneDrive\Pulpit\ALL\newest owl judge\app.py:2107]
2025-04-15 15:05:52,863 INFO: 404 Not Found: /static/images/avatar_admin.png [in C:\Users\drago\OneDrive\Pulpit\ALL\newest owl judge\app.py:2107]
2025-04-15 15:05:52,865 INFO: 404 Not Found: /static/images/ksu_campus_blur.jpg [in C:\Users\drago\OneDrive\Pulpit\ALL\newest owl judge\app.py:2107]
2025-04-15 15:05:52,867 INFO: 404 Not Found: /static/images/ksu_campus_wide.jpg [in C:\Users\drago\OneDrive\Pulpit\ALL\newest owl judge\app.py:2107]
2025-04-15 15:05:52,868 INFO: 404 Not Found: /static/images/avatar_student.png [in C:\Users\drago\OneDrive\Pulpit\ALL\newest owl judge\app.py:2107]
2025-04-15 15:05:52,897 INFO: 404 Not Found: /favicon.ico [in C:\Users\drago\OneDrive\Pulpit\ALL\newest owl judge\app.py:2107]
2025-04-15 15:05:54,047 INFO: User logout successful: judge@example.com (ID: 2) [in C:\Users\drago\OneDrive\Pulpit\ALL\newest owl judge\app.py:472]
2025-04-15 15:05:54,069 INFO: 404 Not Found: /static/images/avatar_judge.png [in C:\Users\drago\OneDrive\Pulpit\ALL\newest owl judge\app.py:2107]
2025-04-15 15:05:54,070 INFO: 404 Not Found: /static/images/avatar_student.png [in C:\Users\drago\OneDrive\Pulpit\ALL\newest owl judge\app.py:2107]
2025-04-15 15:05:54,071 INFO: 404 Not Found: /static/images/avatar_admin.png [in C:\Users\drago\OneDrive\Pulpit\ALL\newest owl judge\app.py:2107]
2025-04-15 15:05:54,074 INFO: 404 Not Found: /static/images/ksu_campus_blur.jpg [in C:\Users\drago\OneDrive\Pulpit\ALL\newest owl judge\app.py:2107]
2025-04-15 15:05:54,077 INFO: 404 Not Found: /static/images/ksu_campus_wide.jpg [in C:\Users\drago\OneDrive\Pulpit\ALL\newest owl judge\app.py:2107]
2025-04-15 15:05:54,101 INFO: 404 Not Found: /favicon.ico [in C:\Users\drago\OneDrive\Pulpit\ALL\newest owl judge\app.py:2107]
2025-04-15 15:05:55,089 INFO: 404 Not Found: /favicon.ico [in C:\Users\drago\OneDrive\Pulpit\ALL\newest owl judge\app.py:2107]
2025-04-15 15:06:02,865 INFO: 404 Not Found: /request_admin_password_reset [in C:\Users\drago\OneDrive\Pulpit\ALL\newest owl judge\app.py:2107]
2025-04-15 15:07:48,364 INFO: 404 Not Found: /favicon.ico [in C:\Users\drago\OneDrive\Pulpit\ALL\newest owl judge\app.py:2107]
2025-04-15 15:07:50,480 INFO: User login successful: judge@example.com (ID: 2) [in C:\Users\drago\OneDrive\Pulpit\ALL\newest owl judge\app.py:441]
2025-04-15 15:07:52,041 INFO: 404 Not Found: /favicon.ico [in C:\Users\drago\OneDrive\Pulpit\ALL\newest owl judge\app.py:2107]
2025-04-15 15:10:39,790 INFO: OwlJudge startup [in C:\Users\drago\OneDrive\Pulpit\ALL\newest owl judge\app.py:56]
2025-04-15 15:10:40,581 INFO: OwlJudge startup [in C:\Users\drago\OneDrive\Pulpit\ALL\newest owl judge\app.py:56]
2025-04-15 15:10:41,060 INFO: 404 Not Found: /favicon.ico [in C:\Users\drago\OneDrive\Pulpit\ALL\newest owl judge\app.py:2107]
2025-04-15 15:10:42,070 INFO: 404 Not Found: /favicon.ico [in C:\Users\drago\OneDrive\Pulpit\ALL\newest owl judge\app.py:2107]
2025-04-15 15:11:12,538 INFO: OwlJudge startup configured. [in C:\Users\drago\OneDrive\Pulpit\ALL\newest owl judge\app.py:70]
2025-04-15 15:11:12,555 INFO: Initializing database... [in C:\Users\drago\OneDrive\Pulpit\ALL\newest owl judge\app.py:2353]
2025-04-15 15:11:12,556 INFO: Database tables created/verified. [in C:\Users\drago\OneDrive\Pulpit\ALL\newest owl judge\app.py:2357]
2025-04-15 15:11:12,556 INFO: Checking/Creating test data... [in C:\Users\drago\OneDrive\Pulpit\ALL\newest owl judge\app.py:2264]
2025-04-15 15:11:12,563 INFO: No new test data needed. [in C:\Users\drago\OneDrive\Pulpit\ALL\newest owl judge\app.py:2337]
2025-04-15 15:11:12,563 INFO: -------------------- [in C:\Users\drago\OneDrive\Pulpit\ALL\newest owl judge\app.py:2344]
2025-04-15 15:11:12,563 INFO: Starting Flask server on http://127.0.0.1:5000 (Debug: True) [in C:\Users\drago\OneDrive\Pulpit\ALL\newest owl judge\app.py:2381]
2025-04-15 15:11:37,464 INFO: OwlJudge startup configured. [in C:\Users\drago\OneDrive\Pulpit\ALL\newest owl judge\app.py:70]
2025-04-15 15:11:37,482 INFO: Initializing database... [in C:\Users\drago\OneDrive\Pulpit\ALL\newest owl judge\app.py:2353]
2025-04-15 15:11:37,483 INFO: Database tables created/verified. [in C:\Users\drago\OneDrive\Pulpit\ALL\newest owl judge\app.py:2357]
2025-04-15 15:11:37,483 INFO: Checking/Creating test data... [in C:\Users\drago\OneDrive\Pulpit\ALL\newest owl judge\app.py:2264]
2025-04-15 15:11:37,490 INFO: No new test data needed. [in C:\Users\drago\OneDrive\Pulpit\ALL\newest owl judge\app.py:2337]
2025-04-15 15:11:37,490 INFO: -------------------- [in C:\Users\drago\OneDrive\Pulpit\ALL\newest owl judge\app.py:2344]
2025-04-15 15:11:37,491 INFO: Starting Flask server on http://127.0.0.1:5000 (Debug: True) [in C:\Users\drago\OneDrive\Pulpit\ALL\newest owl judge\app.py:2381]
2025-04-15 15:11:38,114 INFO: OwlJudge startup configured. [in C:\Users\drago\OneDrive\Pulpit\ALL\newest owl judge\app.py:70]
2025-04-15 15:11:38,130 INFO: Initializing database... [in C:\Users\drago\OneDrive\Pulpit\ALL\newest owl judge\app.py:2353]
2025-04-15 15:11:38,131 INFO: Database tables created/verified. [in C:\Users\drago\OneDrive\Pulpit\ALL\newest owl judge\app.py:2357]
2025-04-15 15:11:38,131 INFO: Checking/Creating test data... [in C:\Users\drago\OneDrive\Pulpit\ALL\newest owl judge\app.py:2264]
2025-04-15 15:11:38,138 INFO: No new test data needed. [in C:\Users\drago\OneDrive\Pulpit\ALL\newest owl judge\app.py:2337]
2025-04-15 15:11:38,138 INFO: -------------------- [in C:\Users\drago\OneDrive\Pulpit\ALL\newest owl judge\app.py:2344]
2025-04-15 15:11:38,138 INFO: Starting Flask server on http://127.0.0.1:5000 (Debug: True) [in C:\Users\drago\OneDrive\Pulpit\ALL\newest owl judge\app.py:2381]
2025-04-15 15:11:38,305 INFO: 404 Not Found: /favicon.ico (Referrer: http://127.0.0.1:5000/signup) [in C:\Users\drago\OneDrive\Pulpit\ALL\newest owl judge\app.py:2213]
2025-04-15 15:11:47,325 INFO: 404 Not Found: /favicon.ico (Referrer: http://127.0.0.1:5000/signup) [in C:\Users\drago\OneDrive\Pulpit\ALL\newest owl judge\app.py:2213]
2025-04-15 15:12:01,379 INFO: OwlJudge startup configured. [in C:\Users\drago\OneDrive\Pulpit\ALL\newest owl judge\app.py:70]
2025-04-15 15:12:01,397 INFO: Initializing database... [in C:\Users\drago\OneDrive\Pulpit\ALL\newest owl judge\app.py:2353]
2025-04-15 15:12:01,398 INFO: Database tables created/verified. [in C:\Users\drago\OneDrive\Pulpit\ALL\newest owl judge\app.py:2357]
2025-04-15 15:12:01,398 INFO: Checking/Creating test data... [in C:\Users\drago\OneDrive\Pulpit\ALL\newest owl judge\app.py:2264]
2025-04-15 15:12:01,405 INFO: No new test data needed. [in C:\Users\drago\OneDrive\Pulpit\ALL\newest owl judge\app.py:2337]
2025-04-15 15:12:01,405 INFO: -------------------- [in C:\Users\drago\OneDrive\Pulpit\ALL\newest owl judge\app.py:2344]
2025-04-15 15:12:01,405 INFO: Starting Flask server on http://127.0.0.1:5000 (Debug: True) [in C:\Users\drago\OneDrive\Pulpit\ALL\newest owl judge\app.py:2381]
2025-04-15 15:12:02,057 INFO: OwlJudge startup configured. [in C:\Users\drago\OneDrive\Pulpit\ALL\newest owl judge\app.py:70]
2025-04-15 15:12:02,073 INFO: Initializing database... [in C:\Users\drago\OneDrive\Pulpit\ALL\newest owl judge\app.py:2353]
2025-04-15 15:12:02,074 INFO: Database tables created/verified. [in C:\Users\drago\OneDrive\Pulpit\ALL\newest owl judge\app.py:2357]
2025-04-15 15:12:02,074 INFO: Checking/Creating test data... [in C:\Users\drago\OneDrive\Pulpit\ALL\newest owl judge\app.py:2264]
2025-04-15 15:12:02,081 INFO: No new test data needed. [in C:\Users\drago\OneDrive\Pulpit\ALL\newest owl judge\app.py:2337]
2025-04-15 15:12:02,081 INFO: -------------------- [in C:\Users\drago\OneDrive\Pulpit\ALL\newest owl judge\app.py:2344]
2025-04-15 15:12:02,081 INFO: Starting Flask server on http://127.0.0.1:5000 (Debug: True) [in C:\Users\drago\OneDrive\Pulpit\ALL\newest owl judge\app.py:2381]
2025-04-15 15:12:02,129 INFO: 404 Not Found: /favicon.ico (Referrer: http://127.0.0.1:5000/signup) [in C:\Users\drago\OneDrive\Pulpit\ALL\newest owl judge\app.py:2213]
2025-04-15 15:12:09,644 WARNING: Signup attempt failed: Request content type was not JSON. [in C:\Users\drago\OneDrive\Pulpit\ALL\newest owl judge\app.py:391]
2025-04-15 15:13:33,414 INFO: OwlJudge startup configured. [in C:\Users\drago\OneDrive\Pulpit\ALL\newest owl judge\app.py:70]
2025-04-15 15:13:33,443 INFO: Initializing database... [in C:\Users\drago\OneDrive\Pulpit\ALL\newest owl judge\app.py:2345]
2025-04-15 15:13:33,445 INFO: Database tables created/verified. [in C:\Users\drago\OneDrive\Pulpit\ALL\newest owl judge\app.py:2349]
2025-04-15 15:13:33,445 INFO: Checking/Creating test data... [in C:\Users\drago\OneDrive\Pulpit\ALL\newest owl judge\app.py:2256]
2025-04-15 15:13:33,456 INFO: No new test data needed. [in C:\Users\drago\OneDrive\Pulpit\ALL\newest owl judge\app.py:2329]
2025-04-15 15:13:33,456 INFO: -------------------- [in C:\Users\drago\OneDrive\Pulpit\ALL\newest owl judge\app.py:2336]
2025-04-15 15:13:33,456 INFO: Starting Flask server on http://127.0.0.1:5000 (Debug: True) [in C:\Users\drago\OneDrive\Pulpit\ALL\newest owl judge\app.py:2373]
2025-04-15 15:13:34,321 INFO: OwlJudge startup configured. [in C:\Users\drago\OneDrive\Pulpit\ALL\newest owl judge\app.py:70]
2025-04-15 15:13:34,340 INFO: Initializing database... [in C:\Users\drago\OneDrive\Pulpit\ALL\newest owl judge\app.py:2345]
2025-04-15 15:13:34,341 INFO: Database tables created/verified. [in C:\Users\drago\OneDrive\Pulpit\ALL\newest owl judge\app.py:2349]
2025-04-15 15:13:34,341 INFO: Checking/Creating test data... [in C:\Users\drago\OneDrive\Pulpit\ALL\newest owl judge\app.py:2256]
2025-04-15 15:13:34,348 INFO: No new test data needed. [in C:\Users\drago\OneDrive\Pulpit\ALL\newest owl judge\app.py:2329]
2025-04-15 15:13:34,349 INFO: -------------------- [in C:\Users\drago\OneDrive\Pulpit\ALL\newest owl judge\app.py:2336]
2025-04-15 15:13:34,349 INFO: Starting Flask server on http://127.0.0.1:5000 (Debug: True) [in C:\Users\drago\OneDrive\Pulpit\ALL\newest owl judge\app.py:2373]
2025-04-15 15:13:34,418 INFO: 404 Not Found: /favicon.ico (Referrer: http://127.0.0.1:5000/login) [in C:\Users\drago\OneDrive\Pulpit\ALL\newest owl judge\app.py:2205]
2025-04-15 15:13:36,793 INFO: User login successful: judge@example.com (ID: 2) [in C:\Users\drago\OneDrive\Pulpit\ALL\newest owl judge\app.py:494]
2025-04-15 15:13:38,348 INFO: 404 Not Found: /favicon.ico (Referrer: http://127.0.0.1:5000/vote) [in C:\Users\drago\OneDrive\Pulpit\ALL\newest owl judge\app.py:2205]
2025-04-15 15:14:13,806 INFO: OwlJudge startup configured. [in C:\Users\drago\OneDrive\Pulpit\ALL\newest owl judge\app.py:70]
2025-04-15 15:14:13,824 INFO: Initializing database... [in C:\Users\drago\OneDrive\Pulpit\ALL\newest owl judge\app.py:2345]
2025-04-15 15:14:13,825 INFO: Database tables created/verified. [in C:\Users\drago\OneDrive\Pulpit\ALL\newest owl judge\app.py:2349]
2025-04-15 15:14:13,825 INFO: Checking/Creating test data... [in C:\Users\drago\OneDrive\Pulpit\ALL\newest owl judge\app.py:2256]
2025-04-15 15:14:13,833 INFO: No new test data needed. [in C:\Users\drago\OneDrive\Pulpit\ALL\newest owl judge\app.py:2329]
2025-04-15 15:14:13,833 INFO: -------------------- [in C:\Users\drago\OneDrive\Pulpit\ALL\newest owl judge\app.py:2336]
2025-04-15 15:14:13,833 INFO: Starting Flask server on http://127.0.0.1:5000 (Debug: True) [in C:\Users\drago\OneDrive\Pulpit\ALL\newest owl judge\app.py:2373]
2025-04-15 15:14:14,481 INFO: OwlJudge startup configured. [in C:\Users\drago\OneDrive\Pulpit\ALL\newest owl judge\app.py:70]
2025-04-15 15:14:14,498 INFO: Initializing database... [in C:\Users\drago\OneDrive\Pulpit\ALL\newest owl judge\app.py:2345]
2025-04-15 15:14:14,499 INFO: Database tables created/verified. [in C:\Users\drago\OneDrive\Pulpit\ALL\newest owl judge\app.py:2349]
2025-04-15 15:14:14,499 INFO: Checking/Creating test data... [in C:\Users\drago\OneDrive\Pulpit\ALL\newest owl judge\app.py:2256]
2025-04-15 15:14:14,506 INFO: No new test data needed. [in C:\Users\drago\OneDrive\Pulpit\ALL\newest owl judge\app.py:2329]
2025-04-15 15:14:14,506 INFO: -------------------- [in C:\Users\drago\OneDrive\Pulpit\ALL\newest owl judge\app.py:2336]
2025-04-15 15:14:14,506 INFO: Starting Flask server on http://127.0.0.1:5000 (Debug: True) [in C:\Users\drago\OneDrive\Pulpit\ALL\newest owl judge\app.py:2373]
2025-04-15 15:14:16,165 INFO: 404 Not Found: /favicon.ico (Referrer: http://127.0.0.1:5000/login) [in C:\Users\drago\OneDrive\Pulpit\ALL\newest owl judge\app.py:2205]
2025-04-15 15:14:16,987 INFO: 404 Not Found: /favicon.ico (Referrer: http://127.0.0.1:5000/login) [in C:\Users\drago\OneDrive\Pulpit\ALL\newest owl judge\app.py:2205]
2025-04-15 15:14:19,704 INFO: User login successful: judge@example.com (ID: 2) [in C:\Users\drago\OneDrive\Pulpit\ALL\newest owl judge\app.py:494]
2025-04-15 15:14:21,253 INFO: 404 Not Found: /favicon.ico (Referrer: http://127.0.0.1:5000/vote) [in C:\Users\drago\OneDrive\Pulpit\ALL\newest owl judge\app.py:2205]
2025-04-15 15:14:25,391 INFO: Judge 2 updated votes for project 1 (Added: 0, Updated: 1) [in C:\Users\drago\OneDrive\Pulpit\ALL\newest owl judge\app.py:941]
2025-04-15 15:14:26,895 INFO: 404 Not Found: /favicon.ico (Referrer: http://127.0.0.1:5000/vote) [in C:\Users\drago\OneDrive\Pulpit\ALL\newest owl judge\app.py:2205]
2025-04-15 15:14:29,050 INFO: User logout successful: judge@example.com (ID: 2) [in C:\Users\drago\OneDrive\Pulpit\ALL\newest owl judge\app.py:525]
2025-04-15 15:14:29,082 INFO: 404 Not Found: /static/images/avatar_judge.png (Referrer: http://127.0.0.1:5000/) [in C:\Users\drago\OneDrive\Pulpit\ALL\newest owl judge\app.py:2205]
2025-04-15 15:14:29,082 INFO: 404 Not Found: /static/images/avatar_student.png (Referrer: http://127.0.0.1:5000/) [in C:\Users\drago\OneDrive\Pulpit\ALL\newest owl judge\app.py:2205]
2025-04-15 15:14:29,084 INFO: 404 Not Found: /static/images/avatar_admin.png (Referrer: http://127.0.0.1:5000/) [in C:\Users\drago\OneDrive\Pulpit\ALL\newest owl judge\app.py:2205]
2025-04-15 15:14:29,084 INFO: 404 Not Found: /static/images/ksu_campus_blur.jpg (Referrer: http://127.0.0.1:5000/) [in C:\Users\drago\OneDrive\Pulpit\ALL\newest owl judge\app.py:2205]
2025-04-15 15:14:29,087 INFO: 404 Not Found: /static/images/ksu_campus_wide.jpg (Referrer: http://127.0.0.1:5000/) [in C:\Users\drago\OneDrive\Pulpit\ALL\newest owl judge\app.py:2205]
2025-04-15 15:14:29,120 INFO: 404 Not Found: /favicon.ico (Referrer: http://127.0.0.1:5000/) [in C:\Users\drago\OneDrive\Pulpit\ALL\newest owl judge\app.py:2205]
2025-04-15 15:14:29,578 INFO: 404 Not Found: /favicon.ico (Referrer: http://127.0.0.1:5000/login) [in C:\Users\drago\OneDrive\Pulpit\ALL\newest owl judge\app.py:2205]
2025-04-15 15:14:32,654 WARNING: Failed login attempt for email: adminmail@example.com [in C:\Users\drago\OneDrive\Pulpit\ALL\newest owl judge\app.py:510]
2025-04-15 15:14:38,869 INFO: User login successful: admin@example.com (ID: 1) [in C:\Users\drago\OneDrive\Pulpit\ALL\newest owl judge\app.py:494]
2025-04-15 15:14:40,475 INFO: 404 Not Found: /favicon.ico (Referrer: http://127.0.0.1:5000/admin/dashboard) [in C:\Users\drago\OneDrive\Pulpit\ALL\newest owl judge\app.py:2205]
2025-04-15 15:15:48,025 INFO: User logout successful: admin@example.com (ID: 1) [in C:\Users\drago\OneDrive\Pulpit\ALL\newest owl judge\app.py:525]
2025-04-15 15:15:48,049 INFO: 404 Not Found: /static/images/avatar_judge.png (Referrer: http://127.0.0.1:5000/) [in C:\Users\drago\OneDrive\Pulpit\ALL\newest owl judge\app.py:2205]
2025-04-15 15:15:48,050 INFO: 404 Not Found: /static/images/avatar_student.png (Referrer: http://127.0.0.1:5000/) [in C:\Users\drago\OneDrive\Pulpit\ALL\newest owl judge\app.py:2205]
2025-04-15 15:15:48,051 INFO: 404 Not Found: /static/images/avatar_admin.png (Referrer: http://127.0.0.1:5000/) [in C:\Users\drago\OneDrive\Pulpit\ALL\newest owl judge\app.py:2205]
2025-04-15 15:15:48,052 INFO: 404 Not Found: /static/images/ksu_campus_blur.jpg (Referrer: http://127.0.0.1:5000/) [in C:\Users\drago\OneDrive\Pulpit\ALL\newest owl judge\app.py:2205]
2025-04-15 15:15:48,053 INFO: 404 Not Found: /static/images/ksu_campus_wide.jpg (Referrer: http://127.0.0.1:5000/) [in C:\Users\drago\OneDrive\Pulpit\ALL\newest owl judge\app.py:2205]
2025-04-15 15:15:48,083 INFO: 404 Not Found: /favicon.ico (Referrer: http://127.0.0.1:5000/) [in C:\Users\drago\OneDrive\Pulpit\ALL\newest owl judge\app.py:2205]
2025-04-15 15:15:52,416 INFO: OwlJudge startup configured. [in C:\Users\drago\OneDrive\Pulpit\ALL\newest owl judge\app.py:70]
2025-04-15 15:15:52,435 INFO: Initializing database... [in C:\Users\drago\OneDrive\Pulpit\ALL\newest owl judge\app.py:2345]
2025-04-15 15:15:52,436 INFO: Database tables created/verified. [in C:\Users\drago\OneDrive\Pulpit\ALL\newest owl judge\app.py:2349]
2025-04-15 15:15:52,436 INFO: Checking/Creating test data... [in C:\Users\drago\OneDrive\Pulpit\ALL\newest owl judge\app.py:2256]
2025-04-15 15:15:52,443 INFO: No new test data needed. [in C:\Users\drago\OneDrive\Pulpit\ALL\newest owl judge\app.py:2329]
2025-04-15 15:15:52,443 INFO: -------------------- [in C:\Users\drago\OneDrive\Pulpit\ALL\newest owl judge\app.py:2336]
2025-04-15 15:15:52,443 INFO: Starting Flask server on http://127.0.0.1:5000 (Debug: True) [in C:\Users\drago\OneDrive\Pulpit\ALL\newest owl judge\app.py:2373]
2025-04-15 15:15:53,138 INFO: OwlJudge startup configured. [in C:\Users\drago\OneDrive\Pulpit\ALL\newest owl judge\app.py:70]
2025-04-15 15:15:53,155 INFO: Initializing database... [in C:\Users\drago\OneDrive\Pulpit\ALL\newest owl judge\app.py:2345]
2025-04-15 15:15:53,156 INFO: Database tables created/verified. [in C:\Users\drago\OneDrive\Pulpit\ALL\newest owl judge\app.py:2349]
2025-04-15 15:15:53,156 INFO: Checking/Creating test data... [in C:\Users\drago\OneDrive\Pulpit\ALL\newest owl judge\app.py:2256]
2025-04-15 15:15:53,163 INFO: No new test data needed. [in C:\Users\drago\OneDrive\Pulpit\ALL\newest owl judge\app.py:2329]
2025-04-15 15:15:53,163 INFO: -------------------- [in C:\Users\drago\OneDrive\Pulpit\ALL\newest owl judge\app.py:2336]
2025-04-15 15:15:53,163 INFO: Starting Flask server on http://127.0.0.1:5000 (Debug: True) [in C:\Users\drago\OneDrive\Pulpit\ALL\newest owl judge\app.py:2373]
2025-04-15 15:15:53,218 INFO: 404 Not Found: /favicon.ico (Referrer: http://127.0.0.1:5000/signup) [in C:\Users\drago\OneDrive\Pulpit\ALL\newest owl judge\app.py:2205]
2025-04-15 15:18:15,093 INFO: OwlJudge startup configured. [in C:\Users\drago\OneDrive\Pulpit\ALL\newest owl judge\app.py:70]
2025-04-15 15:18:15,111 INFO: Initializing database... [in C:\Users\drago\OneDrive\Pulpit\ALL\newest owl judge\app.py:2345]
2025-04-15 15:18:15,113 INFO: Database tables created/verified. [in C:\Users\drago\OneDrive\Pulpit\ALL\newest owl judge\app.py:2349]
2025-04-15 15:18:15,113 INFO: Checking/Creating test data... [in C:\Users\drago\OneDrive\Pulpit\ALL\newest owl judge\app.py:2256]
2025-04-15 15:18:15,120 INFO: No new test data needed. [in C:\Users\drago\OneDrive\Pulpit\ALL\newest owl judge\app.py:2329]
2025-04-15 15:18:15,120 INFO: -------------------- [in C:\Users\drago\OneDrive\Pulpit\ALL\newest owl judge\app.py:2336]
2025-04-15 15:18:15,120 INFO: Starting Flask server on http://127.0.0.1:5000 (Debug: True) [in C:\Users\drago\OneDrive\Pulpit\ALL\newest owl judge\app.py:2373]
2025-04-15 15:18:15,807 INFO: OwlJudge startup configured. [in C:\Users\drago\OneDrive\Pulpit\ALL\newest owl judge\app.py:70]
2025-04-15 15:18:15,825 INFO: Initializing database... [in C:\Users\drago\OneDrive\Pulpit\ALL\newest owl judge\app.py:2345]
2025-04-15 15:18:15,826 INFO: Database tables created/verified. [in C:\Users\drago\OneDrive\Pulpit\ALL\newest owl judge\app.py:2349]
2025-04-15 15:18:15,826 INFO: Checking/Creating test data... [in C:\Users\drago\OneDrive\Pulpit\ALL\newest owl judge\app.py:2256]
2025-04-15 15:18:15,833 INFO: No new test data needed. [in C:\Users\drago\OneDrive\Pulpit\ALL\newest owl judge\app.py:2329]
2025-04-15 15:18:15,833 INFO: -------------------- [in C:\Users\drago\OneDrive\Pulpit\ALL\newest owl judge\app.py:2336]
2025-04-15 15:18:15,833 INFO: Starting Flask server on http://127.0.0.1:5000 (Debug: True) [in C:\Users\drago\OneDrive\Pulpit\ALL\newest owl judge\app.py:2373]
2025-04-15 15:18:15,927 INFO: 404 Not Found: /favicon.ico (Referrer: http://127.0.0.1:5000/signup) [in C:\Users\drago\OneDrive\Pulpit\ALL\newest owl judge\app.py:2205]
2025-04-15 15:18:24,741 INFO: New user signup successful: mrzepka@students.kennesaw.edu (ID: 5) [in C:\Users\drago\OneDrive\Pulpit\ALL\newest owl judge\app.py:439]
2025-04-15 15:18:26,286 INFO: 404 Not Found: /favicon.ico (Referrer: http://127.0.0.1:5000/login) [in C:\Users\drago\OneDrive\Pulpit\ALL\newest owl judge\app.py:2205]
2025-04-15 15:18:31,904 INFO: User login successful: mrzepka@students.kennesaw.edu (ID: 5) [in C:\Users\drago\OneDrive\Pulpit\ALL\newest owl judge\app.py:494]
2025-04-15 15:18:33,457 INFO: 404 Not Found: /static/images/avatar_judge.png (Referrer: http://127.0.0.1:5000/) [in C:\Users\drago\OneDrive\Pulpit\ALL\newest owl judge\app.py:2205]
2025-04-15 15:18:33,458 INFO: 404 Not Found: /static/images/avatar_student.png (Referrer: http://127.0.0.1:5000/) [in C:\Users\drago\OneDrive\Pulpit\ALL\newest owl judge\app.py:2205]
2025-04-15 15:18:33,459 INFO: 404 Not Found: /static/images/avatar_admin.png (Referrer: http://127.0.0.1:5000/) [in C:\Users\drago\OneDrive\Pulpit\ALL\newest owl judge\app.py:2205]
2025-04-15 15:18:33,461 INFO: 404 Not Found: /static/images/ksu_campus_blur.jpg (Referrer: http://127.0.0.1:5000/) [in C:\Users\drago\OneDrive\Pulpit\ALL\newest owl judge\app.py:2205]
2025-04-15 15:18:33,461 INFO: 404 Not Found: /static/images/ksu_campus_wide.jpg (Referrer: http://127.0.0.1:5000/) [in C:\Users\drago\OneDrive\Pulpit\ALL\newest owl judge\app.py:2205]
2025-04-15 15:18:33,496 INFO: 404 Not Found: /favicon.ico (Referrer: http://127.0.0.1:5000/) [in C:\Users\drago\OneDrive\Pulpit\ALL\newest owl judge\app.py:2205]
2025-04-15 15:18:39,809 INFO: 404 Not Found: /favicon.ico (Referrer: http://127.0.0.1:5000/profile) [in C:\Users\drago\OneDrive\Pulpit\ALL\newest owl judge\app.py:2205]
2025-04-15 15:19:02,659 INFO: User logout successful: mrzepka@students.kennesaw.edu (ID: 5) [in C:\Users\drago\OneDrive\Pulpit\ALL\newest owl judge\app.py:525]
2025-04-15 15:19:02,683 INFO: 404 Not Found: /static/images/avatar_judge.png (Referrer: http://127.0.0.1:5000/) [in C:\Users\drago\OneDrive\Pulpit\ALL\newest owl judge\app.py:2205]
2025-04-15 15:19:02,684 INFO: 404 Not Found: /static/images/avatar_student.png (Referrer: http://127.0.0.1:5000/) [in C:\Users\drago\OneDrive\Pulpit\ALL\newest owl judge\app.py:2205]
2025-04-15 15:19:02,686 INFO: 404 Not Found: /static/images/avatar_admin.png (Referrer: http://127.0.0.1:5000/) [in C:\Users\drago\OneDrive\Pulpit\ALL\newest owl judge\app.py:2205]
2025-04-15 15:19:02,686 INFO: 404 Not Found: /static/images/ksu_campus_blur.jpg (Referrer: http://127.0.0.1:5000/) [in C:\Users\drago\OneDrive\Pulpit\ALL\newest owl judge\app.py:2205]
2025-04-15 15:19:02,688 INFO: 404 Not Found: /static/images/ksu_campus_wide.jpg (Referrer: http://127.0.0.1:5000/) [in C:\Users\drago\OneDrive\Pulpit\ALL\newest owl judge\app.py:2205]
2025-04-15 15:19:02,723 INFO: 404 Not Found: /favicon.ico (Referrer: http://127.0.0.1:5000/) [in C:\Users\drago\OneDrive\Pulpit\ALL\newest owl judge\app.py:2205]
2025-04-15 15:19:03,303 INFO: 404 Not Found: /favicon.ico (Referrer: http://127.0.0.1:5000/login) [in C:\Users\drago\OneDrive\Pulpit\ALL\newest owl judge\app.py:2205]
2025-04-15 15:19:06,801 INFO: User login successful: admin@example.com (ID: 1) [in C:\Users\drago\OneDrive\Pulpit\ALL\newest owl judge\app.py:494]
2025-04-15 15:19:08,391 INFO: 404 Not Found: /favicon.ico (Referrer: http://127.0.0.1:5000/admin/dashboard) [in C:\Users\drago\OneDrive\Pulpit\ALL\newest owl judge\app.py:2205]
2025-04-15 15:20:13,213 INFO: OwlJudge startup configured. [in C:\Users\drago\OneDrive\Pulpit\ALL\newest owl judge\app.py:70]
2025-04-15 15:20:13,235 INFO: Initializing database... [in C:\Users\drago\OneDrive\Pulpit\ALL\newest owl judge\app.py:2345]
2025-04-15 15:20:13,236 INFO: Database tables created/verified. [in C:\Users\drago\OneDrive\Pulpit\ALL\newest owl judge\app.py:2349]
2025-04-15 15:20:13,236 INFO: Checking/Creating test data... [in C:\Users\drago\OneDrive\Pulpit\ALL\newest owl judge\app.py:2256]
2025-04-15 15:20:13,243 INFO: No new test data needed. [in C:\Users\drago\OneDrive\Pulpit\ALL\newest owl judge\app.py:2329]
2025-04-15 15:20:13,243 INFO: -------------------- [in C:\Users\drago\OneDrive\Pulpit\ALL\newest owl judge\app.py:2336]
2025-04-15 15:20:13,243 INFO: Starting Flask server on http://127.0.0.1:5000 (Debug: True) [in C:\Users\drago\OneDrive\Pulpit\ALL\newest owl judge\app.py:2373]
2025-04-15 15:20:14,030 INFO: OwlJudge startup configured. [in C:\Users\drago\OneDrive\Pulpit\ALL\newest owl judge\app.py:70]
2025-04-15 15:20:14,049 INFO: Initializing database... [in C:\Users\drago\OneDrive\Pulpit\ALL\newest owl judge\app.py:2345]
2025-04-15 15:20:14,050 INFO: Database tables created/verified. [in C:\Users\drago\OneDrive\Pulpit\ALL\newest owl judge\app.py:2349]
2025-04-15 15:20:14,050 INFO: Checking/Creating test data... [in C:\Users\drago\OneDrive\Pulpit\ALL\newest owl judge\app.py:2256]
2025-04-15 15:20:14,058 INFO: No new test data needed. [in C:\Users\drago\OneDrive\Pulpit\ALL\newest owl judge\app.py:2329]
2025-04-15 15:20:14,058 INFO: -------------------- [in C:\Users\drago\OneDrive\Pulpit\ALL\newest owl judge\app.py:2336]
2025-04-15 15:20:14,058 INFO: Starting Flask server on http://127.0.0.1:5000 (Debug: True) [in C:\Users\drago\OneDrive\Pulpit\ALL\newest owl judge\app.py:2373]
2025-04-15 15:20:14,916 INFO: 404 Not Found: /favicon.ico (Referrer: http://127.0.0.1:5000/login) [in C:\Users\drago\OneDrive\Pulpit\ALL\newest owl judge\app.py:2205]
2025-04-15 15:20:15,748 INFO: 404 Not Found: /static/images/avatar_judge.png (Referrer: http://127.0.0.1:5000/) [in C:\Users\drago\OneDrive\Pulpit\ALL\newest owl judge\app.py:2205]
2025-04-15 15:20:15,749 INFO: 404 Not Found: /static/images/avatar_student.png (Referrer: http://127.0.0.1:5000/) [in C:\Users\drago\OneDrive\Pulpit\ALL\newest owl judge\app.py:2205]
2025-04-15 15:20:15,750 INFO: 404 Not Found: /static/images/avatar_admin.png (Referrer: http://127.0.0.1:5000/) [in C:\Users\drago\OneDrive\Pulpit\ALL\newest owl judge\app.py:2205]
2025-04-15 15:20:15,754 INFO: 404 Not Found: /static/images/ksu_campus_blur.jpg (Referrer: http://127.0.0.1:5000/) [in C:\Users\drago\OneDrive\Pulpit\ALL\newest owl judge\app.py:2205]
2025-04-15 15:20:15,755 INFO: 404 Not Found: /static/images/ksu_campus_wide.jpg (Referrer: http://127.0.0.1:5000/) [in C:\Users\drago\OneDrive\Pulpit\ALL\newest owl judge\app.py:2205]
2025-04-15 15:20:15,782 INFO: 404 Not Found: /favicon.ico (Referrer: http://127.0.0.1:5000/) [in C:\Users\drago\OneDrive\Pulpit\ALL\newest owl judge\app.py:2205]
2025-04-15 15:20:19,000 INFO: 404 Not Found: /favicon.ico (Referrer: http://127.0.0.1:5000/) [in C:\Users\drago\OneDrive\Pulpit\ALL\newest owl judge\app.py:2205]
2025-04-15 15:20:21,201 INFO: 404 Not Found: /static/images/avatar_judge.png (Referrer: http://127.0.0.1:5000/) [in C:\Users\drago\OneDrive\Pulpit\ALL\newest owl judge\app.py:2205]
2025-04-15 15:20:21,202 INFO: 404 Not Found: /static/images/avatar_student.png (Referrer: http://127.0.0.1:5000/) [in C:\Users\drago\OneDrive\Pulpit\ALL\newest owl judge\app.py:2205]
2025-04-15 15:20:21,203 INFO: 404 Not Found: /static/images/avatar_admin.png (Referrer: http://127.0.0.1:5000/) [in C:\Users\drago\OneDrive\Pulpit\ALL\newest owl judge\app.py:2205]
2025-04-15 15:20:21,207 INFO: 404 Not Found: /static/images/ksu_campus_blur.jpg (Referrer: http://127.0.0.1:5000/) [in C:\Users\drago\OneDrive\Pulpit\ALL\newest owl judge\app.py:2205]
2025-04-15 15:20:21,210 INFO: 404 Not Found: /static/images/ksu_campus_wide.jpg (Referrer: http://127.0.0.1:5000/) [in C:\Users\drago\OneDrive\Pulpit\ALL\newest owl judge\app.py:2205]
2025-04-15 15:20:21,242 INFO: 404 Not Found: /favicon.ico (Referrer: http://127.0.0.1:5000/) [in C:\Users\drago\OneDrive\Pulpit\ALL\newest owl judge\app.py:2205]
2025-04-15 15:24:16,476 INFO: 404 Not Found: /static/images/cday_presentation_blur.jpg (Referrer: http://127.0.0.1:5000/about) [in C:\Users\drago\OneDrive\Pulpit\ALL\newest owl judge\app.py:2205]
2025-04-15 15:24:16,525 INFO: 404 Not Found: /favicon.ico (Referrer: http://127.0.0.1:5000/about) [in C:\Users\drago\OneDrive\Pulpit\ALL\newest owl judge\app.py:2205]
2025-04-15 15:24:31,119 INFO: 404 Not Found: /favicon.ico (Referrer: http://127.0.0.1:5000/about) [in C:\Users\drago\OneDrive\Pulpit\ALL\newest owl judge\app.py:2205]
2025-04-15 15:24:31,592 INFO: 404 Not Found: /static/images/avatar_judge.png (Referrer: http://127.0.0.1:5000/) [in C:\Users\drago\OneDrive\Pulpit\ALL\newest owl judge\app.py:2205]
2025-04-15 15:24:31,592 INFO: 404 Not Found: /static/images/avatar_student.png (Referrer: http://127.0.0.1:5000/) [in C:\Users\drago\OneDrive\Pulpit\ALL\newest owl judge\app.py:2205]
2025-04-15 15:24:31,594 INFO: 404 Not Found: /static/images/avatar_admin.png (Referrer: http://127.0.0.1:5000/) [in C:\Users\drago\OneDrive\Pulpit\ALL\newest owl judge\app.py:2205]
2025-04-15 15:24:31,596 INFO: 404 Not Found: /static/images/ksu_campus_blur.jpg (Referrer: http://127.0.0.1:5000/) [in C:\Users\drago\OneDrive\Pulpit\ALL\newest owl judge\app.py:2205]
2025-04-15 15:24:31,598 INFO: 404 Not Found: /static/images/ksu_campus_wide.jpg (Referrer: http://127.0.0.1:5000/) [in C:\Users\drago\OneDrive\Pulpit\ALL\newest owl judge\app.py:2205]
2025-04-15 15:24:31,630 INFO: 404 Not Found: /favicon.ico (Referrer: http://127.0.0.1:5000/) [in C:\Users\drago\OneDrive\Pulpit\ALL\newest owl judge\app.py:2205]
2025-04-15 15:24:37,396 INFO: 404 Not Found: /favicon.ico (Referrer: http://127.0.0.1:5000/) [in C:\Users\drago\OneDrive\Pulpit\ALL\newest owl judge\app.py:2205]
2025-04-15 15:25:36,756 INFO: OwlJudge startup configured. [in C:\Users\drago\OneDrive\Pulpit\ALL\newest owl judge\app.py:70]
2025-04-15 15:25:36,788 INFO: Initializing database... [in C:\Users\drago\OneDrive\Pulpit\ALL\newest owl judge\app.py:2345]
2025-04-15 15:25:36,790 INFO: Database tables created/verified. [in C:\Users\drago\OneDrive\Pulpit\ALL\newest owl judge\app.py:2349]
2025-04-15 15:25:36,790 INFO: Checking/Creating test data... [in C:\Users\drago\OneDrive\Pulpit\ALL\newest owl judge\app.py:2256]
2025-04-15 15:25:36,802 INFO: No new test data needed. [in C:\Users\drago\OneDrive\Pulpit\ALL\newest owl judge\app.py:2329]
2025-04-15 15:25:36,802 INFO: -------------------- [in C:\Users\drago\OneDrive\Pulpit\ALL\newest owl judge\app.py:2336]
2025-04-15 15:25:36,803 INFO: Starting Flask server on http://127.0.0.1:5000 (Debug: True) [in C:\Users\drago\OneDrive\Pulpit\ALL\newest owl judge\app.py:2373]
2025-04-15 15:25:37,489 INFO: OwlJudge startup configured. [in C:\Users\drago\OneDrive\Pulpit\ALL\newest owl judge\app.py:70]
2025-04-15 15:25:37,506 INFO: Initializing database... [in C:\Users\drago\OneDrive\Pulpit\ALL\newest owl judge\app.py:2345]
2025-04-15 15:25:37,508 INFO: Database tables created/verified. [in C:\Users\drago\OneDrive\Pulpit\ALL\newest owl judge\app.py:2349]
2025-04-15 15:25:37,508 INFO: Checking/Creating test data... [in C:\Users\drago\OneDrive\Pulpit\ALL\newest owl judge\app.py:2256]
2025-04-15 15:25:37,514 INFO: No new test data needed. [in C:\Users\drago\OneDrive\Pulpit\ALL\newest owl judge\app.py:2329]
2025-04-15 15:25:37,514 INFO: -------------------- [in C:\Users\drago\OneDrive\Pulpit\ALL\newest owl judge\app.py:2336]
2025-04-15 15:25:37,514 INFO: Starting Flask server on http://127.0.0.1:5000 (Debug: True) [in C:\Users\drago\OneDrive\Pulpit\ALL\newest owl judge\app.py:2373]
2025-04-15 15:25:37,563 INFO: 404 Not Found: /static/images/avatar_judge.png (Referrer: http://127.0.0.1:5000/) [in C:\Users\drago\OneDrive\Pulpit\ALL\newest owl judge\app.py:2205]
2025-04-15 15:25:37,564 INFO: 404 Not Found: /static/images/avatar_student.png (Referrer: http://127.0.0.1:5000/) [in C:\Users\drago\OneDrive\Pulpit\ALL\newest owl judge\app.py:2205]
2025-04-15 15:25:37,565 INFO: 404 Not Found: /static/images/avatar_admin.png (Referrer: http://127.0.0.1:5000/) [in C:\Users\drago\OneDrive\Pulpit\ALL\newest owl judge\app.py:2205]
2025-04-15 15:25:37,567 INFO: 404 Not Found: /static/images/ksu_campus_blur.jpg (Referrer: http://127.0.0.1:5000/) [in C:\Users\drago\OneDrive\Pulpit\ALL\newest owl judge\app.py:2205]
2025-04-15 15:25:37,568 INFO: 404 Not Found: /static/images/ksu_campus_wide.jpg (Referrer: http://127.0.0.1:5000/) [in C:\Users\drago\OneDrive\Pulpit\ALL\newest owl judge\app.py:2205]
2025-04-15 15:25:37,601 INFO: 404 Not Found: /favicon.ico (Referrer: http://127.0.0.1:5000/) [in C:\Users\drago\OneDrive\Pulpit\ALL\newest owl judge\app.py:2205]
2025-04-15 15:25:57,785 INFO: OwlJudge startup configured. [in C:\Users\drago\OneDrive\Pulpit\ALL\newest owl judge\app.py:70]
2025-04-15 15:25:57,802 INFO: Initializing database... [in C:\Users\drago\OneDrive\Pulpit\ALL\newest owl judge\app.py:2345]
2025-04-15 15:25:57,803 INFO: Database tables created/verified. [in C:\Users\drago\OneDrive\Pulpit\ALL\newest owl judge\app.py:2349]
2025-04-15 15:25:57,803 INFO: Checking/Creating test data... [in C:\Users\drago\OneDrive\Pulpit\ALL\newest owl judge\app.py:2256]
2025-04-15 15:25:57,810 INFO: No new test data needed. [in C:\Users\drago\OneDrive\Pulpit\ALL\newest owl judge\app.py:2329]
2025-04-15 15:25:57,810 INFO: -------------------- [in C:\Users\drago\OneDrive\Pulpit\ALL\newest owl judge\app.py:2336]
2025-04-15 15:25:57,811 INFO: Starting Flask server on http://127.0.0.1:5000 (Debug: True) [in C:\Users\drago\OneDrive\Pulpit\ALL\newest owl judge\app.py:2373]
2025-04-15 15:25:58,867 INFO: OwlJudge startup configured. [in C:\Users\drago\OneDrive\Pulpit\ALL\newest owl judge\app.py:70]
2025-04-15 15:25:58,925 INFO: Initializing database... [in C:\Users\drago\OneDrive\Pulpit\ALL\newest owl judge\app.py:2345]
2025-04-15 15:25:58,929 INFO: Database tables created/verified. [in C:\Users\drago\OneDrive\Pulpit\ALL\newest owl judge\app.py:2349]
2025-04-15 15:25:58,930 INFO: Checking/Creating test data... [in C:\Users\drago\OneDrive\Pulpit\ALL\newest owl judge\app.py:2256]
2025-04-15 15:25:58,941 INFO: No new test data needed. [in C:\Users\drago\OneDrive\Pulpit\ALL\newest owl judge\app.py:2329]
2025-04-15 15:25:58,941 INFO: -------------------- [in C:\Users\drago\OneDrive\Pulpit\ALL\newest owl judge\app.py:2336]
2025-04-15 15:25:58,941 INFO: Starting Flask server on http://127.0.0.1:5000 (Debug: True) [in C:\Users\drago\OneDrive\Pulpit\ALL\newest owl judge\app.py:2373]
2025-04-15 15:26:00,277 INFO: 404 Not Found: /favicon.ico (Referrer: http://127.0.0.1:5000/) [in C:\Users\drago\OneDrive\Pulpit\ALL\newest owl judge\app.py:2205]
2025-04-15 15:26:03,935 INFO: 404 Not Found: /favicon.ico (Referrer: http://127.0.0.1:5000/) [in C:\Users\drago\OneDrive\Pulpit\ALL\newest owl judge\app.py:2205]
2025-04-15 15:26:04,898 INFO: 404 Not Found: /static/images/avatar_judge.png (Referrer: http://127.0.0.1:5000/) [in C:\Users\drago\OneDrive\Pulpit\ALL\newest owl judge\app.py:2205]
2025-04-15 15:26:04,899 INFO: 404 Not Found: /static/images/avatar_student.png (Referrer: http://127.0.0.1:5000/) [in C:\Users\drago\OneDrive\Pulpit\ALL\newest owl judge\app.py:2205]
2025-04-15 15:26:04,900 INFO: 404 Not Found: /static/images/avatar_admin.png (Referrer: http://127.0.0.1:5000/) [in C:\Users\drago\OneDrive\Pulpit\ALL\newest owl judge\app.py:2205]
2025-04-15 15:26:04,902 INFO: 404 Not Found: /static/images/ksu_campus_blur.jpg (Referrer: http://127.0.0.1:5000/) [in C:\Users\drago\OneDrive\Pulpit\ALL\newest owl judge\app.py:2205]
2025-04-15 15:26:04,904 INFO: 404 Not Found: /static/images/ksu_campus_wide.jpg (Referrer: http://127.0.0.1:5000/) [in C:\Users\drago\OneDrive\Pulpit\ALL\newest owl judge\app.py:2205]
2025-04-15 15:26:04,931 INFO: 404 Not Found: /favicon.ico (Referrer: http://127.0.0.1:5000/) [in C:\Users\drago\OneDrive\Pulpit\ALL\newest owl judge\app.py:2205]
2025-04-15 15:26:18,346 INFO: OwlJudge startup configured. [in C:\Users\drago\OneDrive\Pulpit\ALL\newest owl judge\app.py:70]
2025-04-15 15:26:18,363 INFO: Initializing database... [in C:\Users\drago\OneDrive\Pulpit\ALL\newest owl judge\app.py:2345]
2025-04-15 15:26:18,364 INFO: Database tables created/verified. [in C:\Users\drago\OneDrive\Pulpit\ALL\newest owl judge\app.py:2349]
2025-04-15 15:26:18,364 INFO: Checking/Creating test data... [in C:\Users\drago\OneDrive\Pulpit\ALL\newest owl judge\app.py:2256]
2025-04-15 15:26:18,371 INFO: No new test data needed. [in C:\Users\drago\OneDrive\Pulpit\ALL\newest owl judge\app.py:2329]
2025-04-15 15:26:18,371 INFO: -------------------- [in C:\Users\drago\OneDrive\Pulpit\ALL\newest owl judge\app.py:2336]
2025-04-15 15:26:18,371 INFO: Starting Flask server on http://127.0.0.1:5000 (Debug: True) [in C:\Users\drago\OneDrive\Pulpit\ALL\newest owl judge\app.py:2373]
2025-04-15 15:26:19,057 INFO: OwlJudge startup configured. [in C:\Users\drago\OneDrive\Pulpit\ALL\newest owl judge\app.py:70]
2025-04-15 15:26:19,074 INFO: Initializing database... [in C:\Users\drago\OneDrive\Pulpit\ALL\newest owl judge\app.py:2345]
2025-04-15 15:26:19,075 INFO: Database tables created/verified. [in C:\Users\drago\OneDrive\Pulpit\ALL\newest owl judge\app.py:2349]
2025-04-15 15:26:19,075 INFO: Checking/Creating test data... [in C:\Users\drago\OneDrive\Pulpit\ALL\newest owl judge\app.py:2256]
2025-04-15 15:26:19,081 INFO: No new test data needed. [in C:\Users\drago\OneDrive\Pulpit\ALL\newest owl judge\app.py:2329]
2025-04-15 15:26:19,081 INFO: -------------------- [in C:\Users\drago\OneDrive\Pulpit\ALL\newest owl judge\app.py:2336]
2025-04-15 15:26:19,082 INFO: Starting Flask server on http://127.0.0.1:5000 (Debug: True) [in C:\Users\drago\OneDrive\Pulpit\ALL\newest owl judge\app.py:2373]
2025-04-15 15:26:19,131 INFO: 404 Not Found: /favicon.ico (Referrer: http://127.0.0.1:5000/login) [in C:\Users\drago\OneDrive\Pulpit\ALL\newest owl judge\app.py:2205]
2025-04-15 15:26:21,326 INFO: User login successful: admin@example.com (ID: 1) [in C:\Users\drago\OneDrive\Pulpit\ALL\newest owl judge\app.py:494]
2025-04-15 15:26:22,913 INFO: 404 Not Found: /favicon.ico (Referrer: http://127.0.0.1:5000/admin/dashboard) [in C:\Users\drago\OneDrive\Pulpit\ALL\newest owl judge\app.py:2205]
2025-04-15 15:26:49,443 INFO: Admin 1 exporting scores to owljudge_scores_20250415_152649.xlsx [in C:\Users\drago\OneDrive\Pulpit\ALL\newest owl judge\app.py:1734]
2025-04-15 15:27:08,891 INFO: 404 Not Found: /admin/projects/1/judges (Referrer: http://127.0.0.1:5000/admin/dashboard) [in C:\Users\drago\OneDrive\Pulpit\ALL\newest owl judge\app.py:2205]
2025-04-15 15:27:11,485 INFO: 404 Not Found: /admin/projects/1/judges (Referrer: http://127.0.0.1:5000/admin/dashboard) [in C:\Users\drago\OneDrive\Pulpit\ALL\newest owl judge\app.py:2205]
2025-04-15 15:29:23,637 INFO: User logout successful: admin@example.com (ID: 1) [in C:\Users\drago\OneDrive\Pulpit\ALL\newest owl judge\app.py:525]
2025-04-15 15:29:23,666 INFO: 404 Not Found: /static/images/avatar_judge.png (Referrer: http://127.0.0.1:5000/) [in C:\Users\drago\OneDrive\Pulpit\ALL\newest owl judge\app.py:2205]
2025-04-15 15:29:23,667 INFO: 404 Not Found: /static/images/avatar_student.png (Referrer: http://127.0.0.1:5000/) [in C:\Users\drago\OneDrive\Pulpit\ALL\newest owl judge\app.py:2205]
2025-04-15 15:29:23,669 INFO: 404 Not Found: /static/images/avatar_admin.png (Referrer: http://127.0.0.1:5000/) [in C:\Users\drago\OneDrive\Pulpit\ALL\newest owl judge\app.py:2205]
2025-04-15 15:29:23,669 INFO: 404 Not Found: /static/images/ksu_campus_blur.jpg (Referrer: http://127.0.0.1:5000/) [in C:\Users\drago\OneDrive\Pulpit\ALL\newest owl judge\app.py:2205]
2025-04-15 15:29:23,675 INFO: 404 Not Found: /static/images/ksu_campus_wide.jpg (Referrer: http://127.0.0.1:5000/) [in C:\Users\drago\OneDrive\Pulpit\ALL\newest owl judge\app.py:2205]
2025-04-15 15:29:23,702 INFO: 404 Not Found: /favicon.ico (Referrer: http://127.0.0.1:5000/) [in C:\Users\drago\OneDrive\Pulpit\ALL\newest owl judge\app.py:2205]
2025-04-15 15:29:24,198 INFO: 404 Not Found: /favicon.ico (Referrer: http://127.0.0.1:5000/signup) [in C:\Users\drago\OneDrive\Pulpit\ALL\newest owl judge\app.py:2205]
2025-04-15 15:29:29,882 INFO: 404 Not Found: /favicon.ico (Referrer: http://127.0.0.1:5000/login) [in C:\Users\drago\OneDrive\Pulpit\ALL\newest owl judge\app.py:2205]
2025-04-15 15:29:32,617 INFO: 404 Not Found: /favicon.ico (Referrer: http://127.0.0.1:5000/signup) [in C:\Users\drago\OneDrive\Pulpit\ALL\newest owl judge\app.py:2205]
2025-04-15 15:29:39,333 INFO: 404 Not Found: /request_admin_password_reset (Referrer: http://127.0.0.1:5000/login) [in C:\Users\drago\OneDrive\Pulpit\ALL\newest owl judge\app.py:2205]
2025-04-15 15:31:29,972 INFO: ======================================== [in C:\Users\drago\OneDrive\Pulpit\ALL\newest owl judge\app.py:103]
2025-04-15 15:31:29,972 INFO: OwlJudge startup configured. Debug Mode: False [in C:\Users\drago\OneDrive\Pulpit\ALL\newest owl judge\app.py:104]
2025-04-15 15:31:29,972 INFO: Database URI: sqlite:///C:\Users\drago\OneDrive\Pulpit\ALL\newest owl judge\database.db [in C:\Users\drago\OneDrive\Pulpit\ALL\newest owl judge\app.py:105]
2025-04-15 15:31:29,972 INFO: Session Type: filesystem [in C:\Users\drago\OneDrive\Pulpit\ALL\newest owl judge\app.py:106]
2025-04-15 15:31:29,973 INFO: Log Level: INFO [in C:\Users\drago\OneDrive\Pulpit\ALL\newest owl judge\app.py:107]
2025-04-15 15:31:29,973 INFO: ======================================== [in C:\Users\drago\OneDrive\Pulpit\ALL\newest owl judge\app.py:113]
2025-04-15 15:31:30,038 INFO: Checking database status... [in C:\Users\drago\OneDrive\Pulpit\ALL\newest owl judge\app.py:2124]
2025-04-15 15:31:30,042 INFO: Database tables verified/created. [in C:\Users\drago\OneDrive\Pulpit\ALL\newest owl judge\app.py:2128]
2025-04-15 15:31:30,042 INFO: Starting Flask server on http://127.0.0.1:5000 [in C:\Users\drago\OneDrive\Pulpit\ALL\newest owl judge\app.py:2141]
2025-04-15 15:31:42,491 INFO: ======================================== [in C:\Users\drago\OneDrive\Pulpit\ALL\newest owl judge\app.py:103]
2025-04-15 15:31:42,492 INFO: OwlJudge startup configured. Debug Mode: False [in C:\Users\drago\OneDrive\Pulpit\ALL\newest owl judge\app.py:104]
2025-04-15 15:31:42,492 INFO: Database URI: sqlite:///C:\Users\drago\OneDrive\Pulpit\ALL\newest owl judge\database.db [in C:\Users\drago\OneDrive\Pulpit\ALL\newest owl judge\app.py:105]
2025-04-15 15:31:42,492 INFO: Session Type: filesystem [in C:\Users\drago\OneDrive\Pulpit\ALL\newest owl judge\app.py:106]
2025-04-15 15:31:42,492 INFO: Log Level: INFO [in C:\Users\drago\OneDrive\Pulpit\ALL\newest owl judge\app.py:107]
2025-04-15 15:31:42,492 INFO: ======================================== [in C:\Users\drago\OneDrive\Pulpit\ALL\newest owl judge\app.py:113]
2025-04-15 15:31:42,513 INFO: Checking database status... [in C:\Users\drago\OneDrive\Pulpit\ALL\newest owl judge\app.py:2124]
2025-04-15 15:31:42,514 INFO: Database tables verified/created. [in C:\Users\drago\OneDrive\Pulpit\ALL\newest owl judge\app.py:2128]
2025-04-15 15:31:42,514 INFO: Starting Flask server on http://127.0.0.1:5000 [in C:\Users\drago\OneDrive\Pulpit\ALL\newest owl judge\app.py:2141]
2025-04-15 15:31:42,987 INFO: 404 Not Found: /favicon.ico (Referrer: http://127.0.0.1:5000/login) [Unauthenticated User] [in C:\Users\drago\OneDrive\Pulpit\ALL\newest owl judge\app.py:1979]
2025-04-15 15:31:42,988 ERROR: Exception on /favicon.ico [GET] [in C:\Users\drago\AppData\Local\Programs\Python\Python313\Lib\site-packages\flask\app.py:875]
Traceback (most recent call last):
  File "C:\Users\drago\AppData\Local\Programs\Python\Python313\Lib\site-packages\flask\app.py", line 917, in full_dispatch_request
    rv = self.dispatch_request()
  File "C:\Users\drago\AppData\Local\Programs\Python\Python313\Lib\site-packages\flask\app.py", line 902, in dispatch_request
    return self.ensure_sync(self.view_functions[rule.endpoint])(**view_args)  # type: ignore[no-any-return]
           ~~~~~~~~~~~~~~~~~~~~~~~~~~~~~~~~~~~~~~~~~~~~~~~~~~~~^^^^^^^^^^^^^
  File "C:\Users\drago\OneDrive\Pulpit\ALL\newest owl judge\app.py", line 369, in favicon
    return send_from_directory(
        os.path.join(app.root_path, 'static', 'img'), # Assuming favicon is in static/img
    ...<2 lines>...
        max_age=2592000 # Cache for 30 days
    )
  File "C:\Users\drago\AppData\Local\Programs\Python\Python313\Lib\site-packages\flask\helpers.py", line 565, in send_from_directory
    return werkzeug.utils.send_from_directory(  # type: ignore[return-value]
           ~~~~~~~~~~~~~~~~~~~~~~~~~~~~~~~~~~^^^^^^^^^^^^^^^^^^^^^^^^^^^^^^^
        directory, path, **_prepare_send_file_kwargs(**kwargs)
        ^^^^^^^^^^^^^^^^^^^^^^^^^^^^^^^^^^^^^^^^^^^^^^^^^^^^^^
    )
    ^
  File "C:\Users\drago\AppData\Local\Programs\Python\Python313\Lib\site-packages\werkzeug\utils.py", line 575, in send_from_directory
    raise NotFound()
werkzeug.exceptions.NotFound: 404 Not Found: The requested URL was not found on the server. If you entered the URL manually please check your spelling and try again.

During handling of the above exception, another exception occurred:

Traceback (most recent call last):
  File "C:\Users\drago\AppData\Local\Programs\Python\Python313\Lib\site-packages\flask\app.py", line 1511, in wsgi_app
    response = self.full_dispatch_request()
  File "C:\Users\drago\AppData\Local\Programs\Python\Python313\Lib\site-packages\flask\app.py", line 919, in full_dispatch_request
    rv = self.handle_user_exception(e)
  File "C:\Users\drago\AppData\Local\Programs\Python\Python313\Lib\site-packages\flask\app.py", line 802, in handle_user_exception
    return self.handle_http_exception(e)
           ~~~~~~~~~~~~~~~~~~~~~~~~~~^^^
  File "C:\Users\drago\AppData\Local\Programs\Python\Python313\Lib\site-packages\flask\app.py", line 777, in handle_http_exception
    return self.ensure_sync(handler)(e)  # type: ignore[no-any-return]
           ~~~~~~~~~~~~~~~~~~~~~~~~~^^^
  File "C:\Users\drago\OneDrive\Pulpit\ALL\newest owl judge\app.py", line 1982, in page_not_found
    return render_template('404.html'), 404
           ~~~~~~~~~~~~~~~^^^^^^^^^^^^
  File "C:\Users\drago\AppData\Local\Programs\Python\Python313\Lib\site-packages\flask\templating.py", line 149, in render_template
    template = app.jinja_env.get_or_select_template(template_name_or_list)
  File "C:\Users\drago\AppData\Local\Programs\Python\Python313\Lib\site-packages\jinja2\environment.py", line 1087, in get_or_select_template
    return self.get_template(template_name_or_list, parent, globals)
           ~~~~~~~~~~~~~~~~~^^^^^^^^^^^^^^^^^^^^^^^^^^^^^^^^^^^^^^^^
  File "C:\Users\drago\AppData\Local\Programs\Python\Python313\Lib\site-packages\jinja2\environment.py", line 1016, in get_template
    return self._load_template(name, globals)
           ~~~~~~~~~~~~~~~~~~~^^^^^^^^^^^^^^^
  File "C:\Users\drago\AppData\Local\Programs\Python\Python313\Lib\site-packages\jinja2\environment.py", line 975, in _load_template
    template = self.loader.load(self, name, self.make_globals(globals))
  File "C:\Users\drago\AppData\Local\Programs\Python\Python313\Lib\site-packages\jinja2\loaders.py", line 138, in load
    code = environment.compile(source, name, filename)
  File "C:\Users\drago\AppData\Local\Programs\Python\Python313\Lib\site-packages\jinja2\environment.py", line 771, in compile
    self.handle_exception(source=source_hint)
    ~~~~~~~~~~~~~~~~~~~~~^^^^^^^^^^^^^^^^^^^^
  File "C:\Users\drago\AppData\Local\Programs\Python\Python313\Lib\site-packages\jinja2\environment.py", line 942, in handle_exception
    raise rewrite_traceback_stack(source=source)
  File "C:\Users\drago\OneDrive\Pulpit\ALL\newest owl judge\templates\404.html", line 45, in template
    {% block title %}Server Error - OwlJudge{% endblock %}
    ^^^^^^^^^^^^^^^^^^^^^^^^^
jinja2.exceptions.TemplateAssertionError: block 'title' defined twice
2025-04-15 15:31:48,411 ERROR: Database error during admin password reset request for mrzepka@students.kennesaw.edu: (sqlite3.OperationalError) no such column: users.created_at
[SQL: SELECT users.id AS users_id, users.email AS users_email, users.password AS users_password, users.name AS users_name, users.role AS users_role, users.created_at AS users_created_at, users.updated_at AS users_updated_at, users.judge_request_pending AS users_judge_request_pending, users.reset_token AS users_reset_token, users.reset_token_expiration AS users_reset_token_expiration 
FROM users 
WHERE lower(users.email) LIKE lower(?)
 LIMIT ? OFFSET ?]
[parameters: ('mrzepka@students.kennesaw.edu', 1, 0)]
(Background on this error at: https://sqlalche.me/e/20/e3q8) [in C:\Users\drago\OneDrive\Pulpit\ALL\newest owl judge\app.py:852]
Traceback (most recent call last):
  File "C:\Users\drago\AppData\Local\Programs\Python\Python313\Lib\site-packages\sqlalchemy\engine\base.py", line 1964, in _exec_single_context
    self.dialect.do_execute(
    ~~~~~~~~~~~~~~~~~~~~~~~^
        cursor, str_statement, effective_parameters, context
        ^^^^^^^^^^^^^^^^^^^^^^^^^^^^^^^^^^^^^^^^^^^^^^^^^^^^
    )
    ^
  File "C:\Users\drago\AppData\Local\Programs\Python\Python313\Lib\site-packages\sqlalchemy\engine\default.py", line 942, in do_execute
    cursor.execute(statement, parameters)
    ~~~~~~~~~~~~~~^^^^^^^^^^^^^^^^^^^^^^^
sqlite3.OperationalError: no such column: users.created_at

The above exception was the direct cause of the following exception:

Traceback (most recent call last):
  File "C:\Users\drago\OneDrive\Pulpit\ALL\newest owl judge\app.py", line 835, in request_admin_password_reset
    user = User.query.filter(User.email.ilike(email)).first()
  File "C:\Users\drago\AppData\Local\Programs\Python\Python313\Lib\site-packages\sqlalchemy\orm\query.py", line 2759, in first
    return self.limit(1)._iter().first()  # type: ignore
           ~~~~~~~~~~~~~~~~~~~^^
  File "C:\Users\drago\AppData\Local\Programs\Python\Python313\Lib\site-packages\sqlalchemy\orm\query.py", line 2858, in _iter
    result: Union[ScalarResult[_T], Result[_T]] = self.session.execute(
                                                  ~~~~~~~~~~~~~~~~~~~~^
        statement,
        ^^^^^^^^^^
        params,
        ^^^^^^^
        execution_options={"_sa_orm_load_options": self.load_options},
        ^^^^^^^^^^^^^^^^^^^^^^^^^^^^^^^^^^^^^^^^^^^^^^^^^^^^^^^^^^^^^^
    )
    ^
  File "C:\Users\drago\AppData\Local\Programs\Python\Python313\Lib\site-packages\sqlalchemy\orm\session.py", line 2365, in execute
    return self._execute_internal(
           ~~~~~~~~~~~~~~~~~~~~~~^
        statement,
        ^^^^^^^^^^
    ...<4 lines>...
        _add_event=_add_event,
        ^^^^^^^^^^^^^^^^^^^^^^
    )
    ^
  File "C:\Users\drago\AppData\Local\Programs\Python\Python313\Lib\site-packages\sqlalchemy\orm\session.py", line 2251, in _execute_internal
    result: Result[Any] = compile_state_cls.orm_execute_statement(
                          ~~~~~~~~~~~~~~~~~~~~~~~~~~~~~~~~~~~~~~~^
        self,
        ^^^^^
    ...<4 lines>...
        conn,
        ^^^^^
    )
    ^
  File "C:\Users\drago\AppData\Local\Programs\Python\Python313\Lib\site-packages\sqlalchemy\orm\context.py", line 306, in orm_execute_statement
    result = conn.execute(
        statement, params or {}, execution_options=execution_options
    )
  File "C:\Users\drago\AppData\Local\Programs\Python\Python313\Lib\site-packages\sqlalchemy\engine\base.py", line 1416, in execute
    return meth(
        self,
        distilled_parameters,
        execution_options or NO_OPTIONS,
    )
  File "C:\Users\drago\AppData\Local\Programs\Python\Python313\Lib\site-packages\sqlalchemy\sql\elements.py", line 523, in _execute_on_connection
    return connection._execute_clauseelement(
           ~~~~~~~~~~~~~~~~~~~~~~~~~~~~~~~~~^
        self, distilled_params, execution_options
        ^^^^^^^^^^^^^^^^^^^^^^^^^^^^^^^^^^^^^^^^^
    )
    ^
  File "C:\Users\drago\AppData\Local\Programs\Python\Python313\Lib\site-packages\sqlalchemy\engine\base.py", line 1638, in _execute_clauseelement
    ret = self._execute_context(
        dialect,
    ...<8 lines>...
        cache_hit=cache_hit,
    )
  File "C:\Users\drago\AppData\Local\Programs\Python\Python313\Lib\site-packages\sqlalchemy\engine\base.py", line 1843, in _execute_context
    return self._exec_single_context(
           ~~~~~~~~~~~~~~~~~~~~~~~~~^
        dialect, context, statement, parameters
        ^^^^^^^^^^^^^^^^^^^^^^^^^^^^^^^^^^^^^^^
    )
    ^
  File "C:\Users\drago\AppData\Local\Programs\Python\Python313\Lib\site-packages\sqlalchemy\engine\base.py", line 1983, in _exec_single_context
    self._handle_dbapi_exception(
    ~~~~~~~~~~~~~~~~~~~~~~~~~~~~^
        e, str_statement, effective_parameters, cursor, context
        ^^^^^^^^^^^^^^^^^^^^^^^^^^^^^^^^^^^^^^^^^^^^^^^^^^^^^^^
    )
    ^
  File "C:\Users\drago\AppData\Local\Programs\Python\Python313\Lib\site-packages\sqlalchemy\engine\base.py", line 2352, in _handle_dbapi_exception
    raise sqlalchemy_exception.with_traceback(exc_info[2]) from e
  File "C:\Users\drago\AppData\Local\Programs\Python\Python313\Lib\site-packages\sqlalchemy\engine\base.py", line 1964, in _exec_single_context
    self.dialect.do_execute(
    ~~~~~~~~~~~~~~~~~~~~~~~^
        cursor, str_statement, effective_parameters, context
        ^^^^^^^^^^^^^^^^^^^^^^^^^^^^^^^^^^^^^^^^^^^^^^^^^^^^
    )
    ^
  File "C:\Users\drago\AppData\Local\Programs\Python\Python313\Lib\site-packages\sqlalchemy\engine\default.py", line 942, in do_execute
    cursor.execute(statement, parameters)
    ~~~~~~~~~~~~~~^^^^^^^^^^^^^^^^^^^^^^^
sqlalchemy.exc.OperationalError: (sqlite3.OperationalError) no such column: users.created_at
[SQL: SELECT users.id AS users_id, users.email AS users_email, users.password AS users_password, users.name AS users_name, users.role AS users_role, users.created_at AS users_created_at, users.updated_at AS users_updated_at, users.judge_request_pending AS users_judge_request_pending, users.reset_token AS users_reset_token, users.reset_token_expiration AS users_reset_token_expiration 
FROM users 
WHERE lower(users.email) LIKE lower(?)
 LIMIT ? OFFSET ?]
[parameters: ('mrzepka@students.kennesaw.edu', 1, 0)]
(Background on this error at: https://sqlalche.me/e/20/e3q8)
2025-04-15 15:31:58,303 INFO: 404 Not Found: /favicon.ico (Referrer: http://127.0.0.1:5000/signup) [Unauthenticated User] [in C:\Users\drago\OneDrive\Pulpit\ALL\newest owl judge\app.py:1979]
2025-04-15 15:31:58,304 ERROR: Exception on /favicon.ico [GET] [in C:\Users\drago\AppData\Local\Programs\Python\Python313\Lib\site-packages\flask\app.py:875]
Traceback (most recent call last):
  File "C:\Users\drago\AppData\Local\Programs\Python\Python313\Lib\site-packages\flask\app.py", line 917, in full_dispatch_request
    rv = self.dispatch_request()
  File "C:\Users\drago\AppData\Local\Programs\Python\Python313\Lib\site-packages\flask\app.py", line 902, in dispatch_request
    return self.ensure_sync(self.view_functions[rule.endpoint])(**view_args)  # type: ignore[no-any-return]
           ~~~~~~~~~~~~~~~~~~~~~~~~~~~~~~~~~~~~~~~~~~~~~~~~~~~~^^^^^^^^^^^^^
  File "C:\Users\drago\OneDrive\Pulpit\ALL\newest owl judge\app.py", line 369, in favicon
    return send_from_directory(
        os.path.join(app.root_path, 'static', 'img'), # Assuming favicon is in static/img
    ...<2 lines>...
        max_age=2592000 # Cache for 30 days
    )
  File "C:\Users\drago\AppData\Local\Programs\Python\Python313\Lib\site-packages\flask\helpers.py", line 565, in send_from_directory
    return werkzeug.utils.send_from_directory(  # type: ignore[return-value]
           ~~~~~~~~~~~~~~~~~~~~~~~~~~~~~~~~~~^^^^^^^^^^^^^^^^^^^^^^^^^^^^^^^
        directory, path, **_prepare_send_file_kwargs(**kwargs)
        ^^^^^^^^^^^^^^^^^^^^^^^^^^^^^^^^^^^^^^^^^^^^^^^^^^^^^^
    )
    ^
  File "C:\Users\drago\AppData\Local\Programs\Python\Python313\Lib\site-packages\werkzeug\utils.py", line 575, in send_from_directory
    raise NotFound()
werkzeug.exceptions.NotFound: 404 Not Found: The requested URL was not found on the server. If you entered the URL manually please check your spelling and try again.

During handling of the above exception, another exception occurred:

Traceback (most recent call last):
  File "C:\Users\drago\AppData\Local\Programs\Python\Python313\Lib\site-packages\flask\app.py", line 1511, in wsgi_app
    response = self.full_dispatch_request()
  File "C:\Users\drago\AppData\Local\Programs\Python\Python313\Lib\site-packages\flask\app.py", line 919, in full_dispatch_request
    rv = self.handle_user_exception(e)
  File "C:\Users\drago\AppData\Local\Programs\Python\Python313\Lib\site-packages\flask\app.py", line 802, in handle_user_exception
    return self.handle_http_exception(e)
           ~~~~~~~~~~~~~~~~~~~~~~~~~~^^^
  File "C:\Users\drago\AppData\Local\Programs\Python\Python313\Lib\site-packages\flask\app.py", line 777, in handle_http_exception
    return self.ensure_sync(handler)(e)  # type: ignore[no-any-return]
           ~~~~~~~~~~~~~~~~~~~~~~~~~^^^
  File "C:\Users\drago\OneDrive\Pulpit\ALL\newest owl judge\app.py", line 1982, in page_not_found
    return render_template('404.html'), 404
           ~~~~~~~~~~~~~~~^^^^^^^^^^^^
  File "C:\Users\drago\AppData\Local\Programs\Python\Python313\Lib\site-packages\flask\templating.py", line 149, in render_template
    template = app.jinja_env.get_or_select_template(template_name_or_list)
  File "C:\Users\drago\AppData\Local\Programs\Python\Python313\Lib\site-packages\jinja2\environment.py", line 1087, in get_or_select_template
    return self.get_template(template_name_or_list, parent, globals)
           ~~~~~~~~~~~~~~~~~^^^^^^^^^^^^^^^^^^^^^^^^^^^^^^^^^^^^^^^^
  File "C:\Users\drago\AppData\Local\Programs\Python\Python313\Lib\site-packages\jinja2\environment.py", line 1016, in get_template
    return self._load_template(name, globals)
           ~~~~~~~~~~~~~~~~~~~^^^^^^^^^^^^^^^
  File "C:\Users\drago\AppData\Local\Programs\Python\Python313\Lib\site-packages\jinja2\environment.py", line 975, in _load_template
    template = self.loader.load(self, name, self.make_globals(globals))
  File "C:\Users\drago\AppData\Local\Programs\Python\Python313\Lib\site-packages\jinja2\loaders.py", line 138, in load
    code = environment.compile(source, name, filename)
  File "C:\Users\drago\AppData\Local\Programs\Python\Python313\Lib\site-packages\jinja2\environment.py", line 771, in compile
    self.handle_exception(source=source_hint)
    ~~~~~~~~~~~~~~~~~~~~~^^^^^^^^^^^^^^^^^^^^
  File "C:\Users\drago\AppData\Local\Programs\Python\Python313\Lib\site-packages\jinja2\environment.py", line 942, in handle_exception
    raise rewrite_traceback_stack(source=source)
  File "C:\Users\drago\OneDrive\Pulpit\ALL\newest owl judge\templates\404.html", line 45, in template
    {% block title %}Server Error - OwlJudge{% endblock %}
    ^^^^^^^^^^^^^^^^^^^^^^^^^
jinja2.exceptions.TemplateAssertionError: block 'title' defined twice
2025-04-15 15:31:59,558 INFO: 404 Not Found: /favicon.ico (Referrer: http://127.0.0.1:5000/login) [Unauthenticated User] [in C:\Users\drago\OneDrive\Pulpit\ALL\newest owl judge\app.py:1979]
2025-04-15 15:31:59,559 ERROR: Exception on /favicon.ico [GET] [in C:\Users\drago\AppData\Local\Programs\Python\Python313\Lib\site-packages\flask\app.py:875]
Traceback (most recent call last):
  File "C:\Users\drago\AppData\Local\Programs\Python\Python313\Lib\site-packages\flask\app.py", line 917, in full_dispatch_request
    rv = self.dispatch_request()
  File "C:\Users\drago\AppData\Local\Programs\Python\Python313\Lib\site-packages\flask\app.py", line 902, in dispatch_request
    return self.ensure_sync(self.view_functions[rule.endpoint])(**view_args)  # type: ignore[no-any-return]
           ~~~~~~~~~~~~~~~~~~~~~~~~~~~~~~~~~~~~~~~~~~~~~~~~~~~~^^^^^^^^^^^^^
  File "C:\Users\drago\OneDrive\Pulpit\ALL\newest owl judge\app.py", line 369, in favicon
    return send_from_directory(
        os.path.join(app.root_path, 'static', 'img'), # Assuming favicon is in static/img
    ...<2 lines>...
        max_age=2592000 # Cache for 30 days
    )
  File "C:\Users\drago\AppData\Local\Programs\Python\Python313\Lib\site-packages\flask\helpers.py", line 565, in send_from_directory
    return werkzeug.utils.send_from_directory(  # type: ignore[return-value]
           ~~~~~~~~~~~~~~~~~~~~~~~~~~~~~~~~~~^^^^^^^^^^^^^^^^^^^^^^^^^^^^^^^
        directory, path, **_prepare_send_file_kwargs(**kwargs)
        ^^^^^^^^^^^^^^^^^^^^^^^^^^^^^^^^^^^^^^^^^^^^^^^^^^^^^^
    )
    ^
  File "C:\Users\drago\AppData\Local\Programs\Python\Python313\Lib\site-packages\werkzeug\utils.py", line 575, in send_from_directory
    raise NotFound()
werkzeug.exceptions.NotFound: 404 Not Found: The requested URL was not found on the server. If you entered the URL manually please check your spelling and try again.

During handling of the above exception, another exception occurred:

Traceback (most recent call last):
  File "C:\Users\drago\AppData\Local\Programs\Python\Python313\Lib\site-packages\flask\app.py", line 1511, in wsgi_app
    response = self.full_dispatch_request()
  File "C:\Users\drago\AppData\Local\Programs\Python\Python313\Lib\site-packages\flask\app.py", line 919, in full_dispatch_request
    rv = self.handle_user_exception(e)
  File "C:\Users\drago\AppData\Local\Programs\Python\Python313\Lib\site-packages\flask\app.py", line 802, in handle_user_exception
    return self.handle_http_exception(e)
           ~~~~~~~~~~~~~~~~~~~~~~~~~~^^^
  File "C:\Users\drago\AppData\Local\Programs\Python\Python313\Lib\site-packages\flask\app.py", line 777, in handle_http_exception
    return self.ensure_sync(handler)(e)  # type: ignore[no-any-return]
           ~~~~~~~~~~~~~~~~~~~~~~~~~^^^
  File "C:\Users\drago\OneDrive\Pulpit\ALL\newest owl judge\app.py", line 1982, in page_not_found
    return render_template('404.html'), 404
           ~~~~~~~~~~~~~~~^^^^^^^^^^^^
  File "C:\Users\drago\AppData\Local\Programs\Python\Python313\Lib\site-packages\flask\templating.py", line 149, in render_template
    template = app.jinja_env.get_or_select_template(template_name_or_list)
  File "C:\Users\drago\AppData\Local\Programs\Python\Python313\Lib\site-packages\jinja2\environment.py", line 1087, in get_or_select_template
    return self.get_template(template_name_or_list, parent, globals)
           ~~~~~~~~~~~~~~~~~^^^^^^^^^^^^^^^^^^^^^^^^^^^^^^^^^^^^^^^^
  File "C:\Users\drago\AppData\Local\Programs\Python\Python313\Lib\site-packages\jinja2\environment.py", line 1016, in get_template
    return self._load_template(name, globals)
           ~~~~~~~~~~~~~~~~~~~^^^^^^^^^^^^^^^
  File "C:\Users\drago\AppData\Local\Programs\Python\Python313\Lib\site-packages\jinja2\environment.py", line 975, in _load_template
    template = self.loader.load(self, name, self.make_globals(globals))
  File "C:\Users\drago\AppData\Local\Programs\Python\Python313\Lib\site-packages\jinja2\loaders.py", line 138, in load
    code = environment.compile(source, name, filename)
  File "C:\Users\drago\AppData\Local\Programs\Python\Python313\Lib\site-packages\jinja2\environment.py", line 771, in compile
    self.handle_exception(source=source_hint)
    ~~~~~~~~~~~~~~~~~~~~~^^^^^^^^^^^^^^^^^^^^
  File "C:\Users\drago\AppData\Local\Programs\Python\Python313\Lib\site-packages\jinja2\environment.py", line 942, in handle_exception
    raise rewrite_traceback_stack(source=source)
  File "C:\Users\drago\OneDrive\Pulpit\ALL\newest owl judge\templates\404.html", line 45, in template
    {% block title %}Server Error - OwlJudge{% endblock %}
    ^^^^^^^^^^^^^^^^^^^^^^^^^
jinja2.exceptions.TemplateAssertionError: block 'title' defined twice
2025-04-15 15:32:02,677 INFO: 404 Not Found: /favicon.ico (Referrer: http://127.0.0.1:5000/signup) [Unauthenticated User] [in C:\Users\drago\OneDrive\Pulpit\ALL\newest owl judge\app.py:1979]
2025-04-15 15:32:02,678 ERROR: Exception on /favicon.ico [GET] [in C:\Users\drago\AppData\Local\Programs\Python\Python313\Lib\site-packages\flask\app.py:875]
Traceback (most recent call last):
  File "C:\Users\drago\AppData\Local\Programs\Python\Python313\Lib\site-packages\flask\app.py", line 917, in full_dispatch_request
    rv = self.dispatch_request()
  File "C:\Users\drago\AppData\Local\Programs\Python\Python313\Lib\site-packages\flask\app.py", line 902, in dispatch_request
    return self.ensure_sync(self.view_functions[rule.endpoint])(**view_args)  # type: ignore[no-any-return]
           ~~~~~~~~~~~~~~~~~~~~~~~~~~~~~~~~~~~~~~~~~~~~~~~~~~~~^^^^^^^^^^^^^
  File "C:\Users\drago\OneDrive\Pulpit\ALL\newest owl judge\app.py", line 369, in favicon
    return send_from_directory(
        os.path.join(app.root_path, 'static', 'img'), # Assuming favicon is in static/img
    ...<2 lines>...
        max_age=2592000 # Cache for 30 days
    )
  File "C:\Users\drago\AppData\Local\Programs\Python\Python313\Lib\site-packages\flask\helpers.py", line 565, in send_from_directory
    return werkzeug.utils.send_from_directory(  # type: ignore[return-value]
           ~~~~~~~~~~~~~~~~~~~~~~~~~~~~~~~~~~^^^^^^^^^^^^^^^^^^^^^^^^^^^^^^^
        directory, path, **_prepare_send_file_kwargs(**kwargs)
        ^^^^^^^^^^^^^^^^^^^^^^^^^^^^^^^^^^^^^^^^^^^^^^^^^^^^^^
    )
    ^
  File "C:\Users\drago\AppData\Local\Programs\Python\Python313\Lib\site-packages\werkzeug\utils.py", line 575, in send_from_directory
    raise NotFound()
werkzeug.exceptions.NotFound: 404 Not Found: The requested URL was not found on the server. If you entered the URL manually please check your spelling and try again.

During handling of the above exception, another exception occurred:

Traceback (most recent call last):
  File "C:\Users\drago\AppData\Local\Programs\Python\Python313\Lib\site-packages\flask\app.py", line 1511, in wsgi_app
    response = self.full_dispatch_request()
  File "C:\Users\drago\AppData\Local\Programs\Python\Python313\Lib\site-packages\flask\app.py", line 919, in full_dispatch_request
    rv = self.handle_user_exception(e)
  File "C:\Users\drago\AppData\Local\Programs\Python\Python313\Lib\site-packages\flask\app.py", line 802, in handle_user_exception
    return self.handle_http_exception(e)
           ~~~~~~~~~~~~~~~~~~~~~~~~~~^^^
  File "C:\Users\drago\AppData\Local\Programs\Python\Python313\Lib\site-packages\flask\app.py", line 777, in handle_http_exception
    return self.ensure_sync(handler)(e)  # type: ignore[no-any-return]
           ~~~~~~~~~~~~~~~~~~~~~~~~~^^^
  File "C:\Users\drago\OneDrive\Pulpit\ALL\newest owl judge\app.py", line 1982, in page_not_found
    return render_template('404.html'), 404
           ~~~~~~~~~~~~~~~^^^^^^^^^^^^
  File "C:\Users\drago\AppData\Local\Programs\Python\Python313\Lib\site-packages\flask\templating.py", line 149, in render_template
    template = app.jinja_env.get_or_select_template(template_name_or_list)
  File "C:\Users\drago\AppData\Local\Programs\Python\Python313\Lib\site-packages\jinja2\environment.py", line 1087, in get_or_select_template
    return self.get_template(template_name_or_list, parent, globals)
           ~~~~~~~~~~~~~~~~~^^^^^^^^^^^^^^^^^^^^^^^^^^^^^^^^^^^^^^^^
  File "C:\Users\drago\AppData\Local\Programs\Python\Python313\Lib\site-packages\jinja2\environment.py", line 1016, in get_template
    return self._load_template(name, globals)
           ~~~~~~~~~~~~~~~~~~~^^^^^^^^^^^^^^^
  File "C:\Users\drago\AppData\Local\Programs\Python\Python313\Lib\site-packages\jinja2\environment.py", line 975, in _load_template
    template = self.loader.load(self, name, self.make_globals(globals))
  File "C:\Users\drago\AppData\Local\Programs\Python\Python313\Lib\site-packages\jinja2\loaders.py", line 138, in load
    code = environment.compile(source, name, filename)
  File "C:\Users\drago\AppData\Local\Programs\Python\Python313\Lib\site-packages\jinja2\environment.py", line 771, in compile
    self.handle_exception(source=source_hint)
    ~~~~~~~~~~~~~~~~~~~~~^^^^^^^^^^^^^^^^^^^^
  File "C:\Users\drago\AppData\Local\Programs\Python\Python313\Lib\site-packages\jinja2\environment.py", line 942, in handle_exception
    raise rewrite_traceback_stack(source=source)
  File "C:\Users\drago\OneDrive\Pulpit\ALL\newest owl judge\templates\404.html", line 45, in template
    {% block title %}Server Error - OwlJudge{% endblock %}
    ^^^^^^^^^^^^^^^^^^^^^^^^^
jinja2.exceptions.TemplateAssertionError: block 'title' defined twice
2025-04-15 15:32:11,265 INFO: ======================================== [in C:\Users\drago\OneDrive\Pulpit\ALL\newest owl judge\app.py:103]
2025-04-15 15:32:11,265 INFO: OwlJudge startup configured. Debug Mode: False [in C:\Users\drago\OneDrive\Pulpit\ALL\newest owl judge\app.py:104]
2025-04-15 15:32:11,265 INFO: Database URI: sqlite:///C:\Users\drago\OneDrive\Pulpit\ALL\newest owl judge\database.db [in C:\Users\drago\OneDrive\Pulpit\ALL\newest owl judge\app.py:105]
2025-04-15 15:32:11,265 INFO: Session Type: filesystem [in C:\Users\drago\OneDrive\Pulpit\ALL\newest owl judge\app.py:106]
2025-04-15 15:32:11,265 INFO: Log Level: INFO [in C:\Users\drago\OneDrive\Pulpit\ALL\newest owl judge\app.py:107]
2025-04-15 15:32:11,265 INFO: ======================================== [in C:\Users\drago\OneDrive\Pulpit\ALL\newest owl judge\app.py:113]
2025-04-15 15:32:11,282 INFO: Checking database status... [in C:\Users\drago\OneDrive\Pulpit\ALL\newest owl judge\app.py:2124]
2025-04-15 15:32:11,283 INFO: Database tables verified/created. [in C:\Users\drago\OneDrive\Pulpit\ALL\newest owl judge\app.py:2128]
2025-04-15 15:32:11,283 INFO: Starting Flask server on http://127.0.0.1:5000 [in C:\Users\drago\OneDrive\Pulpit\ALL\newest owl judge\app.py:2141]
2025-04-15 15:32:11,477 INFO: 404 Not Found: /favicon.ico (Referrer: http://127.0.0.1:5000/signup) [Unauthenticated User] [in C:\Users\drago\OneDrive\Pulpit\ALL\newest owl judge\app.py:1979]
2025-04-15 15:32:11,479 ERROR: Exception on /favicon.ico [GET] [in C:\Users\drago\AppData\Local\Programs\Python\Python313\Lib\site-packages\flask\app.py:875]
Traceback (most recent call last):
  File "C:\Users\drago\AppData\Local\Programs\Python\Python313\Lib\site-packages\flask\app.py", line 917, in full_dispatch_request
    rv = self.dispatch_request()
  File "C:\Users\drago\AppData\Local\Programs\Python\Python313\Lib\site-packages\flask\app.py", line 902, in dispatch_request
    return self.ensure_sync(self.view_functions[rule.endpoint])(**view_args)  # type: ignore[no-any-return]
           ~~~~~~~~~~~~~~~~~~~~~~~~~~~~~~~~~~~~~~~~~~~~~~~~~~~~^^^^^^^^^^^^^
  File "C:\Users\drago\OneDrive\Pulpit\ALL\newest owl judge\app.py", line 369, in favicon
    return send_from_directory(
        os.path.join(app.root_path, 'static', 'img'), # Assuming favicon is in static/img
    ...<2 lines>...
        max_age=2592000 # Cache for 30 days
    )
  File "C:\Users\drago\AppData\Local\Programs\Python\Python313\Lib\site-packages\flask\helpers.py", line 565, in send_from_directory
    return werkzeug.utils.send_from_directory(  # type: ignore[return-value]
           ~~~~~~~~~~~~~~~~~~~~~~~~~~~~~~~~~~^^^^^^^^^^^^^^^^^^^^^^^^^^^^^^^
        directory, path, **_prepare_send_file_kwargs(**kwargs)
        ^^^^^^^^^^^^^^^^^^^^^^^^^^^^^^^^^^^^^^^^^^^^^^^^^^^^^^
    )
    ^
  File "C:\Users\drago\AppData\Local\Programs\Python\Python313\Lib\site-packages\werkzeug\utils.py", line 575, in send_from_directory
    raise NotFound()
werkzeug.exceptions.NotFound: 404 Not Found: The requested URL was not found on the server. If you entered the URL manually please check your spelling and try again.

During handling of the above exception, another exception occurred:

Traceback (most recent call last):
  File "C:\Users\drago\AppData\Local\Programs\Python\Python313\Lib\site-packages\flask\app.py", line 1511, in wsgi_app
    response = self.full_dispatch_request()
  File "C:\Users\drago\AppData\Local\Programs\Python\Python313\Lib\site-packages\flask\app.py", line 919, in full_dispatch_request
    rv = self.handle_user_exception(e)
  File "C:\Users\drago\AppData\Local\Programs\Python\Python313\Lib\site-packages\flask\app.py", line 802, in handle_user_exception
    return self.handle_http_exception(e)
           ~~~~~~~~~~~~~~~~~~~~~~~~~~^^^
  File "C:\Users\drago\AppData\Local\Programs\Python\Python313\Lib\site-packages\flask\app.py", line 777, in handle_http_exception
    return self.ensure_sync(handler)(e)  # type: ignore[no-any-return]
           ~~~~~~~~~~~~~~~~~~~~~~~~~^^^
  File "C:\Users\drago\OneDrive\Pulpit\ALL\newest owl judge\app.py", line 1982, in page_not_found
    return render_template('404.html'), 404
           ~~~~~~~~~~~~~~~^^^^^^^^^^^^
  File "C:\Users\drago\AppData\Local\Programs\Python\Python313\Lib\site-packages\flask\templating.py", line 149, in render_template
    template = app.jinja_env.get_or_select_template(template_name_or_list)
  File "C:\Users\drago\AppData\Local\Programs\Python\Python313\Lib\site-packages\jinja2\environment.py", line 1087, in get_or_select_template
    return self.get_template(template_name_or_list, parent, globals)
           ~~~~~~~~~~~~~~~~~^^^^^^^^^^^^^^^^^^^^^^^^^^^^^^^^^^^^^^^^
  File "C:\Users\drago\AppData\Local\Programs\Python\Python313\Lib\site-packages\jinja2\environment.py", line 1016, in get_template
    return self._load_template(name, globals)
           ~~~~~~~~~~~~~~~~~~~^^^^^^^^^^^^^^^
  File "C:\Users\drago\AppData\Local\Programs\Python\Python313\Lib\site-packages\jinja2\environment.py", line 975, in _load_template
    template = self.loader.load(self, name, self.make_globals(globals))
  File "C:\Users\drago\AppData\Local\Programs\Python\Python313\Lib\site-packages\jinja2\loaders.py", line 138, in load
    code = environment.compile(source, name, filename)
  File "C:\Users\drago\AppData\Local\Programs\Python\Python313\Lib\site-packages\jinja2\environment.py", line 771, in compile
    self.handle_exception(source=source_hint)
    ~~~~~~~~~~~~~~~~~~~~~^^^^^^^^^^^^^^^^^^^^
  File "C:\Users\drago\AppData\Local\Programs\Python\Python313\Lib\site-packages\jinja2\environment.py", line 942, in handle_exception
    raise rewrite_traceback_stack(source=source)
  File "C:\Users\drago\OneDrive\Pulpit\ALL\newest owl judge\templates\404.html", line 45, in template
    {% block title %}Server Error - OwlJudge{% endblock %}
    ^^^^^^^^^^^^^^^^^^^^^^^^^
jinja2.exceptions.TemplateAssertionError: block 'title' defined twice
2025-04-15 15:32:13,037 INFO: 404 Not Found: /favicon.ico (Referrer: http://127.0.0.1:5000/login) [Unauthenticated User] [in C:\Users\drago\OneDrive\Pulpit\ALL\newest owl judge\app.py:1979]
2025-04-15 15:32:13,038 ERROR: Exception on /favicon.ico [GET] [in C:\Users\drago\AppData\Local\Programs\Python\Python313\Lib\site-packages\flask\app.py:875]
Traceback (most recent call last):
  File "C:\Users\drago\AppData\Local\Programs\Python\Python313\Lib\site-packages\flask\app.py", line 917, in full_dispatch_request
    rv = self.dispatch_request()
  File "C:\Users\drago\AppData\Local\Programs\Python\Python313\Lib\site-packages\flask\app.py", line 902, in dispatch_request
    return self.ensure_sync(self.view_functions[rule.endpoint])(**view_args)  # type: ignore[no-any-return]
           ~~~~~~~~~~~~~~~~~~~~~~~~~~~~~~~~~~~~~~~~~~~~~~~~~~~~^^^^^^^^^^^^^
  File "C:\Users\drago\OneDrive\Pulpit\ALL\newest owl judge\app.py", line 369, in favicon
    return send_from_directory(
        os.path.join(app.root_path, 'static', 'img'), # Assuming favicon is in static/img
    ...<2 lines>...
        max_age=2592000 # Cache for 30 days
    )
  File "C:\Users\drago\AppData\Local\Programs\Python\Python313\Lib\site-packages\flask\helpers.py", line 565, in send_from_directory
    return werkzeug.utils.send_from_directory(  # type: ignore[return-value]
           ~~~~~~~~~~~~~~~~~~~~~~~~~~~~~~~~~~^^^^^^^^^^^^^^^^^^^^^^^^^^^^^^^
        directory, path, **_prepare_send_file_kwargs(**kwargs)
        ^^^^^^^^^^^^^^^^^^^^^^^^^^^^^^^^^^^^^^^^^^^^^^^^^^^^^^
    )
    ^
  File "C:\Users\drago\AppData\Local\Programs\Python\Python313\Lib\site-packages\werkzeug\utils.py", line 575, in send_from_directory
    raise NotFound()
werkzeug.exceptions.NotFound: 404 Not Found: The requested URL was not found on the server. If you entered the URL manually please check your spelling and try again.

During handling of the above exception, another exception occurred:

Traceback (most recent call last):
  File "C:\Users\drago\AppData\Local\Programs\Python\Python313\Lib\site-packages\flask\app.py", line 1511, in wsgi_app
    response = self.full_dispatch_request()
  File "C:\Users\drago\AppData\Local\Programs\Python\Python313\Lib\site-packages\flask\app.py", line 919, in full_dispatch_request
    rv = self.handle_user_exception(e)
  File "C:\Users\drago\AppData\Local\Programs\Python\Python313\Lib\site-packages\flask\app.py", line 802, in handle_user_exception
    return self.handle_http_exception(e)
           ~~~~~~~~~~~~~~~~~~~~~~~~~~^^^
  File "C:\Users\drago\AppData\Local\Programs\Python\Python313\Lib\site-packages\flask\app.py", line 777, in handle_http_exception
    return self.ensure_sync(handler)(e)  # type: ignore[no-any-return]
           ~~~~~~~~~~~~~~~~~~~~~~~~~^^^
  File "C:\Users\drago\OneDrive\Pulpit\ALL\newest owl judge\app.py", line 1982, in page_not_found
    return render_template('404.html'), 404
           ~~~~~~~~~~~~~~~^^^^^^^^^^^^
  File "C:\Users\drago\AppData\Local\Programs\Python\Python313\Lib\site-packages\flask\templating.py", line 149, in render_template
    template = app.jinja_env.get_or_select_template(template_name_or_list)
  File "C:\Users\drago\AppData\Local\Programs\Python\Python313\Lib\site-packages\jinja2\environment.py", line 1087, in get_or_select_template
    return self.get_template(template_name_or_list, parent, globals)
           ~~~~~~~~~~~~~~~~~^^^^^^^^^^^^^^^^^^^^^^^^^^^^^^^^^^^^^^^^
  File "C:\Users\drago\AppData\Local\Programs\Python\Python313\Lib\site-packages\jinja2\environment.py", line 1016, in get_template
    return self._load_template(name, globals)
           ~~~~~~~~~~~~~~~~~~~^^^^^^^^^^^^^^^
  File "C:\Users\drago\AppData\Local\Programs\Python\Python313\Lib\site-packages\jinja2\environment.py", line 975, in _load_template
    template = self.loader.load(self, name, self.make_globals(globals))
  File "C:\Users\drago\AppData\Local\Programs\Python\Python313\Lib\site-packages\jinja2\loaders.py", line 138, in load
    code = environment.compile(source, name, filename)
  File "C:\Users\drago\AppData\Local\Programs\Python\Python313\Lib\site-packages\jinja2\environment.py", line 771, in compile
    self.handle_exception(source=source_hint)
    ~~~~~~~~~~~~~~~~~~~~~^^^^^^^^^^^^^^^^^^^^
  File "C:\Users\drago\AppData\Local\Programs\Python\Python313\Lib\site-packages\jinja2\environment.py", line 942, in handle_exception
    raise rewrite_traceback_stack(source=source)
  File "C:\Users\drago\OneDrive\Pulpit\ALL\newest owl judge\templates\404.html", line 45, in template
    {% block title %}Server Error - OwlJudge{% endblock %}
    ^^^^^^^^^^^^^^^^^^^^^^^^^
jinja2.exceptions.TemplateAssertionError: block 'title' defined twice
2025-04-15 15:32:18,598 ERROR: Database error during admin password reset request for mrzepka@students.kennesaw.edu: (sqlite3.OperationalError) no such column: users.created_at
[SQL: SELECT users.id AS users_id, users.email AS users_email, users.password AS users_password, users.name AS users_name, users.role AS users_role, users.created_at AS users_created_at, users.updated_at AS users_updated_at, users.judge_request_pending AS users_judge_request_pending, users.reset_token AS users_reset_token, users.reset_token_expiration AS users_reset_token_expiration 
FROM users 
WHERE lower(users.email) LIKE lower(?)
 LIMIT ? OFFSET ?]
[parameters: ('mrzepka@students.kennesaw.edu', 1, 0)]
(Background on this error at: https://sqlalche.me/e/20/e3q8) [in C:\Users\drago\OneDrive\Pulpit\ALL\newest owl judge\app.py:852]
Traceback (most recent call last):
  File "C:\Users\drago\AppData\Local\Programs\Python\Python313\Lib\site-packages\sqlalchemy\engine\base.py", line 1964, in _exec_single_context
    self.dialect.do_execute(
    ~~~~~~~~~~~~~~~~~~~~~~~^
        cursor, str_statement, effective_parameters, context
        ^^^^^^^^^^^^^^^^^^^^^^^^^^^^^^^^^^^^^^^^^^^^^^^^^^^^
    )
    ^
  File "C:\Users\drago\AppData\Local\Programs\Python\Python313\Lib\site-packages\sqlalchemy\engine\default.py", line 942, in do_execute
    cursor.execute(statement, parameters)
    ~~~~~~~~~~~~~~^^^^^^^^^^^^^^^^^^^^^^^
sqlite3.OperationalError: no such column: users.created_at

The above exception was the direct cause of the following exception:

Traceback (most recent call last):
  File "C:\Users\drago\OneDrive\Pulpit\ALL\newest owl judge\app.py", line 835, in request_admin_password_reset
    user = User.query.filter(User.email.ilike(email)).first()
  File "C:\Users\drago\AppData\Local\Programs\Python\Python313\Lib\site-packages\sqlalchemy\orm\query.py", line 2759, in first
    return self.limit(1)._iter().first()  # type: ignore
           ~~~~~~~~~~~~~~~~~~~^^
  File "C:\Users\drago\AppData\Local\Programs\Python\Python313\Lib\site-packages\sqlalchemy\orm\query.py", line 2858, in _iter
    result: Union[ScalarResult[_T], Result[_T]] = self.session.execute(
                                                  ~~~~~~~~~~~~~~~~~~~~^
        statement,
        ^^^^^^^^^^
        params,
        ^^^^^^^
        execution_options={"_sa_orm_load_options": self.load_options},
        ^^^^^^^^^^^^^^^^^^^^^^^^^^^^^^^^^^^^^^^^^^^^^^^^^^^^^^^^^^^^^^
    )
    ^
  File "C:\Users\drago\AppData\Local\Programs\Python\Python313\Lib\site-packages\sqlalchemy\orm\session.py", line 2365, in execute
    return self._execute_internal(
           ~~~~~~~~~~~~~~~~~~~~~~^
        statement,
        ^^^^^^^^^^
    ...<4 lines>...
        _add_event=_add_event,
        ^^^^^^^^^^^^^^^^^^^^^^
    )
    ^
  File "C:\Users\drago\AppData\Local\Programs\Python\Python313\Lib\site-packages\sqlalchemy\orm\session.py", line 2251, in _execute_internal
    result: Result[Any] = compile_state_cls.orm_execute_statement(
                          ~~~~~~~~~~~~~~~~~~~~~~~~~~~~~~~~~~~~~~~^
        self,
        ^^^^^
    ...<4 lines>...
        conn,
        ^^^^^
    )
    ^
  File "C:\Users\drago\AppData\Local\Programs\Python\Python313\Lib\site-packages\sqlalchemy\orm\context.py", line 306, in orm_execute_statement
    result = conn.execute(
        statement, params or {}, execution_options=execution_options
    )
  File "C:\Users\drago\AppData\Local\Programs\Python\Python313\Lib\site-packages\sqlalchemy\engine\base.py", line 1416, in execute
    return meth(
        self,
        distilled_parameters,
        execution_options or NO_OPTIONS,
    )
  File "C:\Users\drago\AppData\Local\Programs\Python\Python313\Lib\site-packages\sqlalchemy\sql\elements.py", line 523, in _execute_on_connection
    return connection._execute_clauseelement(
           ~~~~~~~~~~~~~~~~~~~~~~~~~~~~~~~~~^
        self, distilled_params, execution_options
        ^^^^^^^^^^^^^^^^^^^^^^^^^^^^^^^^^^^^^^^^^
    )
    ^
  File "C:\Users\drago\AppData\Local\Programs\Python\Python313\Lib\site-packages\sqlalchemy\engine\base.py", line 1638, in _execute_clauseelement
    ret = self._execute_context(
        dialect,
    ...<8 lines>...
        cache_hit=cache_hit,
    )
  File "C:\Users\drago\AppData\Local\Programs\Python\Python313\Lib\site-packages\sqlalchemy\engine\base.py", line 1843, in _execute_context
    return self._exec_single_context(
           ~~~~~~~~~~~~~~~~~~~~~~~~~^
        dialect, context, statement, parameters
        ^^^^^^^^^^^^^^^^^^^^^^^^^^^^^^^^^^^^^^^
    )
    ^
  File "C:\Users\drago\AppData\Local\Programs\Python\Python313\Lib\site-packages\sqlalchemy\engine\base.py", line 1983, in _exec_single_context
    self._handle_dbapi_exception(
    ~~~~~~~~~~~~~~~~~~~~~~~~~~~~^
        e, str_statement, effective_parameters, cursor, context
        ^^^^^^^^^^^^^^^^^^^^^^^^^^^^^^^^^^^^^^^^^^^^^^^^^^^^^^^
    )
    ^
  File "C:\Users\drago\AppData\Local\Programs\Python\Python313\Lib\site-packages\sqlalchemy\engine\base.py", line 2352, in _handle_dbapi_exception
    raise sqlalchemy_exception.with_traceback(exc_info[2]) from e
  File "C:\Users\drago\AppData\Local\Programs\Python\Python313\Lib\site-packages\sqlalchemy\engine\base.py", line 1964, in _exec_single_context
    self.dialect.do_execute(
    ~~~~~~~~~~~~~~~~~~~~~~~^
        cursor, str_statement, effective_parameters, context
        ^^^^^^^^^^^^^^^^^^^^^^^^^^^^^^^^^^^^^^^^^^^^^^^^^^^^
    )
    ^
  File "C:\Users\drago\AppData\Local\Programs\Python\Python313\Lib\site-packages\sqlalchemy\engine\default.py", line 942, in do_execute
    cursor.execute(statement, parameters)
    ~~~~~~~~~~~~~~^^^^^^^^^^^^^^^^^^^^^^^
sqlalchemy.exc.OperationalError: (sqlite3.OperationalError) no such column: users.created_at
[SQL: SELECT users.id AS users_id, users.email AS users_email, users.password AS users_password, users.name AS users_name, users.role AS users_role, users.created_at AS users_created_at, users.updated_at AS users_updated_at, users.judge_request_pending AS users_judge_request_pending, users.reset_token AS users_reset_token, users.reset_token_expiration AS users_reset_token_expiration 
FROM users 
WHERE lower(users.email) LIKE lower(?)
 LIMIT ? OFFSET ?]
[parameters: ('mrzepka@students.kennesaw.edu', 1, 0)]
(Background on this error at: https://sqlalche.me/e/20/e3q8)
2025-04-15 15:33:45,133 INFO: 404 Not Found: /favicon.ico (Referrer: http://127.0.0.1:5000/signup) [Unauthenticated User] [in C:\Users\drago\OneDrive\Pulpit\ALL\newest owl judge\app.py:1979]
2025-04-15 15:33:45,134 ERROR: Exception on /favicon.ico [GET] [in C:\Users\drago\AppData\Local\Programs\Python\Python313\Lib\site-packages\flask\app.py:875]
Traceback (most recent call last):
  File "C:\Users\drago\AppData\Local\Programs\Python\Python313\Lib\site-packages\flask\app.py", line 917, in full_dispatch_request
    rv = self.dispatch_request()
  File "C:\Users\drago\AppData\Local\Programs\Python\Python313\Lib\site-packages\flask\app.py", line 902, in dispatch_request
    return self.ensure_sync(self.view_functions[rule.endpoint])(**view_args)  # type: ignore[no-any-return]
           ~~~~~~~~~~~~~~~~~~~~~~~~~~~~~~~~~~~~~~~~~~~~~~~~~~~~^^^^^^^^^^^^^
  File "C:\Users\drago\OneDrive\Pulpit\ALL\newest owl judge\app.py", line 369, in favicon
    return send_from_directory(
        os.path.join(app.root_path, 'static', 'img'), # Assuming favicon is in static/img
    ...<2 lines>...
        max_age=2592000 # Cache for 30 days
    )
  File "C:\Users\drago\AppData\Local\Programs\Python\Python313\Lib\site-packages\flask\helpers.py", line 565, in send_from_directory
    return werkzeug.utils.send_from_directory(  # type: ignore[return-value]
           ~~~~~~~~~~~~~~~~~~~~~~~~~~~~~~~~~~^^^^^^^^^^^^^^^^^^^^^^^^^^^^^^^
        directory, path, **_prepare_send_file_kwargs(**kwargs)
        ^^^^^^^^^^^^^^^^^^^^^^^^^^^^^^^^^^^^^^^^^^^^^^^^^^^^^^
    )
    ^
  File "C:\Users\drago\AppData\Local\Programs\Python\Python313\Lib\site-packages\werkzeug\utils.py", line 575, in send_from_directory
    raise NotFound()
werkzeug.exceptions.NotFound: 404 Not Found: The requested URL was not found on the server. If you entered the URL manually please check your spelling and try again.

During handling of the above exception, another exception occurred:

Traceback (most recent call last):
  File "C:\Users\drago\AppData\Local\Programs\Python\Python313\Lib\site-packages\flask\app.py", line 1511, in wsgi_app
    response = self.full_dispatch_request()
  File "C:\Users\drago\AppData\Local\Programs\Python\Python313\Lib\site-packages\flask\app.py", line 919, in full_dispatch_request
    rv = self.handle_user_exception(e)
  File "C:\Users\drago\AppData\Local\Programs\Python\Python313\Lib\site-packages\flask\app.py", line 802, in handle_user_exception
    return self.handle_http_exception(e)
           ~~~~~~~~~~~~~~~~~~~~~~~~~~^^^
  File "C:\Users\drago\AppData\Local\Programs\Python\Python313\Lib\site-packages\flask\app.py", line 777, in handle_http_exception
    return self.ensure_sync(handler)(e)  # type: ignore[no-any-return]
           ~~~~~~~~~~~~~~~~~~~~~~~~~^^^
  File "C:\Users\drago\OneDrive\Pulpit\ALL\newest owl judge\app.py", line 1982, in page_not_found
    return render_template('404.html'), 404
           ~~~~~~~~~~~~~~~^^^^^^^^^^^^
  File "C:\Users\drago\AppData\Local\Programs\Python\Python313\Lib\site-packages\flask\templating.py", line 149, in render_template
    template = app.jinja_env.get_or_select_template(template_name_or_list)
  File "C:\Users\drago\AppData\Local\Programs\Python\Python313\Lib\site-packages\jinja2\environment.py", line 1087, in get_or_select_template
    return self.get_template(template_name_or_list, parent, globals)
           ~~~~~~~~~~~~~~~~~^^^^^^^^^^^^^^^^^^^^^^^^^^^^^^^^^^^^^^^^
  File "C:\Users\drago\AppData\Local\Programs\Python\Python313\Lib\site-packages\jinja2\environment.py", line 1016, in get_template
    return self._load_template(name, globals)
           ~~~~~~~~~~~~~~~~~~~^^^^^^^^^^^^^^^
  File "C:\Users\drago\AppData\Local\Programs\Python\Python313\Lib\site-packages\jinja2\environment.py", line 975, in _load_template
    template = self.loader.load(self, name, self.make_globals(globals))
  File "C:\Users\drago\AppData\Local\Programs\Python\Python313\Lib\site-packages\jinja2\loaders.py", line 138, in load
    code = environment.compile(source, name, filename)
  File "C:\Users\drago\AppData\Local\Programs\Python\Python313\Lib\site-packages\jinja2\environment.py", line 771, in compile
    self.handle_exception(source=source_hint)
    ~~~~~~~~~~~~~~~~~~~~~^^^^^^^^^^^^^^^^^^^^
  File "C:\Users\drago\AppData\Local\Programs\Python\Python313\Lib\site-packages\jinja2\environment.py", line 942, in handle_exception
    raise rewrite_traceback_stack(source=source)
  File "C:\Users\drago\OneDrive\Pulpit\ALL\newest owl judge\templates\404.html", line 45, in template
    {% block title %}Server Error - OwlJudge{% endblock %}
    ^^^^^^^^^^^^^^^^^^^^^^^^^
jinja2.exceptions.TemplateAssertionError: block 'title' defined twice
2025-04-15 15:34:07,023 ERROR: Database error during signup for mr2zepka@students.kennesaw.edu: (sqlite3.OperationalError) no such column: users.created_at
[SQL: SELECT users.id AS users_id, users.email AS users_email, users.password AS users_password, users.name AS users_name, users.role AS users_role, users.created_at AS users_created_at, users.updated_at AS users_updated_at, users.judge_request_pending AS users_judge_request_pending, users.reset_token AS users_reset_token, users.reset_token_expiration AS users_reset_token_expiration 
FROM users 
WHERE lower(users.email) LIKE lower(?)
 LIMIT ? OFFSET ?]
[parameters: ('mr2zepka@students.kennesaw.edu', 1, 0)]
(Background on this error at: https://sqlalche.me/e/20/e3q8) [in C:\Users\drago\OneDrive\Pulpit\ALL\newest owl judge\app.py:515]
Traceback (most recent call last):
  File "C:\Users\drago\AppData\Local\Programs\Python\Python313\Lib\site-packages\sqlalchemy\engine\base.py", line 1964, in _exec_single_context
    self.dialect.do_execute(
    ~~~~~~~~~~~~~~~~~~~~~~~^
        cursor, str_statement, effective_parameters, context
        ^^^^^^^^^^^^^^^^^^^^^^^^^^^^^^^^^^^^^^^^^^^^^^^^^^^^
    )
    ^
  File "C:\Users\drago\AppData\Local\Programs\Python\Python313\Lib\site-packages\sqlalchemy\engine\default.py", line 942, in do_execute
    cursor.execute(statement, parameters)
    ~~~~~~~~~~~~~~^^^^^^^^^^^^^^^^^^^^^^^
sqlite3.OperationalError: no such column: users.created_at

The above exception was the direct cause of the following exception:

Traceback (most recent call last):
  File "C:\Users\drago\OneDrive\Pulpit\ALL\newest owl judge\app.py", line 496, in signup
    if User.query.filter(User.email.ilike(email)).first():
       ~~~~~~~~~~~~~~~~~~~~~~~~~~~~~~~~~~~~~~~~~~~~~~~~^^
  File "C:\Users\drago\AppData\Local\Programs\Python\Python313\Lib\site-packages\sqlalchemy\orm\query.py", line 2759, in first
    return self.limit(1)._iter().first()  # type: ignore
           ~~~~~~~~~~~~~~~~~~~^^
  File "C:\Users\drago\AppData\Local\Programs\Python\Python313\Lib\site-packages\sqlalchemy\orm\query.py", line 2858, in _iter
    result: Union[ScalarResult[_T], Result[_T]] = self.session.execute(
                                                  ~~~~~~~~~~~~~~~~~~~~^
        statement,
        ^^^^^^^^^^
        params,
        ^^^^^^^
        execution_options={"_sa_orm_load_options": self.load_options},
        ^^^^^^^^^^^^^^^^^^^^^^^^^^^^^^^^^^^^^^^^^^^^^^^^^^^^^^^^^^^^^^
    )
    ^
  File "C:\Users\drago\AppData\Local\Programs\Python\Python313\Lib\site-packages\sqlalchemy\orm\session.py", line 2365, in execute
    return self._execute_internal(
           ~~~~~~~~~~~~~~~~~~~~~~^
        statement,
        ^^^^^^^^^^
    ...<4 lines>...
        _add_event=_add_event,
        ^^^^^^^^^^^^^^^^^^^^^^
    )
    ^
  File "C:\Users\drago\AppData\Local\Programs\Python\Python313\Lib\site-packages\sqlalchemy\orm\session.py", line 2251, in _execute_internal
    result: Result[Any] = compile_state_cls.orm_execute_statement(
                          ~~~~~~~~~~~~~~~~~~~~~~~~~~~~~~~~~~~~~~~^
        self,
        ^^^^^
    ...<4 lines>...
        conn,
        ^^^^^
    )
    ^
  File "C:\Users\drago\AppData\Local\Programs\Python\Python313\Lib\site-packages\sqlalchemy\orm\context.py", line 306, in orm_execute_statement
    result = conn.execute(
        statement, params or {}, execution_options=execution_options
    )
  File "C:\Users\drago\AppData\Local\Programs\Python\Python313\Lib\site-packages\sqlalchemy\engine\base.py", line 1416, in execute
    return meth(
        self,
        distilled_parameters,
        execution_options or NO_OPTIONS,
    )
  File "C:\Users\drago\AppData\Local\Programs\Python\Python313\Lib\site-packages\sqlalchemy\sql\elements.py", line 523, in _execute_on_connection
    return connection._execute_clauseelement(
           ~~~~~~~~~~~~~~~~~~~~~~~~~~~~~~~~~^
        self, distilled_params, execution_options
        ^^^^^^^^^^^^^^^^^^^^^^^^^^^^^^^^^^^^^^^^^
    )
    ^
  File "C:\Users\drago\AppData\Local\Programs\Python\Python313\Lib\site-packages\sqlalchemy\engine\base.py", line 1638, in _execute_clauseelement
    ret = self._execute_context(
        dialect,
    ...<8 lines>...
        cache_hit=cache_hit,
    )
  File "C:\Users\drago\AppData\Local\Programs\Python\Python313\Lib\site-packages\sqlalchemy\engine\base.py", line 1843, in _execute_context
    return self._exec_single_context(
           ~~~~~~~~~~~~~~~~~~~~~~~~~^
        dialect, context, statement, parameters
        ^^^^^^^^^^^^^^^^^^^^^^^^^^^^^^^^^^^^^^^
    )
    ^
  File "C:\Users\drago\AppData\Local\Programs\Python\Python313\Lib\site-packages\sqlalchemy\engine\base.py", line 1983, in _exec_single_context
    self._handle_dbapi_exception(
    ~~~~~~~~~~~~~~~~~~~~~~~~~~~~^
        e, str_statement, effective_parameters, cursor, context
        ^^^^^^^^^^^^^^^^^^^^^^^^^^^^^^^^^^^^^^^^^^^^^^^^^^^^^^^
    )
    ^
  File "C:\Users\drago\AppData\Local\Programs\Python\Python313\Lib\site-packages\sqlalchemy\engine\base.py", line 2352, in _handle_dbapi_exception
    raise sqlalchemy_exception.with_traceback(exc_info[2]) from e
  File "C:\Users\drago\AppData\Local\Programs\Python\Python313\Lib\site-packages\sqlalchemy\engine\base.py", line 1964, in _exec_single_context
    self.dialect.do_execute(
    ~~~~~~~~~~~~~~~~~~~~~~~^
        cursor, str_statement, effective_parameters, context
        ^^^^^^^^^^^^^^^^^^^^^^^^^^^^^^^^^^^^^^^^^^^^^^^^^^^^
    )
    ^
  File "C:\Users\drago\AppData\Local\Programs\Python\Python313\Lib\site-packages\sqlalchemy\engine\default.py", line 942, in do_execute
    cursor.execute(statement, parameters)
    ~~~~~~~~~~~~~~^^^^^^^^^^^^^^^^^^^^^^^
sqlalchemy.exc.OperationalError: (sqlite3.OperationalError) no such column: users.created_at
[SQL: SELECT users.id AS users_id, users.email AS users_email, users.password AS users_password, users.name AS users_name, users.role AS users_role, users.created_at AS users_created_at, users.updated_at AS users_updated_at, users.judge_request_pending AS users_judge_request_pending, users.reset_token AS users_reset_token, users.reset_token_expiration AS users_reset_token_expiration 
FROM users 
WHERE lower(users.email) LIKE lower(?)
 LIMIT ? OFFSET ?]
[parameters: ('mr2zepka@students.kennesaw.edu', 1, 0)]
(Background on this error at: https://sqlalche.me/e/20/e3q8)
2025-04-15 15:42:17,894 INFO: 404 Not Found: /static/images/cday_presentation_blur.jpg (Referrer: http://127.0.0.1:5000/about) [Unauthenticated User] [in C:\Users\drago\OneDrive\Pulpit\ALL\newest owl judge\app.py:1979]
2025-04-15 15:42:17,896 ERROR: Exception on /static/images/cday_presentation_blur.jpg [GET] [in C:\Users\drago\AppData\Local\Programs\Python\Python313\Lib\site-packages\flask\app.py:875]
Traceback (most recent call last):
  File "C:\Users\drago\AppData\Local\Programs\Python\Python313\Lib\site-packages\flask\app.py", line 917, in full_dispatch_request
    rv = self.dispatch_request()
  File "C:\Users\drago\AppData\Local\Programs\Python\Python313\Lib\site-packages\flask\app.py", line 902, in dispatch_request
    return self.ensure_sync(self.view_functions[rule.endpoint])(**view_args)  # type: ignore[no-any-return]
           ~~~~~~~~~~~~~~~~~~~~~~~~~~~~~~~~~~~~~~~~~~~~~~~~~~~~^^^^^^^^^^^^^
  File "C:\Users\drago\AppData\Local\Programs\Python\Python313\Lib\site-packages\flask\app.py", line 278, in <lambda>
    view_func=lambda **kw: self_ref().send_static_file(**kw),  # type: ignore # noqa: B950
                           ~~~~~~~~~~~~~~~~~~~~~~~~~~~^^^^^^
  File "C:\Users\drago\AppData\Local\Programs\Python\Python313\Lib\site-packages\flask\app.py", line 326, in send_static_file
    return send_from_directory(
        t.cast(str, self.static_folder), filename, max_age=max_age
    )
  File "C:\Users\drago\AppData\Local\Programs\Python\Python313\Lib\site-packages\flask\helpers.py", line 565, in send_from_directory
    return werkzeug.utils.send_from_directory(  # type: ignore[return-value]
           ~~~~~~~~~~~~~~~~~~~~~~~~~~~~~~~~~~^^^^^^^^^^^^^^^^^^^^^^^^^^^^^^^
        directory, path, **_prepare_send_file_kwargs(**kwargs)
        ^^^^^^^^^^^^^^^^^^^^^^^^^^^^^^^^^^^^^^^^^^^^^^^^^^^^^^
    )
    ^
  File "C:\Users\drago\AppData\Local\Programs\Python\Python313\Lib\site-packages\werkzeug\utils.py", line 575, in send_from_directory
    raise NotFound()
werkzeug.exceptions.NotFound: 404 Not Found: The requested URL was not found on the server. If you entered the URL manually please check your spelling and try again.

During handling of the above exception, another exception occurred:

Traceback (most recent call last):
  File "C:\Users\drago\AppData\Local\Programs\Python\Python313\Lib\site-packages\flask\app.py", line 1511, in wsgi_app
    response = self.full_dispatch_request()
  File "C:\Users\drago\AppData\Local\Programs\Python\Python313\Lib\site-packages\flask\app.py", line 919, in full_dispatch_request
    rv = self.handle_user_exception(e)
  File "C:\Users\drago\AppData\Local\Programs\Python\Python313\Lib\site-packages\flask\app.py", line 802, in handle_user_exception
    return self.handle_http_exception(e)
           ~~~~~~~~~~~~~~~~~~~~~~~~~~^^^
  File "C:\Users\drago\AppData\Local\Programs\Python\Python313\Lib\site-packages\flask\app.py", line 777, in handle_http_exception
    return self.ensure_sync(handler)(e)  # type: ignore[no-any-return]
           ~~~~~~~~~~~~~~~~~~~~~~~~~^^^
  File "C:\Users\drago\OneDrive\Pulpit\ALL\newest owl judge\app.py", line 1982, in page_not_found
    return render_template('404.html'), 404
           ~~~~~~~~~~~~~~~^^^^^^^^^^^^
  File "C:\Users\drago\AppData\Local\Programs\Python\Python313\Lib\site-packages\flask\templating.py", line 149, in render_template
    template = app.jinja_env.get_or_select_template(template_name_or_list)
  File "C:\Users\drago\AppData\Local\Programs\Python\Python313\Lib\site-packages\jinja2\environment.py", line 1087, in get_or_select_template
    return self.get_template(template_name_or_list, parent, globals)
           ~~~~~~~~~~~~~~~~~^^^^^^^^^^^^^^^^^^^^^^^^^^^^^^^^^^^^^^^^
  File "C:\Users\drago\AppData\Local\Programs\Python\Python313\Lib\site-packages\jinja2\environment.py", line 1016, in get_template
    return self._load_template(name, globals)
           ~~~~~~~~~~~~~~~~~~~^^^^^^^^^^^^^^^
  File "C:\Users\drago\AppData\Local\Programs\Python\Python313\Lib\site-packages\jinja2\environment.py", line 975, in _load_template
    template = self.loader.load(self, name, self.make_globals(globals))
  File "C:\Users\drago\AppData\Local\Programs\Python\Python313\Lib\site-packages\jinja2\loaders.py", line 138, in load
    code = environment.compile(source, name, filename)
  File "C:\Users\drago\AppData\Local\Programs\Python\Python313\Lib\site-packages\jinja2\environment.py", line 771, in compile
    self.handle_exception(source=source_hint)
    ~~~~~~~~~~~~~~~~~~~~~^^^^^^^^^^^^^^^^^^^^
  File "C:\Users\drago\AppData\Local\Programs\Python\Python313\Lib\site-packages\jinja2\environment.py", line 942, in handle_exception
    raise rewrite_traceback_stack(source=source)
  File "C:\Users\drago\OneDrive\Pulpit\ALL\newest owl judge\templates\404.html", line 45, in template
    {% block title %}Server Error - OwlJudge{% endblock %}
    ^^^^^^^^^^^^^^^^^^^^^^^^^
jinja2.exceptions.TemplateAssertionError: block 'title' defined twice
2025-04-15 15:42:17,928 INFO: 404 Not Found: /favicon.ico (Referrer: http://127.0.0.1:5000/about) [Unauthenticated User] [in C:\Users\drago\OneDrive\Pulpit\ALL\newest owl judge\app.py:1979]
2025-04-15 15:42:17,929 ERROR: Exception on /favicon.ico [GET] [in C:\Users\drago\AppData\Local\Programs\Python\Python313\Lib\site-packages\flask\app.py:875]
Traceback (most recent call last):
  File "C:\Users\drago\AppData\Local\Programs\Python\Python313\Lib\site-packages\flask\app.py", line 917, in full_dispatch_request
    rv = self.dispatch_request()
  File "C:\Users\drago\AppData\Local\Programs\Python\Python313\Lib\site-packages\flask\app.py", line 902, in dispatch_request
    return self.ensure_sync(self.view_functions[rule.endpoint])(**view_args)  # type: ignore[no-any-return]
           ~~~~~~~~~~~~~~~~~~~~~~~~~~~~~~~~~~~~~~~~~~~~~~~~~~~~^^^^^^^^^^^^^
  File "C:\Users\drago\OneDrive\Pulpit\ALL\newest owl judge\app.py", line 369, in favicon
    return send_from_directory(
        os.path.join(app.root_path, 'static', 'img'), # Assuming favicon is in static/img
    ...<2 lines>...
        max_age=2592000 # Cache for 30 days
    )
  File "C:\Users\drago\AppData\Local\Programs\Python\Python313\Lib\site-packages\flask\helpers.py", line 565, in send_from_directory
    return werkzeug.utils.send_from_directory(  # type: ignore[return-value]
           ~~~~~~~~~~~~~~~~~~~~~~~~~~~~~~~~~~^^^^^^^^^^^^^^^^^^^^^^^^^^^^^^^
        directory, path, **_prepare_send_file_kwargs(**kwargs)
        ^^^^^^^^^^^^^^^^^^^^^^^^^^^^^^^^^^^^^^^^^^^^^^^^^^^^^^
    )
    ^
  File "C:\Users\drago\AppData\Local\Programs\Python\Python313\Lib\site-packages\werkzeug\utils.py", line 575, in send_from_directory
    raise NotFound()
werkzeug.exceptions.NotFound: 404 Not Found: The requested URL was not found on the server. If you entered the URL manually please check your spelling and try again.

During handling of the above exception, another exception occurred:

Traceback (most recent call last):
  File "C:\Users\drago\AppData\Local\Programs\Python\Python313\Lib\site-packages\flask\app.py", line 1511, in wsgi_app
    response = self.full_dispatch_request()
  File "C:\Users\drago\AppData\Local\Programs\Python\Python313\Lib\site-packages\flask\app.py", line 919, in full_dispatch_request
    rv = self.handle_user_exception(e)
  File "C:\Users\drago\AppData\Local\Programs\Python\Python313\Lib\site-packages\flask\app.py", line 802, in handle_user_exception
    return self.handle_http_exception(e)
           ~~~~~~~~~~~~~~~~~~~~~~~~~~^^^
  File "C:\Users\drago\AppData\Local\Programs\Python\Python313\Lib\site-packages\flask\app.py", line 777, in handle_http_exception
    return self.ensure_sync(handler)(e)  # type: ignore[no-any-return]
           ~~~~~~~~~~~~~~~~~~~~~~~~~^^^
  File "C:\Users\drago\OneDrive\Pulpit\ALL\newest owl judge\app.py", line 1982, in page_not_found
    return render_template('404.html'), 404
           ~~~~~~~~~~~~~~~^^^^^^^^^^^^
  File "C:\Users\drago\AppData\Local\Programs\Python\Python313\Lib\site-packages\flask\templating.py", line 149, in render_template
    template = app.jinja_env.get_or_select_template(template_name_or_list)
  File "C:\Users\drago\AppData\Local\Programs\Python\Python313\Lib\site-packages\jinja2\environment.py", line 1087, in get_or_select_template
    return self.get_template(template_name_or_list, parent, globals)
           ~~~~~~~~~~~~~~~~~^^^^^^^^^^^^^^^^^^^^^^^^^^^^^^^^^^^^^^^^
  File "C:\Users\drago\AppData\Local\Programs\Python\Python313\Lib\site-packages\jinja2\environment.py", line 1016, in get_template
    return self._load_template(name, globals)
           ~~~~~~~~~~~~~~~~~~~^^^^^^^^^^^^^^^
  File "C:\Users\drago\AppData\Local\Programs\Python\Python313\Lib\site-packages\jinja2\environment.py", line 975, in _load_template
    template = self.loader.load(self, name, self.make_globals(globals))
  File "C:\Users\drago\AppData\Local\Programs\Python\Python313\Lib\site-packages\jinja2\loaders.py", line 138, in load
    code = environment.compile(source, name, filename)
  File "C:\Users\drago\AppData\Local\Programs\Python\Python313\Lib\site-packages\jinja2\environment.py", line 771, in compile
    self.handle_exception(source=source_hint)
    ~~~~~~~~~~~~~~~~~~~~~^^^^^^^^^^^^^^^^^^^^
  File "C:\Users\drago\AppData\Local\Programs\Python\Python313\Lib\site-packages\jinja2\environment.py", line 942, in handle_exception
    raise rewrite_traceback_stack(source=source)
  File "C:\Users\drago\OneDrive\Pulpit\ALL\newest owl judge\templates\404.html", line 45, in template
    {% block title %}Server Error - OwlJudge{% endblock %}
    ^^^^^^^^^^^^^^^^^^^^^^^^^
jinja2.exceptions.TemplateAssertionError: block 'title' defined twice
2025-04-15 15:42:18,652 INFO: 404 Not Found: /favicon.ico (Referrer: http://127.0.0.1:5000/audience) [Unauthenticated User] [in C:\Users\drago\OneDrive\Pulpit\ALL\newest owl judge\app.py:1979]
2025-04-15 15:42:18,653 ERROR: Exception on /favicon.ico [GET] [in C:\Users\drago\AppData\Local\Programs\Python\Python313\Lib\site-packages\flask\app.py:875]
Traceback (most recent call last):
  File "C:\Users\drago\AppData\Local\Programs\Python\Python313\Lib\site-packages\flask\app.py", line 917, in full_dispatch_request
    rv = self.dispatch_request()
  File "C:\Users\drago\AppData\Local\Programs\Python\Python313\Lib\site-packages\flask\app.py", line 902, in dispatch_request
    return self.ensure_sync(self.view_functions[rule.endpoint])(**view_args)  # type: ignore[no-any-return]
           ~~~~~~~~~~~~~~~~~~~~~~~~~~~~~~~~~~~~~~~~~~~~~~~~~~~~^^^^^^^^^^^^^
  File "C:\Users\drago\OneDrive\Pulpit\ALL\newest owl judge\app.py", line 369, in favicon
    return send_from_directory(
        os.path.join(app.root_path, 'static', 'img'), # Assuming favicon is in static/img
    ...<2 lines>...
        max_age=2592000 # Cache for 30 days
    )
  File "C:\Users\drago\AppData\Local\Programs\Python\Python313\Lib\site-packages\flask\helpers.py", line 565, in send_from_directory
    return werkzeug.utils.send_from_directory(  # type: ignore[return-value]
           ~~~~~~~~~~~~~~~~~~~~~~~~~~~~~~~~~~^^^^^^^^^^^^^^^^^^^^^^^^^^^^^^^
        directory, path, **_prepare_send_file_kwargs(**kwargs)
        ^^^^^^^^^^^^^^^^^^^^^^^^^^^^^^^^^^^^^^^^^^^^^^^^^^^^^^
    )
    ^
  File "C:\Users\drago\AppData\Local\Programs\Python\Python313\Lib\site-packages\werkzeug\utils.py", line 575, in send_from_directory
    raise NotFound()
werkzeug.exceptions.NotFound: 404 Not Found: The requested URL was not found on the server. If you entered the URL manually please check your spelling and try again.

During handling of the above exception, another exception occurred:

Traceback (most recent call last):
  File "C:\Users\drago\AppData\Local\Programs\Python\Python313\Lib\site-packages\flask\app.py", line 1511, in wsgi_app
    response = self.full_dispatch_request()
  File "C:\Users\drago\AppData\Local\Programs\Python\Python313\Lib\site-packages\flask\app.py", line 919, in full_dispatch_request
    rv = self.handle_user_exception(e)
  File "C:\Users\drago\AppData\Local\Programs\Python\Python313\Lib\site-packages\flask\app.py", line 802, in handle_user_exception
    return self.handle_http_exception(e)
           ~~~~~~~~~~~~~~~~~~~~~~~~~~^^^
  File "C:\Users\drago\AppData\Local\Programs\Python\Python313\Lib\site-packages\flask\app.py", line 777, in handle_http_exception
    return self.ensure_sync(handler)(e)  # type: ignore[no-any-return]
           ~~~~~~~~~~~~~~~~~~~~~~~~~^^^
  File "C:\Users\drago\OneDrive\Pulpit\ALL\newest owl judge\app.py", line 1982, in page_not_found
    return render_template('404.html'), 404
           ~~~~~~~~~~~~~~~^^^^^^^^^^^^
  File "C:\Users\drago\AppData\Local\Programs\Python\Python313\Lib\site-packages\flask\templating.py", line 149, in render_template
    template = app.jinja_env.get_or_select_template(template_name_or_list)
  File "C:\Users\drago\AppData\Local\Programs\Python\Python313\Lib\site-packages\jinja2\environment.py", line 1087, in get_or_select_template
    return self.get_template(template_name_or_list, parent, globals)
           ~~~~~~~~~~~~~~~~~^^^^^^^^^^^^^^^^^^^^^^^^^^^^^^^^^^^^^^^^
  File "C:\Users\drago\AppData\Local\Programs\Python\Python313\Lib\site-packages\jinja2\environment.py", line 1016, in get_template
    return self._load_template(name, globals)
           ~~~~~~~~~~~~~~~~~~~^^^^^^^^^^^^^^^
  File "C:\Users\drago\AppData\Local\Programs\Python\Python313\Lib\site-packages\jinja2\environment.py", line 975, in _load_template
    template = self.loader.load(self, name, self.make_globals(globals))
  File "C:\Users\drago\AppData\Local\Programs\Python\Python313\Lib\site-packages\jinja2\loaders.py", line 138, in load
    code = environment.compile(source, name, filename)
  File "C:\Users\drago\AppData\Local\Programs\Python\Python313\Lib\site-packages\jinja2\environment.py", line 771, in compile
    self.handle_exception(source=source_hint)
    ~~~~~~~~~~~~~~~~~~~~~^^^^^^^^^^^^^^^^^^^^
  File "C:\Users\drago\AppData\Local\Programs\Python\Python313\Lib\site-packages\jinja2\environment.py", line 942, in handle_exception
    raise rewrite_traceback_stack(source=source)
  File "C:\Users\drago\OneDrive\Pulpit\ALL\newest owl judge\templates\404.html", line 45, in template
    {% block title %}Server Error - OwlJudge{% endblock %}
    ^^^^^^^^^^^^^^^^^^^^^^^^^
jinja2.exceptions.TemplateAssertionError: block 'title' defined twice
2025-04-15 15:42:20,487 INFO: 404 Not Found: /favicon.ico (Referrer: http://127.0.0.1:5000/audience) [Unauthenticated User] [in C:\Users\drago\OneDrive\Pulpit\ALL\newest owl judge\app.py:1979]
2025-04-15 15:42:20,488 ERROR: Exception on /favicon.ico [GET] [in C:\Users\drago\AppData\Local\Programs\Python\Python313\Lib\site-packages\flask\app.py:875]
Traceback (most recent call last):
  File "C:\Users\drago\AppData\Local\Programs\Python\Python313\Lib\site-packages\flask\app.py", line 917, in full_dispatch_request
    rv = self.dispatch_request()
  File "C:\Users\drago\AppData\Local\Programs\Python\Python313\Lib\site-packages\flask\app.py", line 902, in dispatch_request
    return self.ensure_sync(self.view_functions[rule.endpoint])(**view_args)  # type: ignore[no-any-return]
           ~~~~~~~~~~~~~~~~~~~~~~~~~~~~~~~~~~~~~~~~~~~~~~~~~~~~^^^^^^^^^^^^^
  File "C:\Users\drago\OneDrive\Pulpit\ALL\newest owl judge\app.py", line 369, in favicon
    return send_from_directory(
        os.path.join(app.root_path, 'static', 'img'), # Assuming favicon is in static/img
    ...<2 lines>...
        max_age=2592000 # Cache for 30 days
    )
  File "C:\Users\drago\AppData\Local\Programs\Python\Python313\Lib\site-packages\flask\helpers.py", line 565, in send_from_directory
    return werkzeug.utils.send_from_directory(  # type: ignore[return-value]
           ~~~~~~~~~~~~~~~~~~~~~~~~~~~~~~~~~~^^^^^^^^^^^^^^^^^^^^^^^^^^^^^^^
        directory, path, **_prepare_send_file_kwargs(**kwargs)
        ^^^^^^^^^^^^^^^^^^^^^^^^^^^^^^^^^^^^^^^^^^^^^^^^^^^^^^
    )
    ^
  File "C:\Users\drago\AppData\Local\Programs\Python\Python313\Lib\site-packages\werkzeug\utils.py", line 575, in send_from_directory
    raise NotFound()
werkzeug.exceptions.NotFound: 404 Not Found: The requested URL was not found on the server. If you entered the URL manually please check your spelling and try again.

During handling of the above exception, another exception occurred:

Traceback (most recent call last):
  File "C:\Users\drago\AppData\Local\Programs\Python\Python313\Lib\site-packages\flask\app.py", line 1511, in wsgi_app
    response = self.full_dispatch_request()
  File "C:\Users\drago\AppData\Local\Programs\Python\Python313\Lib\site-packages\flask\app.py", line 919, in full_dispatch_request
    rv = self.handle_user_exception(e)
  File "C:\Users\drago\AppData\Local\Programs\Python\Python313\Lib\site-packages\flask\app.py", line 802, in handle_user_exception
    return self.handle_http_exception(e)
           ~~~~~~~~~~~~~~~~~~~~~~~~~~^^^
  File "C:\Users\drago\AppData\Local\Programs\Python\Python313\Lib\site-packages\flask\app.py", line 777, in handle_http_exception
    return self.ensure_sync(handler)(e)  # type: ignore[no-any-return]
           ~~~~~~~~~~~~~~~~~~~~~~~~~^^^
  File "C:\Users\drago\OneDrive\Pulpit\ALL\newest owl judge\app.py", line 1982, in page_not_found
    return render_template('404.html'), 404
           ~~~~~~~~~~~~~~~^^^^^^^^^^^^
  File "C:\Users\drago\AppData\Local\Programs\Python\Python313\Lib\site-packages\flask\templating.py", line 149, in render_template
    template = app.jinja_env.get_or_select_template(template_name_or_list)
  File "C:\Users\drago\AppData\Local\Programs\Python\Python313\Lib\site-packages\jinja2\environment.py", line 1087, in get_or_select_template
    return self.get_template(template_name_or_list, parent, globals)
           ~~~~~~~~~~~~~~~~~^^^^^^^^^^^^^^^^^^^^^^^^^^^^^^^^^^^^^^^^
  File "C:\Users\drago\AppData\Local\Programs\Python\Python313\Lib\site-packages\jinja2\environment.py", line 1016, in get_template
    return self._load_template(name, globals)
           ~~~~~~~~~~~~~~~~~~~^^^^^^^^^^^^^^^
  File "C:\Users\drago\AppData\Local\Programs\Python\Python313\Lib\site-packages\jinja2\environment.py", line 975, in _load_template
    template = self.loader.load(self, name, self.make_globals(globals))
  File "C:\Users\drago\AppData\Local\Programs\Python\Python313\Lib\site-packages\jinja2\loaders.py", line 138, in load
    code = environment.compile(source, name, filename)
  File "C:\Users\drago\AppData\Local\Programs\Python\Python313\Lib\site-packages\jinja2\environment.py", line 771, in compile
    self.handle_exception(source=source_hint)
    ~~~~~~~~~~~~~~~~~~~~~^^^^^^^^^^^^^^^^^^^^
  File "C:\Users\drago\AppData\Local\Programs\Python\Python313\Lib\site-packages\jinja2\environment.py", line 942, in handle_exception
    raise rewrite_traceback_stack(source=source)
  File "C:\Users\drago\OneDrive\Pulpit\ALL\newest owl judge\templates\404.html", line 45, in template
    {% block title %}Server Error - OwlJudge{% endblock %}
    ^^^^^^^^^^^^^^^^^^^^^^^^^
jinja2.exceptions.TemplateAssertionError: block 'title' defined twice
2025-04-15 15:42:20,921 INFO: 404 Not Found: /favicon.ico (Referrer: http://127.0.0.1:5000/audience) [Unauthenticated User] [in C:\Users\drago\OneDrive\Pulpit\ALL\newest owl judge\app.py:1979]
2025-04-15 15:42:20,923 ERROR: Exception on /favicon.ico [GET] [in C:\Users\drago\AppData\Local\Programs\Python\Python313\Lib\site-packages\flask\app.py:875]
Traceback (most recent call last):
  File "C:\Users\drago\AppData\Local\Programs\Python\Python313\Lib\site-packages\flask\app.py", line 917, in full_dispatch_request
    rv = self.dispatch_request()
  File "C:\Users\drago\AppData\Local\Programs\Python\Python313\Lib\site-packages\flask\app.py", line 902, in dispatch_request
    return self.ensure_sync(self.view_functions[rule.endpoint])(**view_args)  # type: ignore[no-any-return]
           ~~~~~~~~~~~~~~~~~~~~~~~~~~~~~~~~~~~~~~~~~~~~~~~~~~~~^^^^^^^^^^^^^
  File "C:\Users\drago\OneDrive\Pulpit\ALL\newest owl judge\app.py", line 369, in favicon
    return send_from_directory(
        os.path.join(app.root_path, 'static', 'img'), # Assuming favicon is in static/img
    ...<2 lines>...
        max_age=2592000 # Cache for 30 days
    )
  File "C:\Users\drago\AppData\Local\Programs\Python\Python313\Lib\site-packages\flask\helpers.py", line 565, in send_from_directory
    return werkzeug.utils.send_from_directory(  # type: ignore[return-value]
           ~~~~~~~~~~~~~~~~~~~~~~~~~~~~~~~~~~^^^^^^^^^^^^^^^^^^^^^^^^^^^^^^^
        directory, path, **_prepare_send_file_kwargs(**kwargs)
        ^^^^^^^^^^^^^^^^^^^^^^^^^^^^^^^^^^^^^^^^^^^^^^^^^^^^^^
    )
    ^
  File "C:\Users\drago\AppData\Local\Programs\Python\Python313\Lib\site-packages\werkzeug\utils.py", line 575, in send_from_directory
    raise NotFound()
werkzeug.exceptions.NotFound: 404 Not Found: The requested URL was not found on the server. If you entered the URL manually please check your spelling and try again.

During handling of the above exception, another exception occurred:

Traceback (most recent call last):
  File "C:\Users\drago\AppData\Local\Programs\Python\Python313\Lib\site-packages\flask\app.py", line 1511, in wsgi_app
    response = self.full_dispatch_request()
  File "C:\Users\drago\AppData\Local\Programs\Python\Python313\Lib\site-packages\flask\app.py", line 919, in full_dispatch_request
    rv = self.handle_user_exception(e)
  File "C:\Users\drago\AppData\Local\Programs\Python\Python313\Lib\site-packages\flask\app.py", line 802, in handle_user_exception
    return self.handle_http_exception(e)
           ~~~~~~~~~~~~~~~~~~~~~~~~~~^^^
  File "C:\Users\drago\AppData\Local\Programs\Python\Python313\Lib\site-packages\flask\app.py", line 777, in handle_http_exception
    return self.ensure_sync(handler)(e)  # type: ignore[no-any-return]
           ~~~~~~~~~~~~~~~~~~~~~~~~~^^^
  File "C:\Users\drago\OneDrive\Pulpit\ALL\newest owl judge\app.py", line 1982, in page_not_found
    return render_template('404.html'), 404
           ~~~~~~~~~~~~~~~^^^^^^^^^^^^
  File "C:\Users\drago\AppData\Local\Programs\Python\Python313\Lib\site-packages\flask\templating.py", line 149, in render_template
    template = app.jinja_env.get_or_select_template(template_name_or_list)
  File "C:\Users\drago\AppData\Local\Programs\Python\Python313\Lib\site-packages\jinja2\environment.py", line 1087, in get_or_select_template
    return self.get_template(template_name_or_list, parent, globals)
           ~~~~~~~~~~~~~~~~~^^^^^^^^^^^^^^^^^^^^^^^^^^^^^^^^^^^^^^^^
  File "C:\Users\drago\AppData\Local\Programs\Python\Python313\Lib\site-packages\jinja2\environment.py", line 1016, in get_template
    return self._load_template(name, globals)
           ~~~~~~~~~~~~~~~~~~~^^^^^^^^^^^^^^^
  File "C:\Users\drago\AppData\Local\Programs\Python\Python313\Lib\site-packages\jinja2\environment.py", line 975, in _load_template
    template = self.loader.load(self, name, self.make_globals(globals))
  File "C:\Users\drago\AppData\Local\Programs\Python\Python313\Lib\site-packages\jinja2\loaders.py", line 138, in load
    code = environment.compile(source, name, filename)
  File "C:\Users\drago\AppData\Local\Programs\Python\Python313\Lib\site-packages\jinja2\environment.py", line 771, in compile
    self.handle_exception(source=source_hint)
    ~~~~~~~~~~~~~~~~~~~~~^^^^^^^^^^^^^^^^^^^^
  File "C:\Users\drago\AppData\Local\Programs\Python\Python313\Lib\site-packages\jinja2\environment.py", line 942, in handle_exception
    raise rewrite_traceback_stack(source=source)
  File "C:\Users\drago\OneDrive\Pulpit\ALL\newest owl judge\templates\404.html", line 45, in template
    {% block title %}Server Error - OwlJudge{% endblock %}
    ^^^^^^^^^^^^^^^^^^^^^^^^^
jinja2.exceptions.TemplateAssertionError: block 'title' defined twice
2025-04-15 15:42:23,863 ERROR: Error fetching recent projects for index page: (sqlite3.OperationalError) no such column: projects.created_at
[SQL: SELECT projects.project_id AS projects_project_id, projects.project_name AS projects_project_name, projects.group_id AS projects_group_id, projects.description AS projects_description, projects.created_at AS projects_created_at, projects.updated_at AS projects_updated_at 
FROM projects ORDER BY projects.created_at DESC
 LIMIT ? OFFSET ?]
[parameters: (5, 0)]
(Background on this error at: https://sqlalche.me/e/20/e3q8) [in C:\Users\drago\OneDrive\Pulpit\ALL\newest owl judge\app.py:384]
Traceback (most recent call last):
  File "C:\Users\drago\AppData\Local\Programs\Python\Python313\Lib\site-packages\sqlalchemy\engine\base.py", line 1964, in _exec_single_context
    self.dialect.do_execute(
    ~~~~~~~~~~~~~~~~~~~~~~~^
        cursor, str_statement, effective_parameters, context
        ^^^^^^^^^^^^^^^^^^^^^^^^^^^^^^^^^^^^^^^^^^^^^^^^^^^^
    )
    ^
  File "C:\Users\drago\AppData\Local\Programs\Python\Python313\Lib\site-packages\sqlalchemy\engine\default.py", line 942, in do_execute
    cursor.execute(statement, parameters)
    ~~~~~~~~~~~~~~^^^^^^^^^^^^^^^^^^^^^^^
sqlite3.OperationalError: no such column: projects.created_at

The above exception was the direct cause of the following exception:

Traceback (most recent call last):
  File "C:\Users\drago\OneDrive\Pulpit\ALL\newest owl judge\app.py", line 382, in index
    recent_projects = Projects.query.order_by(Projects.created_at.desc()).limit(5).all()
  File "C:\Users\drago\AppData\Local\Programs\Python\Python313\Lib\site-packages\sqlalchemy\orm\query.py", line 2704, in all
    return self._iter().all()  # type: ignore
           ~~~~~~~~~~^^
  File "C:\Users\drago\AppData\Local\Programs\Python\Python313\Lib\site-packages\sqlalchemy\orm\query.py", line 2858, in _iter
    result: Union[ScalarResult[_T], Result[_T]] = self.session.execute(
                                                  ~~~~~~~~~~~~~~~~~~~~^
        statement,
        ^^^^^^^^^^
        params,
        ^^^^^^^
        execution_options={"_sa_orm_load_options": self.load_options},
        ^^^^^^^^^^^^^^^^^^^^^^^^^^^^^^^^^^^^^^^^^^^^^^^^^^^^^^^^^^^^^^
    )
    ^
  File "C:\Users\drago\AppData\Local\Programs\Python\Python313\Lib\site-packages\sqlalchemy\orm\session.py", line 2365, in execute
    return self._execute_internal(
           ~~~~~~~~~~~~~~~~~~~~~~^
        statement,
        ^^^^^^^^^^
    ...<4 lines>...
        _add_event=_add_event,
        ^^^^^^^^^^^^^^^^^^^^^^
    )
    ^
  File "C:\Users\drago\AppData\Local\Programs\Python\Python313\Lib\site-packages\sqlalchemy\orm\session.py", line 2251, in _execute_internal
    result: Result[Any] = compile_state_cls.orm_execute_statement(
                          ~~~~~~~~~~~~~~~~~~~~~~~~~~~~~~~~~~~~~~~^
        self,
        ^^^^^
    ...<4 lines>...
        conn,
        ^^^^^
    )
    ^
  File "C:\Users\drago\AppData\Local\Programs\Python\Python313\Lib\site-packages\sqlalchemy\orm\context.py", line 306, in orm_execute_statement
    result = conn.execute(
        statement, params or {}, execution_options=execution_options
    )
  File "C:\Users\drago\AppData\Local\Programs\Python\Python313\Lib\site-packages\sqlalchemy\engine\base.py", line 1416, in execute
    return meth(
        self,
        distilled_parameters,
        execution_options or NO_OPTIONS,
    )
  File "C:\Users\drago\AppData\Local\Programs\Python\Python313\Lib\site-packages\sqlalchemy\sql\elements.py", line 523, in _execute_on_connection
    return connection._execute_clauseelement(
           ~~~~~~~~~~~~~~~~~~~~~~~~~~~~~~~~~^
        self, distilled_params, execution_options
        ^^^^^^^^^^^^^^^^^^^^^^^^^^^^^^^^^^^^^^^^^
    )
    ^
  File "C:\Users\drago\AppData\Local\Programs\Python\Python313\Lib\site-packages\sqlalchemy\engine\base.py", line 1638, in _execute_clauseelement
    ret = self._execute_context(
        dialect,
    ...<8 lines>...
        cache_hit=cache_hit,
    )
  File "C:\Users\drago\AppData\Local\Programs\Python\Python313\Lib\site-packages\sqlalchemy\engine\base.py", line 1843, in _execute_context
    return self._exec_single_context(
           ~~~~~~~~~~~~~~~~~~~~~~~~~^
        dialect, context, statement, parameters
        ^^^^^^^^^^^^^^^^^^^^^^^^^^^^^^^^^^^^^^^
    )
    ^
  File "C:\Users\drago\AppData\Local\Programs\Python\Python313\Lib\site-packages\sqlalchemy\engine\base.py", line 1983, in _exec_single_context
    self._handle_dbapi_exception(
    ~~~~~~~~~~~~~~~~~~~~~~~~~~~~^
        e, str_statement, effective_parameters, cursor, context
        ^^^^^^^^^^^^^^^^^^^^^^^^^^^^^^^^^^^^^^^^^^^^^^^^^^^^^^^
    )
    ^
  File "C:\Users\drago\AppData\Local\Programs\Python\Python313\Lib\site-packages\sqlalchemy\engine\base.py", line 2352, in _handle_dbapi_exception
    raise sqlalchemy_exception.with_traceback(exc_info[2]) from e
  File "C:\Users\drago\AppData\Local\Programs\Python\Python313\Lib\site-packages\sqlalchemy\engine\base.py", line 1964, in _exec_single_context
    self.dialect.do_execute(
    ~~~~~~~~~~~~~~~~~~~~~~~^
        cursor, str_statement, effective_parameters, context
        ^^^^^^^^^^^^^^^^^^^^^^^^^^^^^^^^^^^^^^^^^^^^^^^^^^^^
    )
    ^
  File "C:\Users\drago\AppData\Local\Programs\Python\Python313\Lib\site-packages\sqlalchemy\engine\default.py", line 942, in do_execute
    cursor.execute(statement, parameters)
    ~~~~~~~~~~~~~~^^^^^^^^^^^^^^^^^^^^^^^
sqlalchemy.exc.OperationalError: (sqlite3.OperationalError) no such column: projects.created_at
[SQL: SELECT projects.project_id AS projects_project_id, projects.project_name AS projects_project_name, projects.group_id AS projects_group_id, projects.description AS projects_description, projects.created_at AS projects_created_at, projects.updated_at AS projects_updated_at 
FROM projects ORDER BY projects.created_at DESC
 LIMIT ? OFFSET ?]
[parameters: (5, 0)]
(Background on this error at: https://sqlalche.me/e/20/e3q8)
2025-04-15 15:42:23,897 INFO: 404 Not Found: /static/images/avatar_judge.png (Referrer: http://127.0.0.1:5000/) [Unauthenticated User] [in C:\Users\drago\OneDrive\Pulpit\ALL\newest owl judge\app.py:1979]
2025-04-15 15:42:23,897 INFO: 404 Not Found: /static/images/avatar_student.png (Referrer: http://127.0.0.1:5000/) [Unauthenticated User] [in C:\Users\drago\OneDrive\Pulpit\ALL\newest owl judge\app.py:1979]
2025-04-15 15:42:23,899 INFO: 404 Not Found: /static/images/avatar_admin.png (Referrer: http://127.0.0.1:5000/) [Unauthenticated User] [in C:\Users\drago\OneDrive\Pulpit\ALL\newest owl judge\app.py:1979]
2025-04-15 15:42:23,900 INFO: 404 Not Found: /static/images/ksu_campus_blur.jpg (Referrer: http://127.0.0.1:5000/) [Unauthenticated User] [in C:\Users\drago\OneDrive\Pulpit\ALL\newest owl judge\app.py:1979]
2025-04-15 15:42:23,901 ERROR: Exception on /static/images/avatar_judge.png [GET] [in C:\Users\drago\AppData\Local\Programs\Python\Python313\Lib\site-packages\flask\app.py:875]
Traceback (most recent call last):
  File "C:\Users\drago\AppData\Local\Programs\Python\Python313\Lib\site-packages\flask\app.py", line 917, in full_dispatch_request
    rv = self.dispatch_request()
  File "C:\Users\drago\AppData\Local\Programs\Python\Python313\Lib\site-packages\flask\app.py", line 902, in dispatch_request
    return self.ensure_sync(self.view_functions[rule.endpoint])(**view_args)  # type: ignore[no-any-return]
           ~~~~~~~~~~~~~~~~~~~~~~~~~~~~~~~~~~~~~~~~~~~~~~~~~~~~^^^^^^^^^^^^^
  File "C:\Users\drago\AppData\Local\Programs\Python\Python313\Lib\site-packages\flask\app.py", line 278, in <lambda>
    view_func=lambda **kw: self_ref().send_static_file(**kw),  # type: ignore # noqa: B950
                           ~~~~~~~~~~~~~~~~~~~~~~~~~~~^^^^^^
  File "C:\Users\drago\AppData\Local\Programs\Python\Python313\Lib\site-packages\flask\app.py", line 326, in send_static_file
    return send_from_directory(
        t.cast(str, self.static_folder), filename, max_age=max_age
    )
  File "C:\Users\drago\AppData\Local\Programs\Python\Python313\Lib\site-packages\flask\helpers.py", line 565, in send_from_directory
    return werkzeug.utils.send_from_directory(  # type: ignore[return-value]
           ~~~~~~~~~~~~~~~~~~~~~~~~~~~~~~~~~~^^^^^^^^^^^^^^^^^^^^^^^^^^^^^^^
        directory, path, **_prepare_send_file_kwargs(**kwargs)
        ^^^^^^^^^^^^^^^^^^^^^^^^^^^^^^^^^^^^^^^^^^^^^^^^^^^^^^
    )
    ^
  File "C:\Users\drago\AppData\Local\Programs\Python\Python313\Lib\site-packages\werkzeug\utils.py", line 575, in send_from_directory
    raise NotFound()
werkzeug.exceptions.NotFound: 404 Not Found: The requested URL was not found on the server. If you entered the URL manually please check your spelling and try again.

During handling of the above exception, another exception occurred:

Traceback (most recent call last):
  File "C:\Users\drago\AppData\Local\Programs\Python\Python313\Lib\site-packages\flask\app.py", line 1511, in wsgi_app
    response = self.full_dispatch_request()
  File "C:\Users\drago\AppData\Local\Programs\Python\Python313\Lib\site-packages\flask\app.py", line 919, in full_dispatch_request
    rv = self.handle_user_exception(e)
  File "C:\Users\drago\AppData\Local\Programs\Python\Python313\Lib\site-packages\flask\app.py", line 802, in handle_user_exception
    return self.handle_http_exception(e)
           ~~~~~~~~~~~~~~~~~~~~~~~~~~^^^
  File "C:\Users\drago\AppData\Local\Programs\Python\Python313\Lib\site-packages\flask\app.py", line 777, in handle_http_exception
    return self.ensure_sync(handler)(e)  # type: ignore[no-any-return]
           ~~~~~~~~~~~~~~~~~~~~~~~~~^^^
  File "C:\Users\drago\OneDrive\Pulpit\ALL\newest owl judge\app.py", line 1982, in page_not_found
    return render_template('404.html'), 404
           ~~~~~~~~~~~~~~~^^^^^^^^^^^^
  File "C:\Users\drago\AppData\Local\Programs\Python\Python313\Lib\site-packages\flask\templating.py", line 149, in render_template
    template = app.jinja_env.get_or_select_template(template_name_or_list)
  File "C:\Users\drago\AppData\Local\Programs\Python\Python313\Lib\site-packages\jinja2\environment.py", line 1087, in get_or_select_template
    return self.get_template(template_name_or_list, parent, globals)
           ~~~~~~~~~~~~~~~~~^^^^^^^^^^^^^^^^^^^^^^^^^^^^^^^^^^^^^^^^
  File "C:\Users\drago\AppData\Local\Programs\Python\Python313\Lib\site-packages\jinja2\environment.py", line 1016, in get_template
    return self._load_template(name, globals)
           ~~~~~~~~~~~~~~~~~~~^^^^^^^^^^^^^^^
  File "C:\Users\drago\AppData\Local\Programs\Python\Python313\Lib\site-packages\jinja2\environment.py", line 975, in _load_template
    template = self.loader.load(self, name, self.make_globals(globals))
  File "C:\Users\drago\AppData\Local\Programs\Python\Python313\Lib\site-packages\jinja2\loaders.py", line 138, in load
    code = environment.compile(source, name, filename)
  File "C:\Users\drago\AppData\Local\Programs\Python\Python313\Lib\site-packages\jinja2\environment.py", line 771, in compile
    self.handle_exception(source=source_hint)
    ~~~~~~~~~~~~~~~~~~~~~^^^^^^^^^^^^^^^^^^^^
  File "C:\Users\drago\AppData\Local\Programs\Python\Python313\Lib\site-packages\jinja2\environment.py", line 942, in handle_exception
    raise rewrite_traceback_stack(source=source)
  File "C:\Users\drago\OneDrive\Pulpit\ALL\newest owl judge\templates\404.html", line 45, in template
    {% block title %}Server Error - OwlJudge{% endblock %}
    ^^^^^^^^^^^^^^^^^^^^^^^^^
jinja2.exceptions.TemplateAssertionError: block 'title' defined twice
2025-04-15 15:42:23,902 ERROR: Exception on /static/images/avatar_admin.png [GET] [in C:\Users\drago\AppData\Local\Programs\Python\Python313\Lib\site-packages\flask\app.py:875]
Traceback (most recent call last):
  File "C:\Users\drago\AppData\Local\Programs\Python\Python313\Lib\site-packages\flask\app.py", line 917, in full_dispatch_request
    rv = self.dispatch_request()
  File "C:\Users\drago\AppData\Local\Programs\Python\Python313\Lib\site-packages\flask\app.py", line 902, in dispatch_request
    return self.ensure_sync(self.view_functions[rule.endpoint])(**view_args)  # type: ignore[no-any-return]
           ~~~~~~~~~~~~~~~~~~~~~~~~~~~~~~~~~~~~~~~~~~~~~~~~~~~~^^^^^^^^^^^^^
  File "C:\Users\drago\AppData\Local\Programs\Python\Python313\Lib\site-packages\flask\app.py", line 278, in <lambda>
    view_func=lambda **kw: self_ref().send_static_file(**kw),  # type: ignore # noqa: B950
                           ~~~~~~~~~~~~~~~~~~~~~~~~~~~^^^^^^
  File "C:\Users\drago\AppData\Local\Programs\Python\Python313\Lib\site-packages\flask\app.py", line 326, in send_static_file
    return send_from_directory(
        t.cast(str, self.static_folder), filename, max_age=max_age
    )
  File "C:\Users\drago\AppData\Local\Programs\Python\Python313\Lib\site-packages\flask\helpers.py", line 565, in send_from_directory
    return werkzeug.utils.send_from_directory(  # type: ignore[return-value]
           ~~~~~~~~~~~~~~~~~~~~~~~~~~~~~~~~~~^^^^^^^^^^^^^^^^^^^^^^^^^^^^^^^
        directory, path, **_prepare_send_file_kwargs(**kwargs)
        ^^^^^^^^^^^^^^^^^^^^^^^^^^^^^^^^^^^^^^^^^^^^^^^^^^^^^^
    )
    ^
  File "C:\Users\drago\AppData\Local\Programs\Python\Python313\Lib\site-packages\werkzeug\utils.py", line 575, in send_from_directory
    raise NotFound()
werkzeug.exceptions.NotFound: 404 Not Found: The requested URL was not found on the server. If you entered the URL manually please check your spelling and try again.

During handling of the above exception, another exception occurred:

Traceback (most recent call last):
  File "C:\Users\drago\AppData\Local\Programs\Python\Python313\Lib\site-packages\flask\app.py", line 1511, in wsgi_app
    response = self.full_dispatch_request()
  File "C:\Users\drago\AppData\Local\Programs\Python\Python313\Lib\site-packages\flask\app.py", line 919, in full_dispatch_request
    rv = self.handle_user_exception(e)
  File "C:\Users\drago\AppData\Local\Programs\Python\Python313\Lib\site-packages\flask\app.py", line 802, in handle_user_exception
    return self.handle_http_exception(e)
           ~~~~~~~~~~~~~~~~~~~~~~~~~~^^^
  File "C:\Users\drago\AppData\Local\Programs\Python\Python313\Lib\site-packages\flask\app.py", line 777, in handle_http_exception
    return self.ensure_sync(handler)(e)  # type: ignore[no-any-return]
           ~~~~~~~~~~~~~~~~~~~~~~~~~^^^
  File "C:\Users\drago\OneDrive\Pulpit\ALL\newest owl judge\app.py", line 1982, in page_not_found
    return render_template('404.html'), 404
           ~~~~~~~~~~~~~~~^^^^^^^^^^^^
  File "C:\Users\drago\AppData\Local\Programs\Python\Python313\Lib\site-packages\flask\templating.py", line 149, in render_template
    template = app.jinja_env.get_or_select_template(template_name_or_list)
  File "C:\Users\drago\AppData\Local\Programs\Python\Python313\Lib\site-packages\jinja2\environment.py", line 1087, in get_or_select_template
    return self.get_template(template_name_or_list, parent, globals)
           ~~~~~~~~~~~~~~~~~^^^^^^^^^^^^^^^^^^^^^^^^^^^^^^^^^^^^^^^^
  File "C:\Users\drago\AppData\Local\Programs\Python\Python313\Lib\site-packages\jinja2\environment.py", line 1016, in get_template
    return self._load_template(name, globals)
           ~~~~~~~~~~~~~~~~~~~^^^^^^^^^^^^^^^
  File "C:\Users\drago\AppData\Local\Programs\Python\Python313\Lib\site-packages\jinja2\environment.py", line 975, in _load_template
    template = self.loader.load(self, name, self.make_globals(globals))
  File "C:\Users\drago\AppData\Local\Programs\Python\Python313\Lib\site-packages\jinja2\loaders.py", line 138, in load
    code = environment.compile(source, name, filename)
  File "C:\Users\drago\AppData\Local\Programs\Python\Python313\Lib\site-packages\jinja2\environment.py", line 771, in compile
    self.handle_exception(source=source_hint)
    ~~~~~~~~~~~~~~~~~~~~~^^^^^^^^^^^^^^^^^^^^
  File "C:\Users\drago\AppData\Local\Programs\Python\Python313\Lib\site-packages\jinja2\environment.py", line 942, in handle_exception
    raise rewrite_traceback_stack(source=source)
  File "C:\Users\drago\OneDrive\Pulpit\ALL\newest owl judge\templates\404.html", line 45, in template
    {% block title %}Server Error - OwlJudge{% endblock %}
    ^^^^^^^^^^^^^^^^^^^^^^^^^
jinja2.exceptions.TemplateAssertionError: block 'title' defined twice
2025-04-15 15:42:23,902 ERROR: Exception on /static/images/avatar_student.png [GET] [in C:\Users\drago\AppData\Local\Programs\Python\Python313\Lib\site-packages\flask\app.py:875]
Traceback (most recent call last):
  File "C:\Users\drago\AppData\Local\Programs\Python\Python313\Lib\site-packages\flask\app.py", line 917, in full_dispatch_request
    rv = self.dispatch_request()
  File "C:\Users\drago\AppData\Local\Programs\Python\Python313\Lib\site-packages\flask\app.py", line 902, in dispatch_request
    return self.ensure_sync(self.view_functions[rule.endpoint])(**view_args)  # type: ignore[no-any-return]
           ~~~~~~~~~~~~~~~~~~~~~~~~~~~~~~~~~~~~~~~~~~~~~~~~~~~~^^^^^^^^^^^^^
  File "C:\Users\drago\AppData\Local\Programs\Python\Python313\Lib\site-packages\flask\app.py", line 278, in <lambda>
    view_func=lambda **kw: self_ref().send_static_file(**kw),  # type: ignore # noqa: B950
                           ~~~~~~~~~~~~~~~~~~~~~~~~~~~^^^^^^
  File "C:\Users\drago\AppData\Local\Programs\Python\Python313\Lib\site-packages\flask\app.py", line 326, in send_static_file
    return send_from_directory(
        t.cast(str, self.static_folder), filename, max_age=max_age
    )
  File "C:\Users\drago\AppData\Local\Programs\Python\Python313\Lib\site-packages\flask\helpers.py", line 565, in send_from_directory
    return werkzeug.utils.send_from_directory(  # type: ignore[return-value]
           ~~~~~~~~~~~~~~~~~~~~~~~~~~~~~~~~~~^^^^^^^^^^^^^^^^^^^^^^^^^^^^^^^
        directory, path, **_prepare_send_file_kwargs(**kwargs)
        ^^^^^^^^^^^^^^^^^^^^^^^^^^^^^^^^^^^^^^^^^^^^^^^^^^^^^^
    )
    ^
  File "C:\Users\drago\AppData\Local\Programs\Python\Python313\Lib\site-packages\werkzeug\utils.py", line 575, in send_from_directory
    raise NotFound()
werkzeug.exceptions.NotFound: 404 Not Found: The requested URL was not found on the server. If you entered the URL manually please check your spelling and try again.

During handling of the above exception, another exception occurred:

Traceback (most recent call last):
  File "C:\Users\drago\AppData\Local\Programs\Python\Python313\Lib\site-packages\flask\app.py", line 1511, in wsgi_app
    response = self.full_dispatch_request()
  File "C:\Users\drago\AppData\Local\Programs\Python\Python313\Lib\site-packages\flask\app.py", line 919, in full_dispatch_request
    rv = self.handle_user_exception(e)
  File "C:\Users\drago\AppData\Local\Programs\Python\Python313\Lib\site-packages\flask\app.py", line 802, in handle_user_exception
    return self.handle_http_exception(e)
           ~~~~~~~~~~~~~~~~~~~~~~~~~~^^^
  File "C:\Users\drago\AppData\Local\Programs\Python\Python313\Lib\site-packages\flask\app.py", line 777, in handle_http_exception
    return self.ensure_sync(handler)(e)  # type: ignore[no-any-return]
           ~~~~~~~~~~~~~~~~~~~~~~~~~^^^
  File "C:\Users\drago\OneDrive\Pulpit\ALL\newest owl judge\app.py", line 1982, in page_not_found
    return render_template('404.html'), 404
           ~~~~~~~~~~~~~~~^^^^^^^^^^^^
  File "C:\Users\drago\AppData\Local\Programs\Python\Python313\Lib\site-packages\flask\templating.py", line 149, in render_template
    template = app.jinja_env.get_or_select_template(template_name_or_list)
  File "C:\Users\drago\AppData\Local\Programs\Python\Python313\Lib\site-packages\jinja2\environment.py", line 1087, in get_or_select_template
    return self.get_template(template_name_or_list, parent, globals)
           ~~~~~~~~~~~~~~~~~^^^^^^^^^^^^^^^^^^^^^^^^^^^^^^^^^^^^^^^^
  File "C:\Users\drago\AppData\Local\Programs\Python\Python313\Lib\site-packages\jinja2\environment.py", line 1016, in get_template
    return self._load_template(name, globals)
           ~~~~~~~~~~~~~~~~~~~^^^^^^^^^^^^^^^
  File "C:\Users\drago\AppData\Local\Programs\Python\Python313\Lib\site-packages\jinja2\environment.py", line 975, in _load_template
    template = self.loader.load(self, name, self.make_globals(globals))
  File "C:\Users\drago\AppData\Local\Programs\Python\Python313\Lib\site-packages\jinja2\loaders.py", line 138, in load
    code = environment.compile(source, name, filename)
  File "C:\Users\drago\AppData\Local\Programs\Python\Python313\Lib\site-packages\jinja2\environment.py", line 771, in compile
    self.handle_exception(source=source_hint)
    ~~~~~~~~~~~~~~~~~~~~~^^^^^^^^^^^^^^^^^^^^
  File "C:\Users\drago\AppData\Local\Programs\Python\Python313\Lib\site-packages\jinja2\environment.py", line 942, in handle_exception
    raise rewrite_traceback_stack(source=source)
  File "C:\Users\drago\OneDrive\Pulpit\ALL\newest owl judge\templates\404.html", line 45, in template
    {% block title %}Server Error - OwlJudge{% endblock %}
    ^^^^^^^^^^^^^^^^^^^^^^^^^
jinja2.exceptions.TemplateAssertionError: block 'title' defined twice
2025-04-15 15:42:23,903 INFO: 404 Not Found: /static/images/ksu_campus_wide.jpg (Referrer: http://127.0.0.1:5000/) [Unauthenticated User] [in C:\Users\drago\OneDrive\Pulpit\ALL\newest owl judge\app.py:1979]
2025-04-15 15:42:23,904 ERROR: Exception on /static/images/ksu_campus_blur.jpg [GET] [in C:\Users\drago\AppData\Local\Programs\Python\Python313\Lib\site-packages\flask\app.py:875]
Traceback (most recent call last):
  File "C:\Users\drago\AppData\Local\Programs\Python\Python313\Lib\site-packages\flask\app.py", line 917, in full_dispatch_request
    rv = self.dispatch_request()
  File "C:\Users\drago\AppData\Local\Programs\Python\Python313\Lib\site-packages\flask\app.py", line 902, in dispatch_request
    return self.ensure_sync(self.view_functions[rule.endpoint])(**view_args)  # type: ignore[no-any-return]
           ~~~~~~~~~~~~~~~~~~~~~~~~~~~~~~~~~~~~~~~~~~~~~~~~~~~~^^^^^^^^^^^^^
  File "C:\Users\drago\AppData\Local\Programs\Python\Python313\Lib\site-packages\flask\app.py", line 278, in <lambda>
    view_func=lambda **kw: self_ref().send_static_file(**kw),  # type: ignore # noqa: B950
                           ~~~~~~~~~~~~~~~~~~~~~~~~~~~^^^^^^
  File "C:\Users\drago\AppData\Local\Programs\Python\Python313\Lib\site-packages\flask\app.py", line 326, in send_static_file
    return send_from_directory(
        t.cast(str, self.static_folder), filename, max_age=max_age
    )
  File "C:\Users\drago\AppData\Local\Programs\Python\Python313\Lib\site-packages\flask\helpers.py", line 565, in send_from_directory
    return werkzeug.utils.send_from_directory(  # type: ignore[return-value]
           ~~~~~~~~~~~~~~~~~~~~~~~~~~~~~~~~~~^^^^^^^^^^^^^^^^^^^^^^^^^^^^^^^
        directory, path, **_prepare_send_file_kwargs(**kwargs)
        ^^^^^^^^^^^^^^^^^^^^^^^^^^^^^^^^^^^^^^^^^^^^^^^^^^^^^^
    )
    ^
  File "C:\Users\drago\AppData\Local\Programs\Python\Python313\Lib\site-packages\werkzeug\utils.py", line 575, in send_from_directory
    raise NotFound()
werkzeug.exceptions.NotFound: 404 Not Found: The requested URL was not found on the server. If you entered the URL manually please check your spelling and try again.

During handling of the above exception, another exception occurred:

Traceback (most recent call last):
  File "C:\Users\drago\AppData\Local\Programs\Python\Python313\Lib\site-packages\flask\app.py", line 1511, in wsgi_app
    response = self.full_dispatch_request()
  File "C:\Users\drago\AppData\Local\Programs\Python\Python313\Lib\site-packages\flask\app.py", line 919, in full_dispatch_request
    rv = self.handle_user_exception(e)
  File "C:\Users\drago\AppData\Local\Programs\Python\Python313\Lib\site-packages\flask\app.py", line 802, in handle_user_exception
    return self.handle_http_exception(e)
           ~~~~~~~~~~~~~~~~~~~~~~~~~~^^^
  File "C:\Users\drago\AppData\Local\Programs\Python\Python313\Lib\site-packages\flask\app.py", line 777, in handle_http_exception
    return self.ensure_sync(handler)(e)  # type: ignore[no-any-return]
           ~~~~~~~~~~~~~~~~~~~~~~~~~^^^
  File "C:\Users\drago\OneDrive\Pulpit\ALL\newest owl judge\app.py", line 1982, in page_not_found
    return render_template('404.html'), 404
           ~~~~~~~~~~~~~~~^^^^^^^^^^^^
  File "C:\Users\drago\AppData\Local\Programs\Python\Python313\Lib\site-packages\flask\templating.py", line 149, in render_template
    template = app.jinja_env.get_or_select_template(template_name_or_list)
  File "C:\Users\drago\AppData\Local\Programs\Python\Python313\Lib\site-packages\jinja2\environment.py", line 1087, in get_or_select_template
    return self.get_template(template_name_or_list, parent, globals)
           ~~~~~~~~~~~~~~~~~^^^^^^^^^^^^^^^^^^^^^^^^^^^^^^^^^^^^^^^^
  File "C:\Users\drago\AppData\Local\Programs\Python\Python313\Lib\site-packages\jinja2\environment.py", line 1016, in get_template
    return self._load_template(name, globals)
           ~~~~~~~~~~~~~~~~~~~^^^^^^^^^^^^^^^
  File "C:\Users\drago\AppData\Local\Programs\Python\Python313\Lib\site-packages\jinja2\environment.py", line 975, in _load_template
    template = self.loader.load(self, name, self.make_globals(globals))
  File "C:\Users\drago\AppData\Local\Programs\Python\Python313\Lib\site-packages\jinja2\loaders.py", line 138, in load
    code = environment.compile(source, name, filename)
  File "C:\Users\drago\AppData\Local\Programs\Python\Python313\Lib\site-packages\jinja2\environment.py", line 771, in compile
    self.handle_exception(source=source_hint)
    ~~~~~~~~~~~~~~~~~~~~~^^^^^^^^^^^^^^^^^^^^
  File "C:\Users\drago\AppData\Local\Programs\Python\Python313\Lib\site-packages\jinja2\environment.py", line 942, in handle_exception
    raise rewrite_traceback_stack(source=source)
  File "C:\Users\drago\OneDrive\Pulpit\ALL\newest owl judge\templates\404.html", line 45, in template
    {% block title %}Server Error - OwlJudge{% endblock %}
    ^^^^^^^^^^^^^^^^^^^^^^^^^
jinja2.exceptions.TemplateAssertionError: block 'title' defined twice
2025-04-15 15:42:23,919 ERROR: Exception on /static/images/ksu_campus_wide.jpg [GET] [in C:\Users\drago\AppData\Local\Programs\Python\Python313\Lib\site-packages\flask\app.py:875]
Traceback (most recent call last):
  File "C:\Users\drago\AppData\Local\Programs\Python\Python313\Lib\site-packages\flask\app.py", line 917, in full_dispatch_request
    rv = self.dispatch_request()
  File "C:\Users\drago\AppData\Local\Programs\Python\Python313\Lib\site-packages\flask\app.py", line 902, in dispatch_request
    return self.ensure_sync(self.view_functions[rule.endpoint])(**view_args)  # type: ignore[no-any-return]
           ~~~~~~~~~~~~~~~~~~~~~~~~~~~~~~~~~~~~~~~~~~~~~~~~~~~~^^^^^^^^^^^^^
  File "C:\Users\drago\AppData\Local\Programs\Python\Python313\Lib\site-packages\flask\app.py", line 278, in <lambda>
    view_func=lambda **kw: self_ref().send_static_file(**kw),  # type: ignore # noqa: B950
                           ~~~~~~~~~~~~~~~~~~~~~~~~~~~^^^^^^
  File "C:\Users\drago\AppData\Local\Programs\Python\Python313\Lib\site-packages\flask\app.py", line 326, in send_static_file
    return send_from_directory(
        t.cast(str, self.static_folder), filename, max_age=max_age
    )
  File "C:\Users\drago\AppData\Local\Programs\Python\Python313\Lib\site-packages\flask\helpers.py", line 565, in send_from_directory
    return werkzeug.utils.send_from_directory(  # type: ignore[return-value]
           ~~~~~~~~~~~~~~~~~~~~~~~~~~~~~~~~~~^^^^^^^^^^^^^^^^^^^^^^^^^^^^^^^
        directory, path, **_prepare_send_file_kwargs(**kwargs)
        ^^^^^^^^^^^^^^^^^^^^^^^^^^^^^^^^^^^^^^^^^^^^^^^^^^^^^^
    )
    ^
  File "C:\Users\drago\AppData\Local\Programs\Python\Python313\Lib\site-packages\werkzeug\utils.py", line 575, in send_from_directory
    raise NotFound()
werkzeug.exceptions.NotFound: 404 Not Found: The requested URL was not found on the server. If you entered the URL manually please check your spelling and try again.

During handling of the above exception, another exception occurred:

Traceback (most recent call last):
  File "C:\Users\drago\AppData\Local\Programs\Python\Python313\Lib\site-packages\flask\app.py", line 1511, in wsgi_app
    response = self.full_dispatch_request()
  File "C:\Users\drago\AppData\Local\Programs\Python\Python313\Lib\site-packages\flask\app.py", line 919, in full_dispatch_request
    rv = self.handle_user_exception(e)
  File "C:\Users\drago\AppData\Local\Programs\Python\Python313\Lib\site-packages\flask\app.py", line 802, in handle_user_exception
    return self.handle_http_exception(e)
           ~~~~~~~~~~~~~~~~~~~~~~~~~~^^^
  File "C:\Users\drago\AppData\Local\Programs\Python\Python313\Lib\site-packages\flask\app.py", line 777, in handle_http_exception
    return self.ensure_sync(handler)(e)  # type: ignore[no-any-return]
           ~~~~~~~~~~~~~~~~~~~~~~~~~^^^
  File "C:\Users\drago\OneDrive\Pulpit\ALL\newest owl judge\app.py", line 1982, in page_not_found
    return render_template('404.html'), 404
           ~~~~~~~~~~~~~~~^^^^^^^^^^^^
  File "C:\Users\drago\AppData\Local\Programs\Python\Python313\Lib\site-packages\flask\templating.py", line 149, in render_template
    template = app.jinja_env.get_or_select_template(template_name_or_list)
  File "C:\Users\drago\AppData\Local\Programs\Python\Python313\Lib\site-packages\jinja2\environment.py", line 1087, in get_or_select_template
    return self.get_template(template_name_or_list, parent, globals)
           ~~~~~~~~~~~~~~~~~^^^^^^^^^^^^^^^^^^^^^^^^^^^^^^^^^^^^^^^^
  File "C:\Users\drago\AppData\Local\Programs\Python\Python313\Lib\site-packages\jinja2\environment.py", line 1016, in get_template
    return self._load_template(name, globals)
           ~~~~~~~~~~~~~~~~~~~^^^^^^^^^^^^^^^
  File "C:\Users\drago\AppData\Local\Programs\Python\Python313\Lib\site-packages\jinja2\environment.py", line 975, in _load_template
    template = self.loader.load(self, name, self.make_globals(globals))
  File "C:\Users\drago\AppData\Local\Programs\Python\Python313\Lib\site-packages\jinja2\loaders.py", line 138, in load
    code = environment.compile(source, name, filename)
  File "C:\Users\drago\AppData\Local\Programs\Python\Python313\Lib\site-packages\jinja2\environment.py", line 771, in compile
    self.handle_exception(source=source_hint)
    ~~~~~~~~~~~~~~~~~~~~~^^^^^^^^^^^^^^^^^^^^
  File "C:\Users\drago\AppData\Local\Programs\Python\Python313\Lib\site-packages\jinja2\environment.py", line 942, in handle_exception
    raise rewrite_traceback_stack(source=source)
  File "C:\Users\drago\OneDrive\Pulpit\ALL\newest owl judge\templates\404.html", line 45, in template
    {% block title %}Server Error - OwlJudge{% endblock %}
    ^^^^^^^^^^^^^^^^^^^^^^^^^
jinja2.exceptions.TemplateAssertionError: block 'title' defined twice
2025-04-15 15:42:23,933 INFO: 404 Not Found: /favicon.ico (Referrer: http://127.0.0.1:5000/) [Unauthenticated User] [in C:\Users\drago\OneDrive\Pulpit\ALL\newest owl judge\app.py:1979]
2025-04-15 15:42:23,934 ERROR: Exception on /favicon.ico [GET] [in C:\Users\drago\AppData\Local\Programs\Python\Python313\Lib\site-packages\flask\app.py:875]
Traceback (most recent call last):
  File "C:\Users\drago\AppData\Local\Programs\Python\Python313\Lib\site-packages\flask\app.py", line 917, in full_dispatch_request
    rv = self.dispatch_request()
  File "C:\Users\drago\AppData\Local\Programs\Python\Python313\Lib\site-packages\flask\app.py", line 902, in dispatch_request
    return self.ensure_sync(self.view_functions[rule.endpoint])(**view_args)  # type: ignore[no-any-return]
           ~~~~~~~~~~~~~~~~~~~~~~~~~~~~~~~~~~~~~~~~~~~~~~~~~~~~^^^^^^^^^^^^^
  File "C:\Users\drago\OneDrive\Pulpit\ALL\newest owl judge\app.py", line 369, in favicon
    return send_from_directory(
        os.path.join(app.root_path, 'static', 'img'), # Assuming favicon is in static/img
    ...<2 lines>...
        max_age=2592000 # Cache for 30 days
    )
  File "C:\Users\drago\AppData\Local\Programs\Python\Python313\Lib\site-packages\flask\helpers.py", line 565, in send_from_directory
    return werkzeug.utils.send_from_directory(  # type: ignore[return-value]
           ~~~~~~~~~~~~~~~~~~~~~~~~~~~~~~~~~~^^^^^^^^^^^^^^^^^^^^^^^^^^^^^^^
        directory, path, **_prepare_send_file_kwargs(**kwargs)
        ^^^^^^^^^^^^^^^^^^^^^^^^^^^^^^^^^^^^^^^^^^^^^^^^^^^^^^
    )
    ^
  File "C:\Users\drago\AppData\Local\Programs\Python\Python313\Lib\site-packages\werkzeug\utils.py", line 575, in send_from_directory
    raise NotFound()
werkzeug.exceptions.NotFound: 404 Not Found: The requested URL was not found on the server. If you entered the URL manually please check your spelling and try again.

During handling of the above exception, another exception occurred:

Traceback (most recent call last):
  File "C:\Users\drago\AppData\Local\Programs\Python\Python313\Lib\site-packages\flask\app.py", line 1511, in wsgi_app
    response = self.full_dispatch_request()
  File "C:\Users\drago\AppData\Local\Programs\Python\Python313\Lib\site-packages\flask\app.py", line 919, in full_dispatch_request
    rv = self.handle_user_exception(e)
  File "C:\Users\drago\AppData\Local\Programs\Python\Python313\Lib\site-packages\flask\app.py", line 802, in handle_user_exception
    return self.handle_http_exception(e)
           ~~~~~~~~~~~~~~~~~~~~~~~~~~^^^
  File "C:\Users\drago\AppData\Local\Programs\Python\Python313\Lib\site-packages\flask\app.py", line 777, in handle_http_exception
    return self.ensure_sync(handler)(e)  # type: ignore[no-any-return]
           ~~~~~~~~~~~~~~~~~~~~~~~~~^^^
  File "C:\Users\drago\OneDrive\Pulpit\ALL\newest owl judge\app.py", line 1982, in page_not_found
    return render_template('404.html'), 404
           ~~~~~~~~~~~~~~~^^^^^^^^^^^^
  File "C:\Users\drago\AppData\Local\Programs\Python\Python313\Lib\site-packages\flask\templating.py", line 149, in render_template
    template = app.jinja_env.get_or_select_template(template_name_or_list)
  File "C:\Users\drago\AppData\Local\Programs\Python\Python313\Lib\site-packages\jinja2\environment.py", line 1087, in get_or_select_template
    return self.get_template(template_name_or_list, parent, globals)
           ~~~~~~~~~~~~~~~~~^^^^^^^^^^^^^^^^^^^^^^^^^^^^^^^^^^^^^^^^
  File "C:\Users\drago\AppData\Local\Programs\Python\Python313\Lib\site-packages\jinja2\environment.py", line 1016, in get_template
    return self._load_template(name, globals)
           ~~~~~~~~~~~~~~~~~~~^^^^^^^^^^^^^^^
  File "C:\Users\drago\AppData\Local\Programs\Python\Python313\Lib\site-packages\jinja2\environment.py", line 975, in _load_template
    template = self.loader.load(self, name, self.make_globals(globals))
  File "C:\Users\drago\AppData\Local\Programs\Python\Python313\Lib\site-packages\jinja2\loaders.py", line 138, in load
    code = environment.compile(source, name, filename)
  File "C:\Users\drago\AppData\Local\Programs\Python\Python313\Lib\site-packages\jinja2\environment.py", line 771, in compile
    self.handle_exception(source=source_hint)
    ~~~~~~~~~~~~~~~~~~~~~^^^^^^^^^^^^^^^^^^^^
  File "C:\Users\drago\AppData\Local\Programs\Python\Python313\Lib\site-packages\jinja2\environment.py", line 942, in handle_exception
    raise rewrite_traceback_stack(source=source)
  File "C:\Users\drago\OneDrive\Pulpit\ALL\newest owl judge\templates\404.html", line 45, in template
    {% block title %}Server Error - OwlJudge{% endblock %}
    ^^^^^^^^^^^^^^^^^^^^^^^^^
jinja2.exceptions.TemplateAssertionError: block 'title' defined twice
2025-04-15 15:42:25,741 ERROR: Error fetching recent projects for index page: (sqlite3.OperationalError) no such column: projects.created_at
[SQL: SELECT projects.project_id AS projects_project_id, projects.project_name AS projects_project_name, projects.group_id AS projects_group_id, projects.description AS projects_description, projects.created_at AS projects_created_at, projects.updated_at AS projects_updated_at 
FROM projects ORDER BY projects.created_at DESC
 LIMIT ? OFFSET ?]
[parameters: (5, 0)]
(Background on this error at: https://sqlalche.me/e/20/e3q8) [in C:\Users\drago\OneDrive\Pulpit\ALL\newest owl judge\app.py:384]
Traceback (most recent call last):
  File "C:\Users\drago\AppData\Local\Programs\Python\Python313\Lib\site-packages\sqlalchemy\engine\base.py", line 1964, in _exec_single_context
    self.dialect.do_execute(
    ~~~~~~~~~~~~~~~~~~~~~~~^
        cursor, str_statement, effective_parameters, context
        ^^^^^^^^^^^^^^^^^^^^^^^^^^^^^^^^^^^^^^^^^^^^^^^^^^^^
    )
    ^
  File "C:\Users\drago\AppData\Local\Programs\Python\Python313\Lib\site-packages\sqlalchemy\engine\default.py", line 942, in do_execute
    cursor.execute(statement, parameters)
    ~~~~~~~~~~~~~~^^^^^^^^^^^^^^^^^^^^^^^
sqlite3.OperationalError: no such column: projects.created_at

The above exception was the direct cause of the following exception:

Traceback (most recent call last):
  File "C:\Users\drago\OneDrive\Pulpit\ALL\newest owl judge\app.py", line 382, in index
    recent_projects = Projects.query.order_by(Projects.created_at.desc()).limit(5).all()
  File "C:\Users\drago\AppData\Local\Programs\Python\Python313\Lib\site-packages\sqlalchemy\orm\query.py", line 2704, in all
    return self._iter().all()  # type: ignore
           ~~~~~~~~~~^^
  File "C:\Users\drago\AppData\Local\Programs\Python\Python313\Lib\site-packages\sqlalchemy\orm\query.py", line 2858, in _iter
    result: Union[ScalarResult[_T], Result[_T]] = self.session.execute(
                                                  ~~~~~~~~~~~~~~~~~~~~^
        statement,
        ^^^^^^^^^^
        params,
        ^^^^^^^
        execution_options={"_sa_orm_load_options": self.load_options},
        ^^^^^^^^^^^^^^^^^^^^^^^^^^^^^^^^^^^^^^^^^^^^^^^^^^^^^^^^^^^^^^
    )
    ^
  File "C:\Users\drago\AppData\Local\Programs\Python\Python313\Lib\site-packages\sqlalchemy\orm\session.py", line 2365, in execute
    return self._execute_internal(
           ~~~~~~~~~~~~~~~~~~~~~~^
        statement,
        ^^^^^^^^^^
    ...<4 lines>...
        _add_event=_add_event,
        ^^^^^^^^^^^^^^^^^^^^^^
    )
    ^
  File "C:\Users\drago\AppData\Local\Programs\Python\Python313\Lib\site-packages\sqlalchemy\orm\session.py", line 2251, in _execute_internal
    result: Result[Any] = compile_state_cls.orm_execute_statement(
                          ~~~~~~~~~~~~~~~~~~~~~~~~~~~~~~~~~~~~~~~^
        self,
        ^^^^^
    ...<4 lines>...
        conn,
        ^^^^^
    )
    ^
  File "C:\Users\drago\AppData\Local\Programs\Python\Python313\Lib\site-packages\sqlalchemy\orm\context.py", line 306, in orm_execute_statement
    result = conn.execute(
        statement, params or {}, execution_options=execution_options
    )
  File "C:\Users\drago\AppData\Local\Programs\Python\Python313\Lib\site-packages\sqlalchemy\engine\base.py", line 1416, in execute
    return meth(
        self,
        distilled_parameters,
        execution_options or NO_OPTIONS,
    )
  File "C:\Users\drago\AppData\Local\Programs\Python\Python313\Lib\site-packages\sqlalchemy\sql\elements.py", line 523, in _execute_on_connection
    return connection._execute_clauseelement(
           ~~~~~~~~~~~~~~~~~~~~~~~~~~~~~~~~~^
        self, distilled_params, execution_options
        ^^^^^^^^^^^^^^^^^^^^^^^^^^^^^^^^^^^^^^^^^
    )
    ^
  File "C:\Users\drago\AppData\Local\Programs\Python\Python313\Lib\site-packages\sqlalchemy\engine\base.py", line 1638, in _execute_clauseelement
    ret = self._execute_context(
        dialect,
    ...<8 lines>...
        cache_hit=cache_hit,
    )
  File "C:\Users\drago\AppData\Local\Programs\Python\Python313\Lib\site-packages\sqlalchemy\engine\base.py", line 1843, in _execute_context
    return self._exec_single_context(
           ~~~~~~~~~~~~~~~~~~~~~~~~~^
        dialect, context, statement, parameters
        ^^^^^^^^^^^^^^^^^^^^^^^^^^^^^^^^^^^^^^^
    )
    ^
  File "C:\Users\drago\AppData\Local\Programs\Python\Python313\Lib\site-packages\sqlalchemy\engine\base.py", line 1983, in _exec_single_context
    self._handle_dbapi_exception(
    ~~~~~~~~~~~~~~~~~~~~~~~~~~~~^
        e, str_statement, effective_parameters, cursor, context
        ^^^^^^^^^^^^^^^^^^^^^^^^^^^^^^^^^^^^^^^^^^^^^^^^^^^^^^^
    )
    ^
  File "C:\Users\drago\AppData\Local\Programs\Python\Python313\Lib\site-packages\sqlalchemy\engine\base.py", line 2352, in _handle_dbapi_exception
    raise sqlalchemy_exception.with_traceback(exc_info[2]) from e
  File "C:\Users\drago\AppData\Local\Programs\Python\Python313\Lib\site-packages\sqlalchemy\engine\base.py", line 1964, in _exec_single_context
    self.dialect.do_execute(
    ~~~~~~~~~~~~~~~~~~~~~~~^
        cursor, str_statement, effective_parameters, context
        ^^^^^^^^^^^^^^^^^^^^^^^^^^^^^^^^^^^^^^^^^^^^^^^^^^^^
    )
    ^
  File "C:\Users\drago\AppData\Local\Programs\Python\Python313\Lib\site-packages\sqlalchemy\engine\default.py", line 942, in do_execute
    cursor.execute(statement, parameters)
    ~~~~~~~~~~~~~~^^^^^^^^^^^^^^^^^^^^^^^
sqlalchemy.exc.OperationalError: (sqlite3.OperationalError) no such column: projects.created_at
[SQL: SELECT projects.project_id AS projects_project_id, projects.project_name AS projects_project_name, projects.group_id AS projects_group_id, projects.description AS projects_description, projects.created_at AS projects_created_at, projects.updated_at AS projects_updated_at 
FROM projects ORDER BY projects.created_at DESC
 LIMIT ? OFFSET ?]
[parameters: (5, 0)]
(Background on this error at: https://sqlalche.me/e/20/e3q8)
2025-04-15 15:42:25,764 INFO: 404 Not Found: /static/images/avatar_judge.png (Referrer: http://127.0.0.1:5000/) [Unauthenticated User] [in C:\Users\drago\OneDrive\Pulpit\ALL\newest owl judge\app.py:1979]
2025-04-15 15:42:25,764 INFO: 404 Not Found: /static/images/avatar_student.png (Referrer: http://127.0.0.1:5000/) [Unauthenticated User] [in C:\Users\drago\OneDrive\Pulpit\ALL\newest owl judge\app.py:1979]
2025-04-15 15:42:25,764 INFO: 404 Not Found: /static/images/avatar_admin.png (Referrer: http://127.0.0.1:5000/) [Unauthenticated User] [in C:\Users\drago\OneDrive\Pulpit\ALL\newest owl judge\app.py:1979]
2025-04-15 15:42:25,764 INFO: 404 Not Found: /static/images/ksu_campus_blur.jpg (Referrer: http://127.0.0.1:5000/) [Unauthenticated User] [in C:\Users\drago\OneDrive\Pulpit\ALL\newest owl judge\app.py:1979]
2025-04-15 15:42:25,765 INFO: 404 Not Found: /static/images/ksu_campus_wide.jpg (Referrer: http://127.0.0.1:5000/) [Unauthenticated User] [in C:\Users\drago\OneDrive\Pulpit\ALL\newest owl judge\app.py:1979]
2025-04-15 15:42:25,766 ERROR: Exception on /static/images/avatar_judge.png [GET] [in C:\Users\drago\AppData\Local\Programs\Python\Python313\Lib\site-packages\flask\app.py:875]
Traceback (most recent call last):
  File "C:\Users\drago\AppData\Local\Programs\Python\Python313\Lib\site-packages\flask\app.py", line 917, in full_dispatch_request
    rv = self.dispatch_request()
  File "C:\Users\drago\AppData\Local\Programs\Python\Python313\Lib\site-packages\flask\app.py", line 902, in dispatch_request
    return self.ensure_sync(self.view_functions[rule.endpoint])(**view_args)  # type: ignore[no-any-return]
           ~~~~~~~~~~~~~~~~~~~~~~~~~~~~~~~~~~~~~~~~~~~~~~~~~~~~^^^^^^^^^^^^^
  File "C:\Users\drago\AppData\Local\Programs\Python\Python313\Lib\site-packages\flask\app.py", line 278, in <lambda>
    view_func=lambda **kw: self_ref().send_static_file(**kw),  # type: ignore # noqa: B950
                           ~~~~~~~~~~~~~~~~~~~~~~~~~~~^^^^^^
  File "C:\Users\drago\AppData\Local\Programs\Python\Python313\Lib\site-packages\flask\app.py", line 326, in send_static_file
    return send_from_directory(
        t.cast(str, self.static_folder), filename, max_age=max_age
    )
  File "C:\Users\drago\AppData\Local\Programs\Python\Python313\Lib\site-packages\flask\helpers.py", line 565, in send_from_directory
    return werkzeug.utils.send_from_directory(  # type: ignore[return-value]
           ~~~~~~~~~~~~~~~~~~~~~~~~~~~~~~~~~~^^^^^^^^^^^^^^^^^^^^^^^^^^^^^^^
        directory, path, **_prepare_send_file_kwargs(**kwargs)
        ^^^^^^^^^^^^^^^^^^^^^^^^^^^^^^^^^^^^^^^^^^^^^^^^^^^^^^
    )
    ^
  File "C:\Users\drago\AppData\Local\Programs\Python\Python313\Lib\site-packages\werkzeug\utils.py", line 575, in send_from_directory
    raise NotFound()
werkzeug.exceptions.NotFound: 404 Not Found: The requested URL was not found on the server. If you entered the URL manually please check your spelling and try again.

During handling of the above exception, another exception occurred:

Traceback (most recent call last):
  File "C:\Users\drago\AppData\Local\Programs\Python\Python313\Lib\site-packages\flask\app.py", line 1511, in wsgi_app
    response = self.full_dispatch_request()
  File "C:\Users\drago\AppData\Local\Programs\Python\Python313\Lib\site-packages\flask\app.py", line 919, in full_dispatch_request
    rv = self.handle_user_exception(e)
  File "C:\Users\drago\AppData\Local\Programs\Python\Python313\Lib\site-packages\flask\app.py", line 802, in handle_user_exception
    return self.handle_http_exception(e)
           ~~~~~~~~~~~~~~~~~~~~~~~~~~^^^
  File "C:\Users\drago\AppData\Local\Programs\Python\Python313\Lib\site-packages\flask\app.py", line 777, in handle_http_exception
    return self.ensure_sync(handler)(e)  # type: ignore[no-any-return]
           ~~~~~~~~~~~~~~~~~~~~~~~~~^^^
  File "C:\Users\drago\OneDrive\Pulpit\ALL\newest owl judge\app.py", line 1982, in page_not_found
    return render_template('404.html'), 404
           ~~~~~~~~~~~~~~~^^^^^^^^^^^^
  File "C:\Users\drago\AppData\Local\Programs\Python\Python313\Lib\site-packages\flask\templating.py", line 149, in render_template
    template = app.jinja_env.get_or_select_template(template_name_or_list)
  File "C:\Users\drago\AppData\Local\Programs\Python\Python313\Lib\site-packages\jinja2\environment.py", line 1087, in get_or_select_template
    return self.get_template(template_name_or_list, parent, globals)
           ~~~~~~~~~~~~~~~~~^^^^^^^^^^^^^^^^^^^^^^^^^^^^^^^^^^^^^^^^
  File "C:\Users\drago\AppData\Local\Programs\Python\Python313\Lib\site-packages\jinja2\environment.py", line 1016, in get_template
    return self._load_template(name, globals)
           ~~~~~~~~~~~~~~~~~~~^^^^^^^^^^^^^^^
  File "C:\Users\drago\AppData\Local\Programs\Python\Python313\Lib\site-packages\jinja2\environment.py", line 975, in _load_template
    template = self.loader.load(self, name, self.make_globals(globals))
  File "C:\Users\drago\AppData\Local\Programs\Python\Python313\Lib\site-packages\jinja2\loaders.py", line 138, in load
    code = environment.compile(source, name, filename)
  File "C:\Users\drago\AppData\Local\Programs\Python\Python313\Lib\site-packages\jinja2\environment.py", line 771, in compile
    self.handle_exception(source=source_hint)
    ~~~~~~~~~~~~~~~~~~~~~^^^^^^^^^^^^^^^^^^^^
  File "C:\Users\drago\AppData\Local\Programs\Python\Python313\Lib\site-packages\jinja2\environment.py", line 942, in handle_exception
    raise rewrite_traceback_stack(source=source)
  File "C:\Users\drago\OneDrive\Pulpit\ALL\newest owl judge\templates\404.html", line 45, in template
    {% block title %}Server Error - OwlJudge{% endblock %}
    ^^^^^^^^^^^^^^^^^^^^^^^^^
jinja2.exceptions.TemplateAssertionError: block 'title' defined twice
2025-04-15 15:42:25,768 ERROR: Exception on /static/images/avatar_admin.png [GET] [in C:\Users\drago\AppData\Local\Programs\Python\Python313\Lib\site-packages\flask\app.py:875]
Traceback (most recent call last):
  File "C:\Users\drago\AppData\Local\Programs\Python\Python313\Lib\site-packages\flask\app.py", line 917, in full_dispatch_request
    rv = self.dispatch_request()
  File "C:\Users\drago\AppData\Local\Programs\Python\Python313\Lib\site-packages\flask\app.py", line 902, in dispatch_request
    return self.ensure_sync(self.view_functions[rule.endpoint])(**view_args)  # type: ignore[no-any-return]
           ~~~~~~~~~~~~~~~~~~~~~~~~~~~~~~~~~~~~~~~~~~~~~~~~~~~~^^^^^^^^^^^^^
  File "C:\Users\drago\AppData\Local\Programs\Python\Python313\Lib\site-packages\flask\app.py", line 278, in <lambda>
    view_func=lambda **kw: self_ref().send_static_file(**kw),  # type: ignore # noqa: B950
                           ~~~~~~~~~~~~~~~~~~~~~~~~~~~^^^^^^
  File "C:\Users\drago\AppData\Local\Programs\Python\Python313\Lib\site-packages\flask\app.py", line 326, in send_static_file
    return send_from_directory(
        t.cast(str, self.static_folder), filename, max_age=max_age
    )
  File "C:\Users\drago\AppData\Local\Programs\Python\Python313\Lib\site-packages\flask\helpers.py", line 565, in send_from_directory
    return werkzeug.utils.send_from_directory(  # type: ignore[return-value]
           ~~~~~~~~~~~~~~~~~~~~~~~~~~~~~~~~~~^^^^^^^^^^^^^^^^^^^^^^^^^^^^^^^
        directory, path, **_prepare_send_file_kwargs(**kwargs)
        ^^^^^^^^^^^^^^^^^^^^^^^^^^^^^^^^^^^^^^^^^^^^^^^^^^^^^^
    )
    ^
  File "C:\Users\drago\AppData\Local\Programs\Python\Python313\Lib\site-packages\werkzeug\utils.py", line 575, in send_from_directory
    raise NotFound()
werkzeug.exceptions.NotFound: 404 Not Found: The requested URL was not found on the server. If you entered the URL manually please check your spelling and try again.

During handling of the above exception, another exception occurred:

Traceback (most recent call last):
  File "C:\Users\drago\AppData\Local\Programs\Python\Python313\Lib\site-packages\flask\app.py", line 1511, in wsgi_app
    response = self.full_dispatch_request()
  File "C:\Users\drago\AppData\Local\Programs\Python\Python313\Lib\site-packages\flask\app.py", line 919, in full_dispatch_request
    rv = self.handle_user_exception(e)
  File "C:\Users\drago\AppData\Local\Programs\Python\Python313\Lib\site-packages\flask\app.py", line 802, in handle_user_exception
    return self.handle_http_exception(e)
           ~~~~~~~~~~~~~~~~~~~~~~~~~~^^^
  File "C:\Users\drago\AppData\Local\Programs\Python\Python313\Lib\site-packages\flask\app.py", line 777, in handle_http_exception
    return self.ensure_sync(handler)(e)  # type: ignore[no-any-return]
           ~~~~~~~~~~~~~~~~~~~~~~~~~^^^
  File "C:\Users\drago\OneDrive\Pulpit\ALL\newest owl judge\app.py", line 1982, in page_not_found
    return render_template('404.html'), 404
           ~~~~~~~~~~~~~~~^^^^^^^^^^^^
  File "C:\Users\drago\AppData\Local\Programs\Python\Python313\Lib\site-packages\flask\templating.py", line 149, in render_template
    template = app.jinja_env.get_or_select_template(template_name_or_list)
  File "C:\Users\drago\AppData\Local\Programs\Python\Python313\Lib\site-packages\jinja2\environment.py", line 1087, in get_or_select_template
    return self.get_template(template_name_or_list, parent, globals)
           ~~~~~~~~~~~~~~~~~^^^^^^^^^^^^^^^^^^^^^^^^^^^^^^^^^^^^^^^^
  File "C:\Users\drago\AppData\Local\Programs\Python\Python313\Lib\site-packages\jinja2\environment.py", line 1016, in get_template
    return self._load_template(name, globals)
           ~~~~~~~~~~~~~~~~~~~^^^^^^^^^^^^^^^
  File "C:\Users\drago\AppData\Local\Programs\Python\Python313\Lib\site-packages\jinja2\environment.py", line 975, in _load_template
    template = self.loader.load(self, name, self.make_globals(globals))
  File "C:\Users\drago\AppData\Local\Programs\Python\Python313\Lib\site-packages\jinja2\loaders.py", line 138, in load
    code = environment.compile(source, name, filename)
  File "C:\Users\drago\AppData\Local\Programs\Python\Python313\Lib\site-packages\jinja2\environment.py", line 771, in compile
    self.handle_exception(source=source_hint)
    ~~~~~~~~~~~~~~~~~~~~~^^^^^^^^^^^^^^^^^^^^
  File "C:\Users\drago\AppData\Local\Programs\Python\Python313\Lib\site-packages\jinja2\environment.py", line 942, in handle_exception
    raise rewrite_traceback_stack(source=source)
  File "C:\Users\drago\OneDrive\Pulpit\ALL\newest owl judge\templates\404.html", line 45, in template
    {% block title %}Server Error - OwlJudge{% endblock %}
    ^^^^^^^^^^^^^^^^^^^^^^^^^
jinja2.exceptions.TemplateAssertionError: block 'title' defined twice
2025-04-15 15:42:25,768 ERROR: Exception on /static/images/avatar_student.png [GET] [in C:\Users\drago\AppData\Local\Programs\Python\Python313\Lib\site-packages\flask\app.py:875]
Traceback (most recent call last):
  File "C:\Users\drago\AppData\Local\Programs\Python\Python313\Lib\site-packages\flask\app.py", line 917, in full_dispatch_request
    rv = self.dispatch_request()
  File "C:\Users\drago\AppData\Local\Programs\Python\Python313\Lib\site-packages\flask\app.py", line 902, in dispatch_request
    return self.ensure_sync(self.view_functions[rule.endpoint])(**view_args)  # type: ignore[no-any-return]
           ~~~~~~~~~~~~~~~~~~~~~~~~~~~~~~~~~~~~~~~~~~~~~~~~~~~~^^^^^^^^^^^^^
  File "C:\Users\drago\AppData\Local\Programs\Python\Python313\Lib\site-packages\flask\app.py", line 278, in <lambda>
    view_func=lambda **kw: self_ref().send_static_file(**kw),  # type: ignore # noqa: B950
                           ~~~~~~~~~~~~~~~~~~~~~~~~~~~^^^^^^
  File "C:\Users\drago\AppData\Local\Programs\Python\Python313\Lib\site-packages\flask\app.py", line 326, in send_static_file
    return send_from_directory(
        t.cast(str, self.static_folder), filename, max_age=max_age
    )
  File "C:\Users\drago\AppData\Local\Programs\Python\Python313\Lib\site-packages\flask\helpers.py", line 565, in send_from_directory
    return werkzeug.utils.send_from_directory(  # type: ignore[return-value]
           ~~~~~~~~~~~~~~~~~~~~~~~~~~~~~~~~~~^^^^^^^^^^^^^^^^^^^^^^^^^^^^^^^
        directory, path, **_prepare_send_file_kwargs(**kwargs)
        ^^^^^^^^^^^^^^^^^^^^^^^^^^^^^^^^^^^^^^^^^^^^^^^^^^^^^^
    )
    ^
  File "C:\Users\drago\AppData\Local\Programs\Python\Python313\Lib\site-packages\werkzeug\utils.py", line 575, in send_from_directory
    raise NotFound()
werkzeug.exceptions.NotFound: 404 Not Found: The requested URL was not found on the server. If you entered the URL manually please check your spelling and try again.

During handling of the above exception, another exception occurred:

Traceback (most recent call last):
  File "C:\Users\drago\AppData\Local\Programs\Python\Python313\Lib\site-packages\flask\app.py", line 1511, in wsgi_app
    response = self.full_dispatch_request()
  File "C:\Users\drago\AppData\Local\Programs\Python\Python313\Lib\site-packages\flask\app.py", line 919, in full_dispatch_request
    rv = self.handle_user_exception(e)
  File "C:\Users\drago\AppData\Local\Programs\Python\Python313\Lib\site-packages\flask\app.py", line 802, in handle_user_exception
    return self.handle_http_exception(e)
           ~~~~~~~~~~~~~~~~~~~~~~~~~~^^^
  File "C:\Users\drago\AppData\Local\Programs\Python\Python313\Lib\site-packages\flask\app.py", line 777, in handle_http_exception
    return self.ensure_sync(handler)(e)  # type: ignore[no-any-return]
           ~~~~~~~~~~~~~~~~~~~~~~~~~^^^
  File "C:\Users\drago\OneDrive\Pulpit\ALL\newest owl judge\app.py", line 1982, in page_not_found
    return render_template('404.html'), 404
           ~~~~~~~~~~~~~~~^^^^^^^^^^^^
  File "C:\Users\drago\AppData\Local\Programs\Python\Python313\Lib\site-packages\flask\templating.py", line 149, in render_template
    template = app.jinja_env.get_or_select_template(template_name_or_list)
  File "C:\Users\drago\AppData\Local\Programs\Python\Python313\Lib\site-packages\jinja2\environment.py", line 1087, in get_or_select_template
    return self.get_template(template_name_or_list, parent, globals)
           ~~~~~~~~~~~~~~~~~^^^^^^^^^^^^^^^^^^^^^^^^^^^^^^^^^^^^^^^^
  File "C:\Users\drago\AppData\Local\Programs\Python\Python313\Lib\site-packages\jinja2\environment.py", line 1016, in get_template
    return self._load_template(name, globals)
           ~~~~~~~~~~~~~~~~~~~^^^^^^^^^^^^^^^
  File "C:\Users\drago\AppData\Local\Programs\Python\Python313\Lib\site-packages\jinja2\environment.py", line 975, in _load_template
    template = self.loader.load(self, name, self.make_globals(globals))
  File "C:\Users\drago\AppData\Local\Programs\Python\Python313\Lib\site-packages\jinja2\loaders.py", line 138, in load
    code = environment.compile(source, name, filename)
  File "C:\Users\drago\AppData\Local\Programs\Python\Python313\Lib\site-packages\jinja2\environment.py", line 771, in compile
    self.handle_exception(source=source_hint)
    ~~~~~~~~~~~~~~~~~~~~~^^^^^^^^^^^^^^^^^^^^
  File "C:\Users\drago\AppData\Local\Programs\Python\Python313\Lib\site-packages\jinja2\environment.py", line 942, in handle_exception
    raise rewrite_traceback_stack(source=source)
  File "C:\Users\drago\OneDrive\Pulpit\ALL\newest owl judge\templates\404.html", line 45, in template
    {% block title %}Server Error - OwlJudge{% endblock %}
    ^^^^^^^^^^^^^^^^^^^^^^^^^
jinja2.exceptions.TemplateAssertionError: block 'title' defined twice
2025-04-15 15:42:25,769 ERROR: Exception on /static/images/ksu_campus_wide.jpg [GET] [in C:\Users\drago\AppData\Local\Programs\Python\Python313\Lib\site-packages\flask\app.py:875]
Traceback (most recent call last):
  File "C:\Users\drago\AppData\Local\Programs\Python\Python313\Lib\site-packages\flask\app.py", line 917, in full_dispatch_request
    rv = self.dispatch_request()
  File "C:\Users\drago\AppData\Local\Programs\Python\Python313\Lib\site-packages\flask\app.py", line 902, in dispatch_request
    return self.ensure_sync(self.view_functions[rule.endpoint])(**view_args)  # type: ignore[no-any-return]
           ~~~~~~~~~~~~~~~~~~~~~~~~~~~~~~~~~~~~~~~~~~~~~~~~~~~~^^^^^^^^^^^^^
  File "C:\Users\drago\AppData\Local\Programs\Python\Python313\Lib\site-packages\flask\app.py", line 278, in <lambda>
    view_func=lambda **kw: self_ref().send_static_file(**kw),  # type: ignore # noqa: B950
                           ~~~~~~~~~~~~~~~~~~~~~~~~~~~^^^^^^
  File "C:\Users\drago\AppData\Local\Programs\Python\Python313\Lib\site-packages\flask\app.py", line 326, in send_static_file
    return send_from_directory(
        t.cast(str, self.static_folder), filename, max_age=max_age
    )
  File "C:\Users\drago\AppData\Local\Programs\Python\Python313\Lib\site-packages\flask\helpers.py", line 565, in send_from_directory
    return werkzeug.utils.send_from_directory(  # type: ignore[return-value]
           ~~~~~~~~~~~~~~~~~~~~~~~~~~~~~~~~~~^^^^^^^^^^^^^^^^^^^^^^^^^^^^^^^
        directory, path, **_prepare_send_file_kwargs(**kwargs)
        ^^^^^^^^^^^^^^^^^^^^^^^^^^^^^^^^^^^^^^^^^^^^^^^^^^^^^^
    )
    ^
  File "C:\Users\drago\AppData\Local\Programs\Python\Python313\Lib\site-packages\werkzeug\utils.py", line 575, in send_from_directory
    raise NotFound()
werkzeug.exceptions.NotFound: 404 Not Found: The requested URL was not found on the server. If you entered the URL manually please check your spelling and try again.

During handling of the above exception, another exception occurred:

Traceback (most recent call last):
  File "C:\Users\drago\AppData\Local\Programs\Python\Python313\Lib\site-packages\flask\app.py", line 1511, in wsgi_app
    response = self.full_dispatch_request()
  File "C:\Users\drago\AppData\Local\Programs\Python\Python313\Lib\site-packages\flask\app.py", line 919, in full_dispatch_request
    rv = self.handle_user_exception(e)
  File "C:\Users\drago\AppData\Local\Programs\Python\Python313\Lib\site-packages\flask\app.py", line 802, in handle_user_exception
    return self.handle_http_exception(e)
           ~~~~~~~~~~~~~~~~~~~~~~~~~~^^^
  File "C:\Users\drago\AppData\Local\Programs\Python\Python313\Lib\site-packages\flask\app.py", line 777, in handle_http_exception
    return self.ensure_sync(handler)(e)  # type: ignore[no-any-return]
           ~~~~~~~~~~~~~~~~~~~~~~~~~^^^
  File "C:\Users\drago\OneDrive\Pulpit\ALL\newest owl judge\app.py", line 1982, in page_not_found
    return render_template('404.html'), 404
           ~~~~~~~~~~~~~~~^^^^^^^^^^^^
  File "C:\Users\drago\AppData\Local\Programs\Python\Python313\Lib\site-packages\flask\templating.py", line 149, in render_template
    template = app.jinja_env.get_or_select_template(template_name_or_list)
  File "C:\Users\drago\AppData\Local\Programs\Python\Python313\Lib\site-packages\jinja2\environment.py", line 1087, in get_or_select_template
    return self.get_template(template_name_or_list, parent, globals)
           ~~~~~~~~~~~~~~~~~^^^^^^^^^^^^^^^^^^^^^^^^^^^^^^^^^^^^^^^^
  File "C:\Users\drago\AppData\Local\Programs\Python\Python313\Lib\site-packages\jinja2\environment.py", line 1016, in get_template
    return self._load_template(name, globals)
           ~~~~~~~~~~~~~~~~~~~^^^^^^^^^^^^^^^
  File "C:\Users\drago\AppData\Local\Programs\Python\Python313\Lib\site-packages\jinja2\environment.py", line 975, in _load_template
    template = self.loader.load(self, name, self.make_globals(globals))
  File "C:\Users\drago\AppData\Local\Programs\Python\Python313\Lib\site-packages\jinja2\loaders.py", line 138, in load
    code = environment.compile(source, name, filename)
  File "C:\Users\drago\AppData\Local\Programs\Python\Python313\Lib\site-packages\jinja2\environment.py", line 771, in compile
    self.handle_exception(source=source_hint)
    ~~~~~~~~~~~~~~~~~~~~~^^^^^^^^^^^^^^^^^^^^
  File "C:\Users\drago\AppData\Local\Programs\Python\Python313\Lib\site-packages\jinja2\environment.py", line 942, in handle_exception
    raise rewrite_traceback_stack(source=source)
  File "C:\Users\drago\OneDrive\Pulpit\ALL\newest owl judge\templates\404.html", line 45, in template
    {% block title %}Server Error - OwlJudge{% endblock %}
    ^^^^^^^^^^^^^^^^^^^^^^^^^
jinja2.exceptions.TemplateAssertionError: block 'title' defined twice
2025-04-15 15:42:25,769 ERROR: Exception on /static/images/ksu_campus_blur.jpg [GET] [in C:\Users\drago\AppData\Local\Programs\Python\Python313\Lib\site-packages\flask\app.py:875]
Traceback (most recent call last):
  File "C:\Users\drago\AppData\Local\Programs\Python\Python313\Lib\site-packages\flask\app.py", line 917, in full_dispatch_request
    rv = self.dispatch_request()
  File "C:\Users\drago\AppData\Local\Programs\Python\Python313\Lib\site-packages\flask\app.py", line 902, in dispatch_request
    return self.ensure_sync(self.view_functions[rule.endpoint])(**view_args)  # type: ignore[no-any-return]
           ~~~~~~~~~~~~~~~~~~~~~~~~~~~~~~~~~~~~~~~~~~~~~~~~~~~~^^^^^^^^^^^^^
  File "C:\Users\drago\AppData\Local\Programs\Python\Python313\Lib\site-packages\flask\app.py", line 278, in <lambda>
    view_func=lambda **kw: self_ref().send_static_file(**kw),  # type: ignore # noqa: B950
                           ~~~~~~~~~~~~~~~~~~~~~~~~~~~^^^^^^
  File "C:\Users\drago\AppData\Local\Programs\Python\Python313\Lib\site-packages\flask\app.py", line 326, in send_static_file
    return send_from_directory(
        t.cast(str, self.static_folder), filename, max_age=max_age
    )
  File "C:\Users\drago\AppData\Local\Programs\Python\Python313\Lib\site-packages\flask\helpers.py", line 565, in send_from_directory
    return werkzeug.utils.send_from_directory(  # type: ignore[return-value]
           ~~~~~~~~~~~~~~~~~~~~~~~~~~~~~~~~~~^^^^^^^^^^^^^^^^^^^^^^^^^^^^^^^
        directory, path, **_prepare_send_file_kwargs(**kwargs)
        ^^^^^^^^^^^^^^^^^^^^^^^^^^^^^^^^^^^^^^^^^^^^^^^^^^^^^^
    )
    ^
  File "C:\Users\drago\AppData\Local\Programs\Python\Python313\Lib\site-packages\werkzeug\utils.py", line 575, in send_from_directory
    raise NotFound()
werkzeug.exceptions.NotFound: 404 Not Found: The requested URL was not found on the server. If you entered the URL manually please check your spelling and try again.

During handling of the above exception, another exception occurred:

Traceback (most recent call last):
  File "C:\Users\drago\AppData\Local\Programs\Python\Python313\Lib\site-packages\flask\app.py", line 1511, in wsgi_app
    response = self.full_dispatch_request()
  File "C:\Users\drago\AppData\Local\Programs\Python\Python313\Lib\site-packages\flask\app.py", line 919, in full_dispatch_request
    rv = self.handle_user_exception(e)
  File "C:\Users\drago\AppData\Local\Programs\Python\Python313\Lib\site-packages\flask\app.py", line 802, in handle_user_exception
    return self.handle_http_exception(e)
           ~~~~~~~~~~~~~~~~~~~~~~~~~~^^^
  File "C:\Users\drago\AppData\Local\Programs\Python\Python313\Lib\site-packages\flask\app.py", line 777, in handle_http_exception
    return self.ensure_sync(handler)(e)  # type: ignore[no-any-return]
           ~~~~~~~~~~~~~~~~~~~~~~~~~^^^
  File "C:\Users\drago\OneDrive\Pulpit\ALL\newest owl judge\app.py", line 1982, in page_not_found
    return render_template('404.html'), 404
           ~~~~~~~~~~~~~~~^^^^^^^^^^^^
  File "C:\Users\drago\AppData\Local\Programs\Python\Python313\Lib\site-packages\flask\templating.py", line 149, in render_template
    template = app.jinja_env.get_or_select_template(template_name_or_list)
  File "C:\Users\drago\AppData\Local\Programs\Python\Python313\Lib\site-packages\jinja2\environment.py", line 1087, in get_or_select_template
    return self.get_template(template_name_or_list, parent, globals)
           ~~~~~~~~~~~~~~~~~^^^^^^^^^^^^^^^^^^^^^^^^^^^^^^^^^^^^^^^^
  File "C:\Users\drago\AppData\Local\Programs\Python\Python313\Lib\site-packages\jinja2\environment.py", line 1016, in get_template
    return self._load_template(name, globals)
           ~~~~~~~~~~~~~~~~~~~^^^^^^^^^^^^^^^
  File "C:\Users\drago\AppData\Local\Programs\Python\Python313\Lib\site-packages\jinja2\environment.py", line 975, in _load_template
    template = self.loader.load(self, name, self.make_globals(globals))
  File "C:\Users\drago\AppData\Local\Programs\Python\Python313\Lib\site-packages\jinja2\loaders.py", line 138, in load
    code = environment.compile(source, name, filename)
  File "C:\Users\drago\AppData\Local\Programs\Python\Python313\Lib\site-packages\jinja2\environment.py", line 771, in compile
    self.handle_exception(source=source_hint)
    ~~~~~~~~~~~~~~~~~~~~~^^^^^^^^^^^^^^^^^^^^
  File "C:\Users\drago\AppData\Local\Programs\Python\Python313\Lib\site-packages\jinja2\environment.py", line 942, in handle_exception
    raise rewrite_traceback_stack(source=source)
  File "C:\Users\drago\OneDrive\Pulpit\ALL\newest owl judge\templates\404.html", line 45, in template
    {% block title %}Server Error - OwlJudge{% endblock %}
    ^^^^^^^^^^^^^^^^^^^^^^^^^
jinja2.exceptions.TemplateAssertionError: block 'title' defined twice
2025-04-15 15:42:25,794 INFO: 404 Not Found: /favicon.ico (Referrer: http://127.0.0.1:5000/) [Unauthenticated User] [in C:\Users\drago\OneDrive\Pulpit\ALL\newest owl judge\app.py:1979]
2025-04-15 15:42:25,795 ERROR: Exception on /favicon.ico [GET] [in C:\Users\drago\AppData\Local\Programs\Python\Python313\Lib\site-packages\flask\app.py:875]
Traceback (most recent call last):
  File "C:\Users\drago\AppData\Local\Programs\Python\Python313\Lib\site-packages\flask\app.py", line 917, in full_dispatch_request
    rv = self.dispatch_request()
  File "C:\Users\drago\AppData\Local\Programs\Python\Python313\Lib\site-packages\flask\app.py", line 902, in dispatch_request
    return self.ensure_sync(self.view_functions[rule.endpoint])(**view_args)  # type: ignore[no-any-return]
           ~~~~~~~~~~~~~~~~~~~~~~~~~~~~~~~~~~~~~~~~~~~~~~~~~~~~^^^^^^^^^^^^^
  File "C:\Users\drago\OneDrive\Pulpit\ALL\newest owl judge\app.py", line 369, in favicon
    return send_from_directory(
        os.path.join(app.root_path, 'static', 'img'), # Assuming favicon is in static/img
    ...<2 lines>...
        max_age=2592000 # Cache for 30 days
    )
  File "C:\Users\drago\AppData\Local\Programs\Python\Python313\Lib\site-packages\flask\helpers.py", line 565, in send_from_directory
    return werkzeug.utils.send_from_directory(  # type: ignore[return-value]
           ~~~~~~~~~~~~~~~~~~~~~~~~~~~~~~~~~~^^^^^^^^^^^^^^^^^^^^^^^^^^^^^^^
        directory, path, **_prepare_send_file_kwargs(**kwargs)
        ^^^^^^^^^^^^^^^^^^^^^^^^^^^^^^^^^^^^^^^^^^^^^^^^^^^^^^
    )
    ^
  File "C:\Users\drago\AppData\Local\Programs\Python\Python313\Lib\site-packages\werkzeug\utils.py", line 575, in send_from_directory
    raise NotFound()
werkzeug.exceptions.NotFound: 404 Not Found: The requested URL was not found on the server. If you entered the URL manually please check your spelling and try again.

During handling of the above exception, another exception occurred:

Traceback (most recent call last):
  File "C:\Users\drago\AppData\Local\Programs\Python\Python313\Lib\site-packages\flask\app.py", line 1511, in wsgi_app
    response = self.full_dispatch_request()
  File "C:\Users\drago\AppData\Local\Programs\Python\Python313\Lib\site-packages\flask\app.py", line 919, in full_dispatch_request
    rv = self.handle_user_exception(e)
  File "C:\Users\drago\AppData\Local\Programs\Python\Python313\Lib\site-packages\flask\app.py", line 802, in handle_user_exception
    return self.handle_http_exception(e)
           ~~~~~~~~~~~~~~~~~~~~~~~~~~^^^
  File "C:\Users\drago\AppData\Local\Programs\Python\Python313\Lib\site-packages\flask\app.py", line 777, in handle_http_exception
    return self.ensure_sync(handler)(e)  # type: ignore[no-any-return]
           ~~~~~~~~~~~~~~~~~~~~~~~~~^^^
  File "C:\Users\drago\OneDrive\Pulpit\ALL\newest owl judge\app.py", line 1982, in page_not_found
    return render_template('404.html'), 404
           ~~~~~~~~~~~~~~~^^^^^^^^^^^^
  File "C:\Users\drago\AppData\Local\Programs\Python\Python313\Lib\site-packages\flask\templating.py", line 149, in render_template
    template = app.jinja_env.get_or_select_template(template_name_or_list)
  File "C:\Users\drago\AppData\Local\Programs\Python\Python313\Lib\site-packages\jinja2\environment.py", line 1087, in get_or_select_template
    return self.get_template(template_name_or_list, parent, globals)
           ~~~~~~~~~~~~~~~~~^^^^^^^^^^^^^^^^^^^^^^^^^^^^^^^^^^^^^^^^
  File "C:\Users\drago\AppData\Local\Programs\Python\Python313\Lib\site-packages\jinja2\environment.py", line 1016, in get_template
    return self._load_template(name, globals)
           ~~~~~~~~~~~~~~~~~~~^^^^^^^^^^^^^^^
  File "C:\Users\drago\AppData\Local\Programs\Python\Python313\Lib\site-packages\jinja2\environment.py", line 975, in _load_template
    template = self.loader.load(self, name, self.make_globals(globals))
  File "C:\Users\drago\AppData\Local\Programs\Python\Python313\Lib\site-packages\jinja2\loaders.py", line 138, in load
    code = environment.compile(source, name, filename)
  File "C:\Users\drago\AppData\Local\Programs\Python\Python313\Lib\site-packages\jinja2\environment.py", line 771, in compile
    self.handle_exception(source=source_hint)
    ~~~~~~~~~~~~~~~~~~~~~^^^^^^^^^^^^^^^^^^^^
  File "C:\Users\drago\AppData\Local\Programs\Python\Python313\Lib\site-packages\jinja2\environment.py", line 942, in handle_exception
    raise rewrite_traceback_stack(source=source)
  File "C:\Users\drago\OneDrive\Pulpit\ALL\newest owl judge\templates\404.html", line 45, in template
    {% block title %}Server Error - OwlJudge{% endblock %}
    ^^^^^^^^^^^^^^^^^^^^^^^^^
jinja2.exceptions.TemplateAssertionError: block 'title' defined twice
2025-04-15 15:42:27,689 ERROR: Error fetching recent projects for index page: (sqlite3.OperationalError) no such column: projects.created_at
[SQL: SELECT projects.project_id AS projects_project_id, projects.project_name AS projects_project_name, projects.group_id AS projects_group_id, projects.description AS projects_description, projects.created_at AS projects_created_at, projects.updated_at AS projects_updated_at 
FROM projects ORDER BY projects.created_at DESC
 LIMIT ? OFFSET ?]
[parameters: (5, 0)]
(Background on this error at: https://sqlalche.me/e/20/e3q8) [in C:\Users\drago\OneDrive\Pulpit\ALL\newest owl judge\app.py:384]
Traceback (most recent call last):
  File "C:\Users\drago\AppData\Local\Programs\Python\Python313\Lib\site-packages\sqlalchemy\engine\base.py", line 1964, in _exec_single_context
    self.dialect.do_execute(
    ~~~~~~~~~~~~~~~~~~~~~~~^
        cursor, str_statement, effective_parameters, context
        ^^^^^^^^^^^^^^^^^^^^^^^^^^^^^^^^^^^^^^^^^^^^^^^^^^^^
    )
    ^
  File "C:\Users\drago\AppData\Local\Programs\Python\Python313\Lib\site-packages\sqlalchemy\engine\default.py", line 942, in do_execute
    cursor.execute(statement, parameters)
    ~~~~~~~~~~~~~~^^^^^^^^^^^^^^^^^^^^^^^
sqlite3.OperationalError: no such column: projects.created_at

The above exception was the direct cause of the following exception:

Traceback (most recent call last):
  File "C:\Users\drago\OneDrive\Pulpit\ALL\newest owl judge\app.py", line 382, in index
    recent_projects = Projects.query.order_by(Projects.created_at.desc()).limit(5).all()
  File "C:\Users\drago\AppData\Local\Programs\Python\Python313\Lib\site-packages\sqlalchemy\orm\query.py", line 2704, in all
    return self._iter().all()  # type: ignore
           ~~~~~~~~~~^^
  File "C:\Users\drago\AppData\Local\Programs\Python\Python313\Lib\site-packages\sqlalchemy\orm\query.py", line 2858, in _iter
    result: Union[ScalarResult[_T], Result[_T]] = self.session.execute(
                                                  ~~~~~~~~~~~~~~~~~~~~^
        statement,
        ^^^^^^^^^^
        params,
        ^^^^^^^
        execution_options={"_sa_orm_load_options": self.load_options},
        ^^^^^^^^^^^^^^^^^^^^^^^^^^^^^^^^^^^^^^^^^^^^^^^^^^^^^^^^^^^^^^
    )
    ^
  File "C:\Users\drago\AppData\Local\Programs\Python\Python313\Lib\site-packages\sqlalchemy\orm\session.py", line 2365, in execute
    return self._execute_internal(
           ~~~~~~~~~~~~~~~~~~~~~~^
        statement,
        ^^^^^^^^^^
    ...<4 lines>...
        _add_event=_add_event,
        ^^^^^^^^^^^^^^^^^^^^^^
    )
    ^
  File "C:\Users\drago\AppData\Local\Programs\Python\Python313\Lib\site-packages\sqlalchemy\orm\session.py", line 2251, in _execute_internal
    result: Result[Any] = compile_state_cls.orm_execute_statement(
                          ~~~~~~~~~~~~~~~~~~~~~~~~~~~~~~~~~~~~~~~^
        self,
        ^^^^^
    ...<4 lines>...
        conn,
        ^^^^^
    )
    ^
  File "C:\Users\drago\AppData\Local\Programs\Python\Python313\Lib\site-packages\sqlalchemy\orm\context.py", line 306, in orm_execute_statement
    result = conn.execute(
        statement, params or {}, execution_options=execution_options
    )
  File "C:\Users\drago\AppData\Local\Programs\Python\Python313\Lib\site-packages\sqlalchemy\engine\base.py", line 1416, in execute
    return meth(
        self,
        distilled_parameters,
        execution_options or NO_OPTIONS,
    )
  File "C:\Users\drago\AppData\Local\Programs\Python\Python313\Lib\site-packages\sqlalchemy\sql\elements.py", line 523, in _execute_on_connection
    return connection._execute_clauseelement(
           ~~~~~~~~~~~~~~~~~~~~~~~~~~~~~~~~~^
        self, distilled_params, execution_options
        ^^^^^^^^^^^^^^^^^^^^^^^^^^^^^^^^^^^^^^^^^
    )
    ^
  File "C:\Users\drago\AppData\Local\Programs\Python\Python313\Lib\site-packages\sqlalchemy\engine\base.py", line 1638, in _execute_clauseelement
    ret = self._execute_context(
        dialect,
    ...<8 lines>...
        cache_hit=cache_hit,
    )
  File "C:\Users\drago\AppData\Local\Programs\Python\Python313\Lib\site-packages\sqlalchemy\engine\base.py", line 1843, in _execute_context
    return self._exec_single_context(
           ~~~~~~~~~~~~~~~~~~~~~~~~~^
        dialect, context, statement, parameters
        ^^^^^^^^^^^^^^^^^^^^^^^^^^^^^^^^^^^^^^^
    )
    ^
  File "C:\Users\drago\AppData\Local\Programs\Python\Python313\Lib\site-packages\sqlalchemy\engine\base.py", line 1983, in _exec_single_context
    self._handle_dbapi_exception(
    ~~~~~~~~~~~~~~~~~~~~~~~~~~~~^
        e, str_statement, effective_parameters, cursor, context
        ^^^^^^^^^^^^^^^^^^^^^^^^^^^^^^^^^^^^^^^^^^^^^^^^^^^^^^^
    )
    ^
  File "C:\Users\drago\AppData\Local\Programs\Python\Python313\Lib\site-packages\sqlalchemy\engine\base.py", line 2352, in _handle_dbapi_exception
    raise sqlalchemy_exception.with_traceback(exc_info[2]) from e
  File "C:\Users\drago\AppData\Local\Programs\Python\Python313\Lib\site-packages\sqlalchemy\engine\base.py", line 1964, in _exec_single_context
    self.dialect.do_execute(
    ~~~~~~~~~~~~~~~~~~~~~~~^
        cursor, str_statement, effective_parameters, context
        ^^^^^^^^^^^^^^^^^^^^^^^^^^^^^^^^^^^^^^^^^^^^^^^^^^^^
    )
    ^
  File "C:\Users\drago\AppData\Local\Programs\Python\Python313\Lib\site-packages\sqlalchemy\engine\default.py", line 942, in do_execute
    cursor.execute(statement, parameters)
    ~~~~~~~~~~~~~~^^^^^^^^^^^^^^^^^^^^^^^
sqlalchemy.exc.OperationalError: (sqlite3.OperationalError) no such column: projects.created_at
[SQL: SELECT projects.project_id AS projects_project_id, projects.project_name AS projects_project_name, projects.group_id AS projects_group_id, projects.description AS projects_description, projects.created_at AS projects_created_at, projects.updated_at AS projects_updated_at 
FROM projects ORDER BY projects.created_at DESC
 LIMIT ? OFFSET ?]
[parameters: (5, 0)]
(Background on this error at: https://sqlalche.me/e/20/e3q8)
2025-04-15 15:42:27,715 INFO: 404 Not Found: /static/images/avatar_judge.png (Referrer: http://127.0.0.1:5000/) [Unauthenticated User] [in C:\Users\drago\OneDrive\Pulpit\ALL\newest owl judge\app.py:1979]
2025-04-15 15:42:27,716 INFO: 404 Not Found: /static/images/avatar_student.png (Referrer: http://127.0.0.1:5000/) [Unauthenticated User] [in C:\Users\drago\OneDrive\Pulpit\ALL\newest owl judge\app.py:1979]
2025-04-15 15:42:27,717 INFO: 404 Not Found: /static/images/avatar_admin.png (Referrer: http://127.0.0.1:5000/) [Unauthenticated User] [in C:\Users\drago\OneDrive\Pulpit\ALL\newest owl judge\app.py:1979]
2025-04-15 15:42:27,719 ERROR: Exception on /static/images/avatar_judge.png [GET] [in C:\Users\drago\AppData\Local\Programs\Python\Python313\Lib\site-packages\flask\app.py:875]
Traceback (most recent call last):
  File "C:\Users\drago\AppData\Local\Programs\Python\Python313\Lib\site-packages\flask\app.py", line 917, in full_dispatch_request
    rv = self.dispatch_request()
  File "C:\Users\drago\AppData\Local\Programs\Python\Python313\Lib\site-packages\flask\app.py", line 902, in dispatch_request
    return self.ensure_sync(self.view_functions[rule.endpoint])(**view_args)  # type: ignore[no-any-return]
           ~~~~~~~~~~~~~~~~~~~~~~~~~~~~~~~~~~~~~~~~~~~~~~~~~~~~^^^^^^^^^^^^^
  File "C:\Users\drago\AppData\Local\Programs\Python\Python313\Lib\site-packages\flask\app.py", line 278, in <lambda>
    view_func=lambda **kw: self_ref().send_static_file(**kw),  # type: ignore # noqa: B950
                           ~~~~~~~~~~~~~~~~~~~~~~~~~~~^^^^^^
  File "C:\Users\drago\AppData\Local\Programs\Python\Python313\Lib\site-packages\flask\app.py", line 326, in send_static_file
    return send_from_directory(
        t.cast(str, self.static_folder), filename, max_age=max_age
    )
  File "C:\Users\drago\AppData\Local\Programs\Python\Python313\Lib\site-packages\flask\helpers.py", line 565, in send_from_directory
    return werkzeug.utils.send_from_directory(  # type: ignore[return-value]
           ~~~~~~~~~~~~~~~~~~~~~~~~~~~~~~~~~~^^^^^^^^^^^^^^^^^^^^^^^^^^^^^^^
        directory, path, **_prepare_send_file_kwargs(**kwargs)
        ^^^^^^^^^^^^^^^^^^^^^^^^^^^^^^^^^^^^^^^^^^^^^^^^^^^^^^
    )
    ^
  File "C:\Users\drago\AppData\Local\Programs\Python\Python313\Lib\site-packages\werkzeug\utils.py", line 575, in send_from_directory
    raise NotFound()
werkzeug.exceptions.NotFound: 404 Not Found: The requested URL was not found on the server. If you entered the URL manually please check your spelling and try again.

During handling of the above exception, another exception occurred:

Traceback (most recent call last):
  File "C:\Users\drago\AppData\Local\Programs\Python\Python313\Lib\site-packages\flask\app.py", line 1511, in wsgi_app
    response = self.full_dispatch_request()
  File "C:\Users\drago\AppData\Local\Programs\Python\Python313\Lib\site-packages\flask\app.py", line 919, in full_dispatch_request
    rv = self.handle_user_exception(e)
  File "C:\Users\drago\AppData\Local\Programs\Python\Python313\Lib\site-packages\flask\app.py", line 802, in handle_user_exception
    return self.handle_http_exception(e)
           ~~~~~~~~~~~~~~~~~~~~~~~~~~^^^
  File "C:\Users\drago\AppData\Local\Programs\Python\Python313\Lib\site-packages\flask\app.py", line 777, in handle_http_exception
    return self.ensure_sync(handler)(e)  # type: ignore[no-any-return]
           ~~~~~~~~~~~~~~~~~~~~~~~~~^^^
  File "C:\Users\drago\OneDrive\Pulpit\ALL\newest owl judge\app.py", line 1982, in page_not_found
    return render_template('404.html'), 404
           ~~~~~~~~~~~~~~~^^^^^^^^^^^^
  File "C:\Users\drago\AppData\Local\Programs\Python\Python313\Lib\site-packages\flask\templating.py", line 149, in render_template
    template = app.jinja_env.get_or_select_template(template_name_or_list)
  File "C:\Users\drago\AppData\Local\Programs\Python\Python313\Lib\site-packages\jinja2\environment.py", line 1087, in get_or_select_template
    return self.get_template(template_name_or_list, parent, globals)
           ~~~~~~~~~~~~~~~~~^^^^^^^^^^^^^^^^^^^^^^^^^^^^^^^^^^^^^^^^
  File "C:\Users\drago\AppData\Local\Programs\Python\Python313\Lib\site-packages\jinja2\environment.py", line 1016, in get_template
    return self._load_template(name, globals)
           ~~~~~~~~~~~~~~~~~~~^^^^^^^^^^^^^^^
  File "C:\Users\drago\AppData\Local\Programs\Python\Python313\Lib\site-packages\jinja2\environment.py", line 975, in _load_template
    template = self.loader.load(self, name, self.make_globals(globals))
  File "C:\Users\drago\AppData\Local\Programs\Python\Python313\Lib\site-packages\jinja2\loaders.py", line 138, in load
    code = environment.compile(source, name, filename)
  File "C:\Users\drago\AppData\Local\Programs\Python\Python313\Lib\site-packages\jinja2\environment.py", line 771, in compile
    self.handle_exception(source=source_hint)
    ~~~~~~~~~~~~~~~~~~~~~^^^^^^^^^^^^^^^^^^^^
  File "C:\Users\drago\AppData\Local\Programs\Python\Python313\Lib\site-packages\jinja2\environment.py", line 942, in handle_exception
    raise rewrite_traceback_stack(source=source)
  File "C:\Users\drago\OneDrive\Pulpit\ALL\newest owl judge\templates\404.html", line 45, in template
    {% block title %}Server Error - OwlJudge{% endblock %}
    ^^^^^^^^^^^^^^^^^^^^^^^^^
jinja2.exceptions.TemplateAssertionError: block 'title' defined twice
2025-04-15 15:42:27,720 ERROR: Exception on /static/images/avatar_student.png [GET] [in C:\Users\drago\AppData\Local\Programs\Python\Python313\Lib\site-packages\flask\app.py:875]
Traceback (most recent call last):
  File "C:\Users\drago\AppData\Local\Programs\Python\Python313\Lib\site-packages\flask\app.py", line 917, in full_dispatch_request
    rv = self.dispatch_request()
  File "C:\Users\drago\AppData\Local\Programs\Python\Python313\Lib\site-packages\flask\app.py", line 902, in dispatch_request
    return self.ensure_sync(self.view_functions[rule.endpoint])(**view_args)  # type: ignore[no-any-return]
           ~~~~~~~~~~~~~~~~~~~~~~~~~~~~~~~~~~~~~~~~~~~~~~~~~~~~^^^^^^^^^^^^^
  File "C:\Users\drago\AppData\Local\Programs\Python\Python313\Lib\site-packages\flask\app.py", line 278, in <lambda>
    view_func=lambda **kw: self_ref().send_static_file(**kw),  # type: ignore # noqa: B950
                           ~~~~~~~~~~~~~~~~~~~~~~~~~~~^^^^^^
  File "C:\Users\drago\AppData\Local\Programs\Python\Python313\Lib\site-packages\flask\app.py", line 326, in send_static_file
    return send_from_directory(
        t.cast(str, self.static_folder), filename, max_age=max_age
    )
  File "C:\Users\drago\AppData\Local\Programs\Python\Python313\Lib\site-packages\flask\helpers.py", line 565, in send_from_directory
    return werkzeug.utils.send_from_directory(  # type: ignore[return-value]
           ~~~~~~~~~~~~~~~~~~~~~~~~~~~~~~~~~~^^^^^^^^^^^^^^^^^^^^^^^^^^^^^^^
        directory, path, **_prepare_send_file_kwargs(**kwargs)
        ^^^^^^^^^^^^^^^^^^^^^^^^^^^^^^^^^^^^^^^^^^^^^^^^^^^^^^
    )
    ^
  File "C:\Users\drago\AppData\Local\Programs\Python\Python313\Lib\site-packages\werkzeug\utils.py", line 575, in send_from_directory
    raise NotFound()
werkzeug.exceptions.NotFound: 404 Not Found: The requested URL was not found on the server. If you entered the URL manually please check your spelling and try again.

During handling of the above exception, another exception occurred:

Traceback (most recent call last):
  File "C:\Users\drago\AppData\Local\Programs\Python\Python313\Lib\site-packages\flask\app.py", line 1511, in wsgi_app
    response = self.full_dispatch_request()
  File "C:\Users\drago\AppData\Local\Programs\Python\Python313\Lib\site-packages\flask\app.py", line 919, in full_dispatch_request
    rv = self.handle_user_exception(e)
  File "C:\Users\drago\AppData\Local\Programs\Python\Python313\Lib\site-packages\flask\app.py", line 802, in handle_user_exception
    return self.handle_http_exception(e)
           ~~~~~~~~~~~~~~~~~~~~~~~~~~^^^
  File "C:\Users\drago\AppData\Local\Programs\Python\Python313\Lib\site-packages\flask\app.py", line 777, in handle_http_exception
    return self.ensure_sync(handler)(e)  # type: ignore[no-any-return]
           ~~~~~~~~~~~~~~~~~~~~~~~~~^^^
  File "C:\Users\drago\OneDrive\Pulpit\ALL\newest owl judge\app.py", line 1982, in page_not_found
    return render_template('404.html'), 404
           ~~~~~~~~~~~~~~~^^^^^^^^^^^^
  File "C:\Users\drago\AppData\Local\Programs\Python\Python313\Lib\site-packages\flask\templating.py", line 149, in render_template
    template = app.jinja_env.get_or_select_template(template_name_or_list)
  File "C:\Users\drago\AppData\Local\Programs\Python\Python313\Lib\site-packages\jinja2\environment.py", line 1087, in get_or_select_template
    return self.get_template(template_name_or_list, parent, globals)
           ~~~~~~~~~~~~~~~~~^^^^^^^^^^^^^^^^^^^^^^^^^^^^^^^^^^^^^^^^
  File "C:\Users\drago\AppData\Local\Programs\Python\Python313\Lib\site-packages\jinja2\environment.py", line 1016, in get_template
    return self._load_template(name, globals)
           ~~~~~~~~~~~~~~~~~~~^^^^^^^^^^^^^^^
  File "C:\Users\drago\AppData\Local\Programs\Python\Python313\Lib\site-packages\jinja2\environment.py", line 975, in _load_template
    template = self.loader.load(self, name, self.make_globals(globals))
  File "C:\Users\drago\AppData\Local\Programs\Python\Python313\Lib\site-packages\jinja2\loaders.py", line 138, in load
    code = environment.compile(source, name, filename)
  File "C:\Users\drago\AppData\Local\Programs\Python\Python313\Lib\site-packages\jinja2\environment.py", line 771, in compile
    self.handle_exception(source=source_hint)
    ~~~~~~~~~~~~~~~~~~~~~^^^^^^^^^^^^^^^^^^^^
  File "C:\Users\drago\AppData\Local\Programs\Python\Python313\Lib\site-packages\jinja2\environment.py", line 942, in handle_exception
    raise rewrite_traceback_stack(source=source)
  File "C:\Users\drago\OneDrive\Pulpit\ALL\newest owl judge\templates\404.html", line 45, in template
    {% block title %}Server Error - OwlJudge{% endblock %}
    ^^^^^^^^^^^^^^^^^^^^^^^^^
jinja2.exceptions.TemplateAssertionError: block 'title' defined twice
2025-04-15 15:42:27,720 INFO: 404 Not Found: /static/images/ksu_campus_blur.jpg (Referrer: http://127.0.0.1:5000/) [Unauthenticated User] [in C:\Users\drago\OneDrive\Pulpit\ALL\newest owl judge\app.py:1979]
2025-04-15 15:42:27,721 ERROR: Exception on /static/images/avatar_admin.png [GET] [in C:\Users\drago\AppData\Local\Programs\Python\Python313\Lib\site-packages\flask\app.py:875]
Traceback (most recent call last):
  File "C:\Users\drago\AppData\Local\Programs\Python\Python313\Lib\site-packages\flask\app.py", line 917, in full_dispatch_request
    rv = self.dispatch_request()
  File "C:\Users\drago\AppData\Local\Programs\Python\Python313\Lib\site-packages\flask\app.py", line 902, in dispatch_request
    return self.ensure_sync(self.view_functions[rule.endpoint])(**view_args)  # type: ignore[no-any-return]
           ~~~~~~~~~~~~~~~~~~~~~~~~~~~~~~~~~~~~~~~~~~~~~~~~~~~~^^^^^^^^^^^^^
  File "C:\Users\drago\AppData\Local\Programs\Python\Python313\Lib\site-packages\flask\app.py", line 278, in <lambda>
    view_func=lambda **kw: self_ref().send_static_file(**kw),  # type: ignore # noqa: B950
                           ~~~~~~~~~~~~~~~~~~~~~~~~~~~^^^^^^
  File "C:\Users\drago\AppData\Local\Programs\Python\Python313\Lib\site-packages\flask\app.py", line 326, in send_static_file
    return send_from_directory(
        t.cast(str, self.static_folder), filename, max_age=max_age
    )
  File "C:\Users\drago\AppData\Local\Programs\Python\Python313\Lib\site-packages\flask\helpers.py", line 565, in send_from_directory
    return werkzeug.utils.send_from_directory(  # type: ignore[return-value]
           ~~~~~~~~~~~~~~~~~~~~~~~~~~~~~~~~~~^^^^^^^^^^^^^^^^^^^^^^^^^^^^^^^
        directory, path, **_prepare_send_file_kwargs(**kwargs)
        ^^^^^^^^^^^^^^^^^^^^^^^^^^^^^^^^^^^^^^^^^^^^^^^^^^^^^^
    )
    ^
  File "C:\Users\drago\AppData\Local\Programs\Python\Python313\Lib\site-packages\werkzeug\utils.py", line 575, in send_from_directory
    raise NotFound()
werkzeug.exceptions.NotFound: 404 Not Found: The requested URL was not found on the server. If you entered the URL manually please check your spelling and try again.

During handling of the above exception, another exception occurred:

Traceback (most recent call last):
  File "C:\Users\drago\AppData\Local\Programs\Python\Python313\Lib\site-packages\flask\app.py", line 1511, in wsgi_app
    response = self.full_dispatch_request()
  File "C:\Users\drago\AppData\Local\Programs\Python\Python313\Lib\site-packages\flask\app.py", line 919, in full_dispatch_request
    rv = self.handle_user_exception(e)
  File "C:\Users\drago\AppData\Local\Programs\Python\Python313\Lib\site-packages\flask\app.py", line 802, in handle_user_exception
    return self.handle_http_exception(e)
           ~~~~~~~~~~~~~~~~~~~~~~~~~~^^^
  File "C:\Users\drago\AppData\Local\Programs\Python\Python313\Lib\site-packages\flask\app.py", line 777, in handle_http_exception
    return self.ensure_sync(handler)(e)  # type: ignore[no-any-return]
           ~~~~~~~~~~~~~~~~~~~~~~~~~^^^
  File "C:\Users\drago\OneDrive\Pulpit\ALL\newest owl judge\app.py", line 1982, in page_not_found
    return render_template('404.html'), 404
           ~~~~~~~~~~~~~~~^^^^^^^^^^^^
  File "C:\Users\drago\AppData\Local\Programs\Python\Python313\Lib\site-packages\flask\templating.py", line 149, in render_template
    template = app.jinja_env.get_or_select_template(template_name_or_list)
  File "C:\Users\drago\AppData\Local\Programs\Python\Python313\Lib\site-packages\jinja2\environment.py", line 1087, in get_or_select_template
    return self.get_template(template_name_or_list, parent, globals)
           ~~~~~~~~~~~~~~~~~^^^^^^^^^^^^^^^^^^^^^^^^^^^^^^^^^^^^^^^^
  File "C:\Users\drago\AppData\Local\Programs\Python\Python313\Lib\site-packages\jinja2\environment.py", line 1016, in get_template
    return self._load_template(name, globals)
           ~~~~~~~~~~~~~~~~~~~^^^^^^^^^^^^^^^
  File "C:\Users\drago\AppData\Local\Programs\Python\Python313\Lib\site-packages\jinja2\environment.py", line 975, in _load_template
    template = self.loader.load(self, name, self.make_globals(globals))
  File "C:\Users\drago\AppData\Local\Programs\Python\Python313\Lib\site-packages\jinja2\loaders.py", line 138, in load
    code = environment.compile(source, name, filename)
  File "C:\Users\drago\AppData\Local\Programs\Python\Python313\Lib\site-packages\jinja2\environment.py", line 771, in compile
    self.handle_exception(source=source_hint)
    ~~~~~~~~~~~~~~~~~~~~~^^^^^^^^^^^^^^^^^^^^
  File "C:\Users\drago\AppData\Local\Programs\Python\Python313\Lib\site-packages\jinja2\environment.py", line 942, in handle_exception
    raise rewrite_traceback_stack(source=source)
  File "C:\Users\drago\OneDrive\Pulpit\ALL\newest owl judge\templates\404.html", line 45, in template
    {% block title %}Server Error - OwlJudge{% endblock %}
    ^^^^^^^^^^^^^^^^^^^^^^^^^
jinja2.exceptions.TemplateAssertionError: block 'title' defined twice
2025-04-15 15:42:27,722 INFO: 404 Not Found: /static/images/ksu_campus_wide.jpg (Referrer: http://127.0.0.1:5000/) [Unauthenticated User] [in C:\Users\drago\OneDrive\Pulpit\ALL\newest owl judge\app.py:1979]
2025-04-15 15:42:27,734 ERROR: Exception on /static/images/ksu_campus_blur.jpg [GET] [in C:\Users\drago\AppData\Local\Programs\Python\Python313\Lib\site-packages\flask\app.py:875]
Traceback (most recent call last):
  File "C:\Users\drago\AppData\Local\Programs\Python\Python313\Lib\site-packages\flask\app.py", line 917, in full_dispatch_request
    rv = self.dispatch_request()
  File "C:\Users\drago\AppData\Local\Programs\Python\Python313\Lib\site-packages\flask\app.py", line 902, in dispatch_request
    return self.ensure_sync(self.view_functions[rule.endpoint])(**view_args)  # type: ignore[no-any-return]
           ~~~~~~~~~~~~~~~~~~~~~~~~~~~~~~~~~~~~~~~~~~~~~~~~~~~~^^^^^^^^^^^^^
  File "C:\Users\drago\AppData\Local\Programs\Python\Python313\Lib\site-packages\flask\app.py", line 278, in <lambda>
    view_func=lambda **kw: self_ref().send_static_file(**kw),  # type: ignore # noqa: B950
                           ~~~~~~~~~~~~~~~~~~~~~~~~~~~^^^^^^
  File "C:\Users\drago\AppData\Local\Programs\Python\Python313\Lib\site-packages\flask\app.py", line 326, in send_static_file
    return send_from_directory(
        t.cast(str, self.static_folder), filename, max_age=max_age
    )
  File "C:\Users\drago\AppData\Local\Programs\Python\Python313\Lib\site-packages\flask\helpers.py", line 565, in send_from_directory
    return werkzeug.utils.send_from_directory(  # type: ignore[return-value]
           ~~~~~~~~~~~~~~~~~~~~~~~~~~~~~~~~~~^^^^^^^^^^^^^^^^^^^^^^^^^^^^^^^
        directory, path, **_prepare_send_file_kwargs(**kwargs)
        ^^^^^^^^^^^^^^^^^^^^^^^^^^^^^^^^^^^^^^^^^^^^^^^^^^^^^^
    )
    ^
  File "C:\Users\drago\AppData\Local\Programs\Python\Python313\Lib\site-packages\werkzeug\utils.py", line 575, in send_from_directory
    raise NotFound()
werkzeug.exceptions.NotFound: 404 Not Found: The requested URL was not found on the server. If you entered the URL manually please check your spelling and try again.

During handling of the above exception, another exception occurred:

Traceback (most recent call last):
  File "C:\Users\drago\AppData\Local\Programs\Python\Python313\Lib\site-packages\flask\app.py", line 1511, in wsgi_app
    response = self.full_dispatch_request()
  File "C:\Users\drago\AppData\Local\Programs\Python\Python313\Lib\site-packages\flask\app.py", line 919, in full_dispatch_request
    rv = self.handle_user_exception(e)
  File "C:\Users\drago\AppData\Local\Programs\Python\Python313\Lib\site-packages\flask\app.py", line 802, in handle_user_exception
    return self.handle_http_exception(e)
           ~~~~~~~~~~~~~~~~~~~~~~~~~~^^^
  File "C:\Users\drago\AppData\Local\Programs\Python\Python313\Lib\site-packages\flask\app.py", line 777, in handle_http_exception
    return self.ensure_sync(handler)(e)  # type: ignore[no-any-return]
           ~~~~~~~~~~~~~~~~~~~~~~~~~^^^
  File "C:\Users\drago\OneDrive\Pulpit\ALL\newest owl judge\app.py", line 1982, in page_not_found
    return render_template('404.html'), 404
           ~~~~~~~~~~~~~~~^^^^^^^^^^^^
  File "C:\Users\drago\AppData\Local\Programs\Python\Python313\Lib\site-packages\flask\templating.py", line 149, in render_template
    template = app.jinja_env.get_or_select_template(template_name_or_list)
  File "C:\Users\drago\AppData\Local\Programs\Python\Python313\Lib\site-packages\jinja2\environment.py", line 1087, in get_or_select_template
    return self.get_template(template_name_or_list, parent, globals)
           ~~~~~~~~~~~~~~~~~^^^^^^^^^^^^^^^^^^^^^^^^^^^^^^^^^^^^^^^^
  File "C:\Users\drago\AppData\Local\Programs\Python\Python313\Lib\site-packages\jinja2\environment.py", line 1016, in get_template
    return self._load_template(name, globals)
           ~~~~~~~~~~~~~~~~~~~^^^^^^^^^^^^^^^
  File "C:\Users\drago\AppData\Local\Programs\Python\Python313\Lib\site-packages\jinja2\environment.py", line 975, in _load_template
    template = self.loader.load(self, name, self.make_globals(globals))
  File "C:\Users\drago\AppData\Local\Programs\Python\Python313\Lib\site-packages\jinja2\loaders.py", line 138, in load
    code = environment.compile(source, name, filename)
  File "C:\Users\drago\AppData\Local\Programs\Python\Python313\Lib\site-packages\jinja2\environment.py", line 771, in compile
    self.handle_exception(source=source_hint)
    ~~~~~~~~~~~~~~~~~~~~~^^^^^^^^^^^^^^^^^^^^
  File "C:\Users\drago\AppData\Local\Programs\Python\Python313\Lib\site-packages\jinja2\environment.py", line 942, in handle_exception
    raise rewrite_traceback_stack(source=source)
  File "C:\Users\drago\OneDrive\Pulpit\ALL\newest owl judge\templates\404.html", line 45, in template
    {% block title %}Server Error - OwlJudge{% endblock %}
    ^^^^^^^^^^^^^^^^^^^^^^^^^
jinja2.exceptions.TemplateAssertionError: block 'title' defined twice
2025-04-15 15:42:27,736 ERROR: Exception on /static/images/ksu_campus_wide.jpg [GET] [in C:\Users\drago\AppData\Local\Programs\Python\Python313\Lib\site-packages\flask\app.py:875]
Traceback (most recent call last):
  File "C:\Users\drago\AppData\Local\Programs\Python\Python313\Lib\site-packages\flask\app.py", line 917, in full_dispatch_request
    rv = self.dispatch_request()
  File "C:\Users\drago\AppData\Local\Programs\Python\Python313\Lib\site-packages\flask\app.py", line 902, in dispatch_request
    return self.ensure_sync(self.view_functions[rule.endpoint])(**view_args)  # type: ignore[no-any-return]
           ~~~~~~~~~~~~~~~~~~~~~~~~~~~~~~~~~~~~~~~~~~~~~~~~~~~~^^^^^^^^^^^^^
  File "C:\Users\drago\AppData\Local\Programs\Python\Python313\Lib\site-packages\flask\app.py", line 278, in <lambda>
    view_func=lambda **kw: self_ref().send_static_file(**kw),  # type: ignore # noqa: B950
                           ~~~~~~~~~~~~~~~~~~~~~~~~~~~^^^^^^
  File "C:\Users\drago\AppData\Local\Programs\Python\Python313\Lib\site-packages\flask\app.py", line 326, in send_static_file
    return send_from_directory(
        t.cast(str, self.static_folder), filename, max_age=max_age
    )
  File "C:\Users\drago\AppData\Local\Programs\Python\Python313\Lib\site-packages\flask\helpers.py", line 565, in send_from_directory
    return werkzeug.utils.send_from_directory(  # type: ignore[return-value]
           ~~~~~~~~~~~~~~~~~~~~~~~~~~~~~~~~~~^^^^^^^^^^^^^^^^^^^^^^^^^^^^^^^
        directory, path, **_prepare_send_file_kwargs(**kwargs)
        ^^^^^^^^^^^^^^^^^^^^^^^^^^^^^^^^^^^^^^^^^^^^^^^^^^^^^^
    )
    ^
  File "C:\Users\drago\AppData\Local\Programs\Python\Python313\Lib\site-packages\werkzeug\utils.py", line 575, in send_from_directory
    raise NotFound()
werkzeug.exceptions.NotFound: 404 Not Found: The requested URL was not found on the server. If you entered the URL manually please check your spelling and try again.

During handling of the above exception, another exception occurred:

Traceback (most recent call last):
  File "C:\Users\drago\AppData\Local\Programs\Python\Python313\Lib\site-packages\flask\app.py", line 1511, in wsgi_app
    response = self.full_dispatch_request()
  File "C:\Users\drago\AppData\Local\Programs\Python\Python313\Lib\site-packages\flask\app.py", line 919, in full_dispatch_request
    rv = self.handle_user_exception(e)
  File "C:\Users\drago\AppData\Local\Programs\Python\Python313\Lib\site-packages\flask\app.py", line 802, in handle_user_exception
    return self.handle_http_exception(e)
           ~~~~~~~~~~~~~~~~~~~~~~~~~~^^^
  File "C:\Users\drago\AppData\Local\Programs\Python\Python313\Lib\site-packages\flask\app.py", line 777, in handle_http_exception
    return self.ensure_sync(handler)(e)  # type: ignore[no-any-return]
           ~~~~~~~~~~~~~~~~~~~~~~~~~^^^
  File "C:\Users\drago\OneDrive\Pulpit\ALL\newest owl judge\app.py", line 1982, in page_not_found
    return render_template('404.html'), 404
           ~~~~~~~~~~~~~~~^^^^^^^^^^^^
  File "C:\Users\drago\AppData\Local\Programs\Python\Python313\Lib\site-packages\flask\templating.py", line 149, in render_template
    template = app.jinja_env.get_or_select_template(template_name_or_list)
  File "C:\Users\drago\AppData\Local\Programs\Python\Python313\Lib\site-packages\jinja2\environment.py", line 1087, in get_or_select_template
    return self.get_template(template_name_or_list, parent, globals)
           ~~~~~~~~~~~~~~~~~^^^^^^^^^^^^^^^^^^^^^^^^^^^^^^^^^^^^^^^^
  File "C:\Users\drago\AppData\Local\Programs\Python\Python313\Lib\site-packages\jinja2\environment.py", line 1016, in get_template
    return self._load_template(name, globals)
           ~~~~~~~~~~~~~~~~~~~^^^^^^^^^^^^^^^
  File "C:\Users\drago\AppData\Local\Programs\Python\Python313\Lib\site-packages\jinja2\environment.py", line 975, in _load_template
    template = self.loader.load(self, name, self.make_globals(globals))
  File "C:\Users\drago\AppData\Local\Programs\Python\Python313\Lib\site-packages\jinja2\loaders.py", line 138, in load
    code = environment.compile(source, name, filename)
  File "C:\Users\drago\AppData\Local\Programs\Python\Python313\Lib\site-packages\jinja2\environment.py", line 771, in compile
    self.handle_exception(source=source_hint)
    ~~~~~~~~~~~~~~~~~~~~~^^^^^^^^^^^^^^^^^^^^
  File "C:\Users\drago\AppData\Local\Programs\Python\Python313\Lib\site-packages\jinja2\environment.py", line 942, in handle_exception
    raise rewrite_traceback_stack(source=source)
  File "C:\Users\drago\OneDrive\Pulpit\ALL\newest owl judge\templates\404.html", line 45, in template
    {% block title %}Server Error - OwlJudge{% endblock %}
    ^^^^^^^^^^^^^^^^^^^^^^^^^
jinja2.exceptions.TemplateAssertionError: block 'title' defined twice
2025-04-15 15:42:27,743 INFO: 404 Not Found: /favicon.ico (Referrer: http://127.0.0.1:5000/) [Unauthenticated User] [in C:\Users\drago\OneDrive\Pulpit\ALL\newest owl judge\app.py:1979]
2025-04-15 15:42:27,744 ERROR: Exception on /favicon.ico [GET] [in C:\Users\drago\AppData\Local\Programs\Python\Python313\Lib\site-packages\flask\app.py:875]
Traceback (most recent call last):
  File "C:\Users\drago\AppData\Local\Programs\Python\Python313\Lib\site-packages\flask\app.py", line 917, in full_dispatch_request
    rv = self.dispatch_request()
  File "C:\Users\drago\AppData\Local\Programs\Python\Python313\Lib\site-packages\flask\app.py", line 902, in dispatch_request
    return self.ensure_sync(self.view_functions[rule.endpoint])(**view_args)  # type: ignore[no-any-return]
           ~~~~~~~~~~~~~~~~~~~~~~~~~~~~~~~~~~~~~~~~~~~~~~~~~~~~^^^^^^^^^^^^^
  File "C:\Users\drago\OneDrive\Pulpit\ALL\newest owl judge\app.py", line 369, in favicon
    return send_from_directory(
        os.path.join(app.root_path, 'static', 'img'), # Assuming favicon is in static/img
    ...<2 lines>...
        max_age=2592000 # Cache for 30 days
    )
  File "C:\Users\drago\AppData\Local\Programs\Python\Python313\Lib\site-packages\flask\helpers.py", line 565, in send_from_directory
    return werkzeug.utils.send_from_directory(  # type: ignore[return-value]
           ~~~~~~~~~~~~~~~~~~~~~~~~~~~~~~~~~~^^^^^^^^^^^^^^^^^^^^^^^^^^^^^^^
        directory, path, **_prepare_send_file_kwargs(**kwargs)
        ^^^^^^^^^^^^^^^^^^^^^^^^^^^^^^^^^^^^^^^^^^^^^^^^^^^^^^
    )
    ^
  File "C:\Users\drago\AppData\Local\Programs\Python\Python313\Lib\site-packages\werkzeug\utils.py", line 575, in send_from_directory
    raise NotFound()
werkzeug.exceptions.NotFound: 404 Not Found: The requested URL was not found on the server. If you entered the URL manually please check your spelling and try again.

During handling of the above exception, another exception occurred:

Traceback (most recent call last):
  File "C:\Users\drago\AppData\Local\Programs\Python\Python313\Lib\site-packages\flask\app.py", line 1511, in wsgi_app
    response = self.full_dispatch_request()
  File "C:\Users\drago\AppData\Local\Programs\Python\Python313\Lib\site-packages\flask\app.py", line 919, in full_dispatch_request
    rv = self.handle_user_exception(e)
  File "C:\Users\drago\AppData\Local\Programs\Python\Python313\Lib\site-packages\flask\app.py", line 802, in handle_user_exception
    return self.handle_http_exception(e)
           ~~~~~~~~~~~~~~~~~~~~~~~~~~^^^
  File "C:\Users\drago\AppData\Local\Programs\Python\Python313\Lib\site-packages\flask\app.py", line 777, in handle_http_exception
    return self.ensure_sync(handler)(e)  # type: ignore[no-any-return]
           ~~~~~~~~~~~~~~~~~~~~~~~~~^^^
  File "C:\Users\drago\OneDrive\Pulpit\ALL\newest owl judge\app.py", line 1982, in page_not_found
    return render_template('404.html'), 404
           ~~~~~~~~~~~~~~~^^^^^^^^^^^^
  File "C:\Users\drago\AppData\Local\Programs\Python\Python313\Lib\site-packages\flask\templating.py", line 149, in render_template
    template = app.jinja_env.get_or_select_template(template_name_or_list)
  File "C:\Users\drago\AppData\Local\Programs\Python\Python313\Lib\site-packages\jinja2\environment.py", line 1087, in get_or_select_template
    return self.get_template(template_name_or_list, parent, globals)
           ~~~~~~~~~~~~~~~~~^^^^^^^^^^^^^^^^^^^^^^^^^^^^^^^^^^^^^^^^
  File "C:\Users\drago\AppData\Local\Programs\Python\Python313\Lib\site-packages\jinja2\environment.py", line 1016, in get_template
    return self._load_template(name, globals)
           ~~~~~~~~~~~~~~~~~~~^^^^^^^^^^^^^^^
  File "C:\Users\drago\AppData\Local\Programs\Python\Python313\Lib\site-packages\jinja2\environment.py", line 975, in _load_template
    template = self.loader.load(self, name, self.make_globals(globals))
  File "C:\Users\drago\AppData\Local\Programs\Python\Python313\Lib\site-packages\jinja2\loaders.py", line 138, in load
    code = environment.compile(source, name, filename)
  File "C:\Users\drago\AppData\Local\Programs\Python\Python313\Lib\site-packages\jinja2\environment.py", line 771, in compile
    self.handle_exception(source=source_hint)
    ~~~~~~~~~~~~~~~~~~~~~^^^^^^^^^^^^^^^^^^^^
  File "C:\Users\drago\AppData\Local\Programs\Python\Python313\Lib\site-packages\jinja2\environment.py", line 942, in handle_exception
    raise rewrite_traceback_stack(source=source)
  File "C:\Users\drago\OneDrive\Pulpit\ALL\newest owl judge\templates\404.html", line 45, in template
    {% block title %}Server Error - OwlJudge{% endblock %}
    ^^^^^^^^^^^^^^^^^^^^^^^^^
jinja2.exceptions.TemplateAssertionError: block 'title' defined twice
2025-04-15 15:42:34,274 INFO: 404 Not Found: /favicon.ico (Referrer: http://127.0.0.1:5000/signup) [Unauthenticated User] [in C:\Users\drago\OneDrive\Pulpit\ALL\newest owl judge\app.py:1979]
2025-04-15 15:42:34,275 ERROR: Exception on /favicon.ico [GET] [in C:\Users\drago\AppData\Local\Programs\Python\Python313\Lib\site-packages\flask\app.py:875]
Traceback (most recent call last):
  File "C:\Users\drago\AppData\Local\Programs\Python\Python313\Lib\site-packages\flask\app.py", line 917, in full_dispatch_request
    rv = self.dispatch_request()
  File "C:\Users\drago\AppData\Local\Programs\Python\Python313\Lib\site-packages\flask\app.py", line 902, in dispatch_request
    return self.ensure_sync(self.view_functions[rule.endpoint])(**view_args)  # type: ignore[no-any-return]
           ~~~~~~~~~~~~~~~~~~~~~~~~~~~~~~~~~~~~~~~~~~~~~~~~~~~~^^^^^^^^^^^^^
  File "C:\Users\drago\OneDrive\Pulpit\ALL\newest owl judge\app.py", line 369, in favicon
    return send_from_directory(
        os.path.join(app.root_path, 'static', 'img'), # Assuming favicon is in static/img
    ...<2 lines>...
        max_age=2592000 # Cache for 30 days
    )
  File "C:\Users\drago\AppData\Local\Programs\Python\Python313\Lib\site-packages\flask\helpers.py", line 565, in send_from_directory
    return werkzeug.utils.send_from_directory(  # type: ignore[return-value]
           ~~~~~~~~~~~~~~~~~~~~~~~~~~~~~~~~~~^^^^^^^^^^^^^^^^^^^^^^^^^^^^^^^
        directory, path, **_prepare_send_file_kwargs(**kwargs)
        ^^^^^^^^^^^^^^^^^^^^^^^^^^^^^^^^^^^^^^^^^^^^^^^^^^^^^^
    )
    ^
  File "C:\Users\drago\AppData\Local\Programs\Python\Python313\Lib\site-packages\werkzeug\utils.py", line 575, in send_from_directory
    raise NotFound()
werkzeug.exceptions.NotFound: 404 Not Found: The requested URL was not found on the server. If you entered the URL manually please check your spelling and try again.

During handling of the above exception, another exception occurred:

Traceback (most recent call last):
  File "C:\Users\drago\AppData\Local\Programs\Python\Python313\Lib\site-packages\flask\app.py", line 1511, in wsgi_app
    response = self.full_dispatch_request()
  File "C:\Users\drago\AppData\Local\Programs\Python\Python313\Lib\site-packages\flask\app.py", line 919, in full_dispatch_request
    rv = self.handle_user_exception(e)
  File "C:\Users\drago\AppData\Local\Programs\Python\Python313\Lib\site-packages\flask\app.py", line 802, in handle_user_exception
    return self.handle_http_exception(e)
           ~~~~~~~~~~~~~~~~~~~~~~~~~~^^^
  File "C:\Users\drago\AppData\Local\Programs\Python\Python313\Lib\site-packages\flask\app.py", line 777, in handle_http_exception
    return self.ensure_sync(handler)(e)  # type: ignore[no-any-return]
           ~~~~~~~~~~~~~~~~~~~~~~~~~^^^
  File "C:\Users\drago\OneDrive\Pulpit\ALL\newest owl judge\app.py", line 1982, in page_not_found
    return render_template('404.html'), 404
           ~~~~~~~~~~~~~~~^^^^^^^^^^^^
  File "C:\Users\drago\AppData\Local\Programs\Python\Python313\Lib\site-packages\flask\templating.py", line 149, in render_template
    template = app.jinja_env.get_or_select_template(template_name_or_list)
  File "C:\Users\drago\AppData\Local\Programs\Python\Python313\Lib\site-packages\jinja2\environment.py", line 1087, in get_or_select_template
    return self.get_template(template_name_or_list, parent, globals)
           ~~~~~~~~~~~~~~~~~^^^^^^^^^^^^^^^^^^^^^^^^^^^^^^^^^^^^^^^^
  File "C:\Users\drago\AppData\Local\Programs\Python\Python313\Lib\site-packages\jinja2\environment.py", line 1016, in get_template
    return self._load_template(name, globals)
           ~~~~~~~~~~~~~~~~~~~^^^^^^^^^^^^^^^
  File "C:\Users\drago\AppData\Local\Programs\Python\Python313\Lib\site-packages\jinja2\environment.py", line 975, in _load_template
    template = self.loader.load(self, name, self.make_globals(globals))
  File "C:\Users\drago\AppData\Local\Programs\Python\Python313\Lib\site-packages\jinja2\loaders.py", line 138, in load
    code = environment.compile(source, name, filename)
  File "C:\Users\drago\AppData\Local\Programs\Python\Python313\Lib\site-packages\jinja2\environment.py", line 771, in compile
    self.handle_exception(source=source_hint)
    ~~~~~~~~~~~~~~~~~~~~~^^^^^^^^^^^^^^^^^^^^
  File "C:\Users\drago\AppData\Local\Programs\Python\Python313\Lib\site-packages\jinja2\environment.py", line 942, in handle_exception
    raise rewrite_traceback_stack(source=source)
  File "C:\Users\drago\OneDrive\Pulpit\ALL\newest owl judge\templates\404.html", line 45, in template
    {% block title %}Server Error - OwlJudge{% endblock %}
    ^^^^^^^^^^^^^^^^^^^^^^^^^
jinja2.exceptions.TemplateAssertionError: block 'title' defined twice
2025-04-15 15:42:41,665 ERROR: Database error during signup for mrzepka@students.kennesaw.edu: (sqlite3.OperationalError) no such column: users.created_at
[SQL: SELECT users.id AS users_id, users.email AS users_email, users.password AS users_password, users.name AS users_name, users.role AS users_role, users.created_at AS users_created_at, users.updated_at AS users_updated_at, users.judge_request_pending AS users_judge_request_pending, users.reset_token AS users_reset_token, users.reset_token_expiration AS users_reset_token_expiration 
FROM users 
WHERE lower(users.email) LIKE lower(?)
 LIMIT ? OFFSET ?]
[parameters: ('mrzepka@students.kennesaw.edu', 1, 0)]
(Background on this error at: https://sqlalche.me/e/20/e3q8) [in C:\Users\drago\OneDrive\Pulpit\ALL\newest owl judge\app.py:515]
Traceback (most recent call last):
  File "C:\Users\drago\AppData\Local\Programs\Python\Python313\Lib\site-packages\sqlalchemy\engine\base.py", line 1964, in _exec_single_context
    self.dialect.do_execute(
    ~~~~~~~~~~~~~~~~~~~~~~~^
        cursor, str_statement, effective_parameters, context
        ^^^^^^^^^^^^^^^^^^^^^^^^^^^^^^^^^^^^^^^^^^^^^^^^^^^^
    )
    ^
  File "C:\Users\drago\AppData\Local\Programs\Python\Python313\Lib\site-packages\sqlalchemy\engine\default.py", line 942, in do_execute
    cursor.execute(statement, parameters)
    ~~~~~~~~~~~~~~^^^^^^^^^^^^^^^^^^^^^^^
sqlite3.OperationalError: no such column: users.created_at

The above exception was the direct cause of the following exception:

Traceback (most recent call last):
  File "C:\Users\drago\OneDrive\Pulpit\ALL\newest owl judge\app.py", line 496, in signup
    if User.query.filter(User.email.ilike(email)).first():
       ~~~~~~~~~~~~~~~~~~~~~~~~~~~~~~~~~~~~~~~~~~~~~~~~^^
  File "C:\Users\drago\AppData\Local\Programs\Python\Python313\Lib\site-packages\sqlalchemy\orm\query.py", line 2759, in first
    return self.limit(1)._iter().first()  # type: ignore
           ~~~~~~~~~~~~~~~~~~~^^
  File "C:\Users\drago\AppData\Local\Programs\Python\Python313\Lib\site-packages\sqlalchemy\orm\query.py", line 2858, in _iter
    result: Union[ScalarResult[_T], Result[_T]] = self.session.execute(
                                                  ~~~~~~~~~~~~~~~~~~~~^
        statement,
        ^^^^^^^^^^
        params,
        ^^^^^^^
        execution_options={"_sa_orm_load_options": self.load_options},
        ^^^^^^^^^^^^^^^^^^^^^^^^^^^^^^^^^^^^^^^^^^^^^^^^^^^^^^^^^^^^^^
    )
    ^
  File "C:\Users\drago\AppData\Local\Programs\Python\Python313\Lib\site-packages\sqlalchemy\orm\session.py", line 2365, in execute
    return self._execute_internal(
           ~~~~~~~~~~~~~~~~~~~~~~^
        statement,
        ^^^^^^^^^^
    ...<4 lines>...
        _add_event=_add_event,
        ^^^^^^^^^^^^^^^^^^^^^^
    )
    ^
  File "C:\Users\drago\AppData\Local\Programs\Python\Python313\Lib\site-packages\sqlalchemy\orm\session.py", line 2251, in _execute_internal
    result: Result[Any] = compile_state_cls.orm_execute_statement(
                          ~~~~~~~~~~~~~~~~~~~~~~~~~~~~~~~~~~~~~~~^
        self,
        ^^^^^
    ...<4 lines>...
        conn,
        ^^^^^
    )
    ^
  File "C:\Users\drago\AppData\Local\Programs\Python\Python313\Lib\site-packages\sqlalchemy\orm\context.py", line 306, in orm_execute_statement
    result = conn.execute(
        statement, params or {}, execution_options=execution_options
    )
  File "C:\Users\drago\AppData\Local\Programs\Python\Python313\Lib\site-packages\sqlalchemy\engine\base.py", line 1416, in execute
    return meth(
        self,
        distilled_parameters,
        execution_options or NO_OPTIONS,
    )
  File "C:\Users\drago\AppData\Local\Programs\Python\Python313\Lib\site-packages\sqlalchemy\sql\elements.py", line 523, in _execute_on_connection
    return connection._execute_clauseelement(
           ~~~~~~~~~~~~~~~~~~~~~~~~~~~~~~~~~^
        self, distilled_params, execution_options
        ^^^^^^^^^^^^^^^^^^^^^^^^^^^^^^^^^^^^^^^^^
    )
    ^
  File "C:\Users\drago\AppData\Local\Programs\Python\Python313\Lib\site-packages\sqlalchemy\engine\base.py", line 1638, in _execute_clauseelement
    ret = self._execute_context(
        dialect,
    ...<8 lines>...
        cache_hit=cache_hit,
    )
  File "C:\Users\drago\AppData\Local\Programs\Python\Python313\Lib\site-packages\sqlalchemy\engine\base.py", line 1843, in _execute_context
    return self._exec_single_context(
           ~~~~~~~~~~~~~~~~~~~~~~~~~^
        dialect, context, statement, parameters
        ^^^^^^^^^^^^^^^^^^^^^^^^^^^^^^^^^^^^^^^
    )
    ^
  File "C:\Users\drago\AppData\Local\Programs\Python\Python313\Lib\site-packages\sqlalchemy\engine\base.py", line 1983, in _exec_single_context
    self._handle_dbapi_exception(
    ~~~~~~~~~~~~~~~~~~~~~~~~~~~~^
        e, str_statement, effective_parameters, cursor, context
        ^^^^^^^^^^^^^^^^^^^^^^^^^^^^^^^^^^^^^^^^^^^^^^^^^^^^^^^
    )
    ^
  File "C:\Users\drago\AppData\Local\Programs\Python\Python313\Lib\site-packages\sqlalchemy\engine\base.py", line 2352, in _handle_dbapi_exception
    raise sqlalchemy_exception.with_traceback(exc_info[2]) from e
  File "C:\Users\drago\AppData\Local\Programs\Python\Python313\Lib\site-packages\sqlalchemy\engine\base.py", line 1964, in _exec_single_context
    self.dialect.do_execute(
    ~~~~~~~~~~~~~~~~~~~~~~~^
        cursor, str_statement, effective_parameters, context
        ^^^^^^^^^^^^^^^^^^^^^^^^^^^^^^^^^^^^^^^^^^^^^^^^^^^^
    )
    ^
  File "C:\Users\drago\AppData\Local\Programs\Python\Python313\Lib\site-packages\sqlalchemy\engine\default.py", line 942, in do_execute
    cursor.execute(statement, parameters)
    ~~~~~~~~~~~~~~^^^^^^^^^^^^^^^^^^^^^^^
sqlalchemy.exc.OperationalError: (sqlite3.OperationalError) no such column: users.created_at
[SQL: SELECT users.id AS users_id, users.email AS users_email, users.password AS users_password, users.name AS users_name, users.role AS users_role, users.created_at AS users_created_at, users.updated_at AS users_updated_at, users.judge_request_pending AS users_judge_request_pending, users.reset_token AS users_reset_token, users.reset_token_expiration AS users_reset_token_expiration 
FROM users 
WHERE lower(users.email) LIKE lower(?)
 LIMIT ? OFFSET ?]
[parameters: ('mrzepka@students.kennesaw.edu', 1, 0)]
(Background on this error at: https://sqlalche.me/e/20/e3q8)
2025-04-15 15:42:53,677 INFO: OwlJudge startup configured. [in C:\Users\drago\OneDrive\Pulpit\ALL\newest owl judge\app.py:70]
2025-04-15 15:42:53,709 INFO: Initializing database... [in C:\Users\drago\OneDrive\Pulpit\ALL\newest owl judge\app.py:2345]
2025-04-15 15:42:53,711 INFO: Database tables created/verified. [in C:\Users\drago\OneDrive\Pulpit\ALL\newest owl judge\app.py:2349]
2025-04-15 15:42:53,711 INFO: Checking/Creating test data... [in C:\Users\drago\OneDrive\Pulpit\ALL\newest owl judge\app.py:2256]
2025-04-15 15:42:53,724 INFO: No new test data needed. [in C:\Users\drago\OneDrive\Pulpit\ALL\newest owl judge\app.py:2329]
2025-04-15 15:42:53,724 INFO: -------------------- [in C:\Users\drago\OneDrive\Pulpit\ALL\newest owl judge\app.py:2336]
2025-04-15 15:42:53,724 INFO: Starting Flask server on http://127.0.0.1:5000 (Debug: True) [in C:\Users\drago\OneDrive\Pulpit\ALL\newest owl judge\app.py:2373]
2025-04-15 15:42:54,571 INFO: OwlJudge startup configured. [in C:\Users\drago\OneDrive\Pulpit\ALL\newest owl judge\app.py:70]
2025-04-15 15:42:54,589 INFO: Initializing database... [in C:\Users\drago\OneDrive\Pulpit\ALL\newest owl judge\app.py:2345]
2025-04-15 15:42:54,590 INFO: Database tables created/verified. [in C:\Users\drago\OneDrive\Pulpit\ALL\newest owl judge\app.py:2349]
2025-04-15 15:42:54,590 INFO: Checking/Creating test data... [in C:\Users\drago\OneDrive\Pulpit\ALL\newest owl judge\app.py:2256]
2025-04-15 15:42:54,597 INFO: No new test data needed. [in C:\Users\drago\OneDrive\Pulpit\ALL\newest owl judge\app.py:2329]
2025-04-15 15:42:54,598 INFO: -------------------- [in C:\Users\drago\OneDrive\Pulpit\ALL\newest owl judge\app.py:2336]
2025-04-15 15:42:54,598 INFO: Starting Flask server on http://127.0.0.1:5000 (Debug: True) [in C:\Users\drago\OneDrive\Pulpit\ALL\newest owl judge\app.py:2373]
2025-04-15 15:42:54,651 INFO: 404 Not Found: /favicon.ico (Referrer: http://127.0.0.1:5000/signup) [in C:\Users\drago\OneDrive\Pulpit\ALL\newest owl judge\app.py:2205]
2025-04-15 15:43:05,745 INFO: New user signup successful: mrzerdpka@students.kennesaw.edu (ID: 6) [in C:\Users\drago\OneDrive\Pulpit\ALL\newest owl judge\app.py:439]
2025-04-15 15:43:07,312 INFO: 404 Not Found: /favicon.ico (Referrer: http://127.0.0.1:5000/login) [in C:\Users\drago\OneDrive\Pulpit\ALL\newest owl judge\app.py:2205]
2025-04-15 15:43:11,371 INFO: 404 Not Found: /favicon.ico (Referrer: http://127.0.0.1:5000/login) [in C:\Users\drago\OneDrive\Pulpit\ALL\newest owl judge\app.py:2205]
2025-04-15 15:43:13,161 INFO: User login successful: mrzerdpka@students.kennesaw.edu (ID: 6) [in C:\Users\drago\OneDrive\Pulpit\ALL\newest owl judge\app.py:494]
2025-04-15 15:43:14,706 INFO: 404 Not Found: /static/images/avatar_judge.png (Referrer: http://127.0.0.1:5000/) [in C:\Users\drago\OneDrive\Pulpit\ALL\newest owl judge\app.py:2205]
2025-04-15 15:43:14,708 INFO: 404 Not Found: /static/images/avatar_admin.png (Referrer: http://127.0.0.1:5000/) [in C:\Users\drago\OneDrive\Pulpit\ALL\newest owl judge\app.py:2205]
2025-04-15 15:43:14,709 INFO: 404 Not Found: /static/images/ksu_campus_blur.jpg (Referrer: http://127.0.0.1:5000/) [in C:\Users\drago\OneDrive\Pulpit\ALL\newest owl judge\app.py:2205]
2025-04-15 15:43:14,709 INFO: 404 Not Found: /static/images/ksu_campus_wide.jpg (Referrer: http://127.0.0.1:5000/) [in C:\Users\drago\OneDrive\Pulpit\ALL\newest owl judge\app.py:2205]
2025-04-15 15:43:14,713 INFO: 404 Not Found: /static/images/avatar_student.png (Referrer: http://127.0.0.1:5000/) [in C:\Users\drago\OneDrive\Pulpit\ALL\newest owl judge\app.py:2205]
2025-04-15 15:43:14,742 INFO: 404 Not Found: /favicon.ico (Referrer: http://127.0.0.1:5000/) [in C:\Users\drago\OneDrive\Pulpit\ALL\newest owl judge\app.py:2205]
2025-04-15 15:43:17,796 INFO: 404 Not Found: /favicon.ico (Referrer: http://127.0.0.1:5000/audience) [in C:\Users\drago\OneDrive\Pulpit\ALL\newest owl judge\app.py:2205]
2025-04-15 15:43:20,668 INFO: 404 Not Found: /static/images/avatar_judge.png (Referrer: http://127.0.0.1:5000/) [in C:\Users\drago\OneDrive\Pulpit\ALL\newest owl judge\app.py:2205]
2025-04-15 15:43:20,669 INFO: 404 Not Found: /static/images/avatar_student.png (Referrer: http://127.0.0.1:5000/) [in C:\Users\drago\OneDrive\Pulpit\ALL\newest owl judge\app.py:2205]
2025-04-15 15:43:20,672 INFO: 404 Not Found: /static/images/avatar_admin.png (Referrer: http://127.0.0.1:5000/) [in C:\Users\drago\OneDrive\Pulpit\ALL\newest owl judge\app.py:2205]
2025-04-15 15:43:20,680 INFO: 404 Not Found: /static/images/ksu_campus_blur.jpg (Referrer: http://127.0.0.1:5000/) [in C:\Users\drago\OneDrive\Pulpit\ALL\newest owl judge\app.py:2205]
2025-04-15 15:43:20,680 INFO: 404 Not Found: /static/images/ksu_campus_wide.jpg (Referrer: http://127.0.0.1:5000/) [in C:\Users\drago\OneDrive\Pulpit\ALL\newest owl judge\app.py:2205]
2025-04-15 15:43:20,716 INFO: 404 Not Found: /favicon.ico (Referrer: http://127.0.0.1:5000/) [in C:\Users\drago\OneDrive\Pulpit\ALL\newest owl judge\app.py:2205]
2025-04-15 15:43:21,284 INFO: User logout successful: mrzerdpka@students.kennesaw.edu (ID: 6) [in C:\Users\drago\OneDrive\Pulpit\ALL\newest owl judge\app.py:525]
2025-04-15 15:43:21,305 INFO: 404 Not Found: /static/images/avatar_judge.png (Referrer: http://127.0.0.1:5000/) [in C:\Users\drago\OneDrive\Pulpit\ALL\newest owl judge\app.py:2205]
2025-04-15 15:43:21,306 INFO: 404 Not Found: /static/images/avatar_student.png (Referrer: http://127.0.0.1:5000/) [in C:\Users\drago\OneDrive\Pulpit\ALL\newest owl judge\app.py:2205]
2025-04-15 15:43:21,307 INFO: 404 Not Found: /static/images/avatar_admin.png (Referrer: http://127.0.0.1:5000/) [in C:\Users\drago\OneDrive\Pulpit\ALL\newest owl judge\app.py:2205]
2025-04-15 15:43:21,310 INFO: 404 Not Found: /static/images/ksu_campus_blur.jpg (Referrer: http://127.0.0.1:5000/) [in C:\Users\drago\OneDrive\Pulpit\ALL\newest owl judge\app.py:2205]
2025-04-15 15:43:21,311 INFO: 404 Not Found: /static/images/ksu_campus_wide.jpg (Referrer: http://127.0.0.1:5000/) [in C:\Users\drago\OneDrive\Pulpit\ALL\newest owl judge\app.py:2205]
2025-04-15 15:43:21,342 INFO: 404 Not Found: /favicon.ico (Referrer: http://127.0.0.1:5000/) [in C:\Users\drago\OneDrive\Pulpit\ALL\newest owl judge\app.py:2205]
2025-04-15 15:43:21,999 INFO: 404 Not Found: /favicon.ico (Referrer: http://127.0.0.1:5000/login) [in C:\Users\drago\OneDrive\Pulpit\ALL\newest owl judge\app.py:2205]
2025-04-15 15:43:23,594 INFO: 404 Not Found: /static/images/cday_presentation_blur.jpg (Referrer: http://127.0.0.1:5000/about) [in C:\Users\drago\OneDrive\Pulpit\ALL\newest owl judge\app.py:2205]
2025-04-15 15:43:23,607 INFO: 404 Not Found: /favicon.ico (Referrer: http://127.0.0.1:5000/about) [in C:\Users\drago\OneDrive\Pulpit\ALL\newest owl judge\app.py:2205]
2025-04-15 15:43:25,182 INFO: 404 Not Found: /favicon.ico (Referrer: http://127.0.0.1:5000/contact) [in C:\Users\drago\OneDrive\Pulpit\ALL\newest owl judge\app.py:2205]
2025-04-15 15:43:26,091 INFO: 404 Not Found: /static/images/avatar_judge.png (Referrer: http://127.0.0.1:5000/) [in C:\Users\drago\OneDrive\Pulpit\ALL\newest owl judge\app.py:2205]
2025-04-15 15:43:26,092 INFO: 404 Not Found: /static/images/avatar_student.png (Referrer: http://127.0.0.1:5000/) [in C:\Users\drago\OneDrive\Pulpit\ALL\newest owl judge\app.py:2205]
2025-04-15 15:43:26,093 INFO: 404 Not Found: /static/images/avatar_admin.png (Referrer: http://127.0.0.1:5000/) [in C:\Users\drago\OneDrive\Pulpit\ALL\newest owl judge\app.py:2205]
2025-04-15 15:43:26,095 INFO: 404 Not Found: /static/images/ksu_campus_blur.jpg (Referrer: http://127.0.0.1:5000/) [in C:\Users\drago\OneDrive\Pulpit\ALL\newest owl judge\app.py:2205]
2025-04-15 15:43:26,099 INFO: 404 Not Found: /static/images/ksu_campus_wide.jpg (Referrer: http://127.0.0.1:5000/) [in C:\Users\drago\OneDrive\Pulpit\ALL\newest owl judge\app.py:2205]
2025-04-15 15:43:26,135 INFO: 404 Not Found: /favicon.ico (Referrer: http://127.0.0.1:5000/) [in C:\Users\drago\OneDrive\Pulpit\ALL\newest owl judge\app.py:2205]
2025-04-15 15:44:11,841 INFO: ======================================== [in C:\Users\drago\OneDrive\Pulpit\ALL\newest owl judge\app.py:117]
2025-04-15 15:44:11,842 INFO: OwlJudge Starting Up... [in C:\Users\drago\OneDrive\Pulpit\ALL\newest owl judge\app.py:118]
2025-04-15 15:44:11,842 INFO:   Debug Mode: False [in C:\Users\drago\OneDrive\Pulpit\ALL\newest owl judge\app.py:119]
2025-04-15 15:44:11,842 INFO:   Database URI: sqlite:///C:\Users\drago\OneDrive\Pulpit\ALL\newest owl judge\database.db [in C:\Users\drago\OneDrive\Pulpit\ALL\newest owl judge\app.py:120]
2025-04-15 15:44:11,842 INFO:   Session Type: filesystem [in C:\Users\drago\OneDrive\Pulpit\ALL\newest owl judge\app.py:121]
2025-04-15 15:44:11,842 INFO:   Session Lifetime (Days): 30 [in C:\Users\drago\OneDrive\Pulpit\ALL\newest owl judge\app.py:122]
2025-04-15 15:44:11,842 INFO:   Session Cookie Secure: False [in C:\Users\drago\OneDrive\Pulpit\ALL\newest owl judge\app.py:123]
2025-04-15 15:44:11,842 INFO:   Log Level: INFO [in C:\Users\drago\OneDrive\Pulpit\ALL\newest owl judge\app.py:124]
2025-04-15 15:44:11,842 INFO:   Excel import/export enabled. [in C:\Users\drago\OneDrive\Pulpit\ALL\newest owl judge\app.py:131]
2025-04-15 15:44:11,842 INFO: ======================================== [in C:\Users\drago\OneDrive\Pulpit\ALL\newest owl judge\app.py:132]
2025-04-15 15:44:11,877 INFO: Checking database status on direct script execution... [in C:\Users\drago\OneDrive\Pulpit\ALL\newest owl judge\app.py:2850]
2025-04-15 15:44:11,879 INFO: Database tables verified/created. [in C:\Users\drago\OneDrive\Pulpit\ALL\newest owl judge\app.py:2854]
2025-04-15 15:44:11,879 INFO: Starting Flask development server via direct execution on http://127.0.0.1:5000 [in C:\Users\drago\OneDrive\Pulpit\ALL\newest owl judge\app.py:2874]
2025-04-15 15:44:12,110 ERROR: Error fetching recent projects for index page: (sqlite3.OperationalError) no such column: projects.created_at
[SQL: SELECT projects.project_id AS projects_project_id, projects.project_name AS projects_project_name, projects.group_id AS projects_group_id, projects.description AS projects_description, projects.created_at AS projects_created_at, projects.updated_at AS projects_updated_at 
FROM projects ORDER BY projects.created_at DESC
 LIMIT ? OFFSET ?]
[parameters: (5, 0)]
(Background on this error at: https://sqlalche.me/e/20/e3q8) [in C:\Users\drago\OneDrive\Pulpit\ALL\newest owl judge\app.py:450]
Traceback (most recent call last):
  File "C:\Users\drago\AppData\Local\Programs\Python\Python313\Lib\site-packages\sqlalchemy\engine\base.py", line 1964, in _exec_single_context
    self.dialect.do_execute(
    ~~~~~~~~~~~~~~~~~~~~~~~^
        cursor, str_statement, effective_parameters, context
        ^^^^^^^^^^^^^^^^^^^^^^^^^^^^^^^^^^^^^^^^^^^^^^^^^^^^
    )
    ^
  File "C:\Users\drago\AppData\Local\Programs\Python\Python313\Lib\site-packages\sqlalchemy\engine\default.py", line 942, in do_execute
    cursor.execute(statement, parameters)
    ~~~~~~~~~~~~~~^^^^^^^^^^^^^^^^^^^^^^^
sqlite3.OperationalError: no such column: projects.created_at

The above exception was the direct cause of the following exception:

Traceback (most recent call last):
  File "C:\Users\drago\OneDrive\Pulpit\ALL\newest owl judge\app.py", line 448, in index
    recent_projects = Projects.query.order_by(Projects.created_at.desc()).limit(5).all()
  File "C:\Users\drago\AppData\Local\Programs\Python\Python313\Lib\site-packages\sqlalchemy\orm\query.py", line 2704, in all
    return self._iter().all()  # type: ignore
           ~~~~~~~~~~^^
  File "C:\Users\drago\AppData\Local\Programs\Python\Python313\Lib\site-packages\sqlalchemy\orm\query.py", line 2858, in _iter
    result: Union[ScalarResult[_T], Result[_T]] = self.session.execute(
                                                  ~~~~~~~~~~~~~~~~~~~~^
        statement,
        ^^^^^^^^^^
        params,
        ^^^^^^^
        execution_options={"_sa_orm_load_options": self.load_options},
        ^^^^^^^^^^^^^^^^^^^^^^^^^^^^^^^^^^^^^^^^^^^^^^^^^^^^^^^^^^^^^^
    )
    ^
  File "C:\Users\drago\AppData\Local\Programs\Python\Python313\Lib\site-packages\sqlalchemy\orm\session.py", line 2365, in execute
    return self._execute_internal(
           ~~~~~~~~~~~~~~~~~~~~~~^
        statement,
        ^^^^^^^^^^
    ...<4 lines>...
        _add_event=_add_event,
        ^^^^^^^^^^^^^^^^^^^^^^
    )
    ^
  File "C:\Users\drago\AppData\Local\Programs\Python\Python313\Lib\site-packages\sqlalchemy\orm\session.py", line 2251, in _execute_internal
    result: Result[Any] = compile_state_cls.orm_execute_statement(
                          ~~~~~~~~~~~~~~~~~~~~~~~~~~~~~~~~~~~~~~~^
        self,
        ^^^^^
    ...<4 lines>...
        conn,
        ^^^^^
    )
    ^
  File "C:\Users\drago\AppData\Local\Programs\Python\Python313\Lib\site-packages\sqlalchemy\orm\context.py", line 306, in orm_execute_statement
    result = conn.execute(
        statement, params or {}, execution_options=execution_options
    )
  File "C:\Users\drago\AppData\Local\Programs\Python\Python313\Lib\site-packages\sqlalchemy\engine\base.py", line 1416, in execute
    return meth(
        self,
        distilled_parameters,
        execution_options or NO_OPTIONS,
    )
  File "C:\Users\drago\AppData\Local\Programs\Python\Python313\Lib\site-packages\sqlalchemy\sql\elements.py", line 523, in _execute_on_connection
    return connection._execute_clauseelement(
           ~~~~~~~~~~~~~~~~~~~~~~~~~~~~~~~~~^
        self, distilled_params, execution_options
        ^^^^^^^^^^^^^^^^^^^^^^^^^^^^^^^^^^^^^^^^^
    )
    ^
  File "C:\Users\drago\AppData\Local\Programs\Python\Python313\Lib\site-packages\sqlalchemy\engine\base.py", line 1638, in _execute_clauseelement
    ret = self._execute_context(
        dialect,
    ...<8 lines>...
        cache_hit=cache_hit,
    )
  File "C:\Users\drago\AppData\Local\Programs\Python\Python313\Lib\site-packages\sqlalchemy\engine\base.py", line 1843, in _execute_context
    return self._exec_single_context(
           ~~~~~~~~~~~~~~~~~~~~~~~~~^
        dialect, context, statement, parameters
        ^^^^^^^^^^^^^^^^^^^^^^^^^^^^^^^^^^^^^^^
    )
    ^
  File "C:\Users\drago\AppData\Local\Programs\Python\Python313\Lib\site-packages\sqlalchemy\engine\base.py", line 1983, in _exec_single_context
    self._handle_dbapi_exception(
    ~~~~~~~~~~~~~~~~~~~~~~~~~~~~^
        e, str_statement, effective_parameters, cursor, context
        ^^^^^^^^^^^^^^^^^^^^^^^^^^^^^^^^^^^^^^^^^^^^^^^^^^^^^^^
    )
    ^
  File "C:\Users\drago\AppData\Local\Programs\Python\Python313\Lib\site-packages\sqlalchemy\engine\base.py", line 2352, in _handle_dbapi_exception
    raise sqlalchemy_exception.with_traceback(exc_info[2]) from e
  File "C:\Users\drago\AppData\Local\Programs\Python\Python313\Lib\site-packages\sqlalchemy\engine\base.py", line 1964, in _exec_single_context
    self.dialect.do_execute(
    ~~~~~~~~~~~~~~~~~~~~~~~^
        cursor, str_statement, effective_parameters, context
        ^^^^^^^^^^^^^^^^^^^^^^^^^^^^^^^^^^^^^^^^^^^^^^^^^^^^
    )
    ^
  File "C:\Users\drago\AppData\Local\Programs\Python\Python313\Lib\site-packages\sqlalchemy\engine\default.py", line 942, in do_execute
    cursor.execute(statement, parameters)
    ~~~~~~~~~~~~~~^^^^^^^^^^^^^^^^^^^^^^^
sqlalchemy.exc.OperationalError: (sqlite3.OperationalError) no such column: projects.created_at
[SQL: SELECT projects.project_id AS projects_project_id, projects.project_name AS projects_project_name, projects.group_id AS projects_group_id, projects.description AS projects_description, projects.created_at AS projects_created_at, projects.updated_at AS projects_updated_at 
FROM projects ORDER BY projects.created_at DESC
 LIMIT ? OFFSET ?]
[parameters: (5, 0)]
(Background on this error at: https://sqlalche.me/e/20/e3q8)
2025-04-15 15:44:12,175 INFO: 404 Not Found: Path='/static/images/avatar_judge.png', Method='GET', Referrer='http://127.0.0.1:5000/' [Unauthenticated User] [in C:\Users\drago\OneDrive\Pulpit\ALL\newest owl judge\app.py:2650]
2025-04-15 15:44:12,177 INFO: 404 Not Found: Path='/static/images/avatar_student.png', Method='GET', Referrer='http://127.0.0.1:5000/' [Unauthenticated User] [in C:\Users\drago\OneDrive\Pulpit\ALL\newest owl judge\app.py:2650]
2025-04-15 15:44:12,180 INFO: 404 Not Found: Path='/static/images/ksu_campus_blur.jpg', Method='GET', Referrer='http://127.0.0.1:5000/' [Unauthenticated User] [in C:\Users\drago\OneDrive\Pulpit\ALL\newest owl judge\app.py:2650]
2025-04-15 15:44:12,180 INFO: 404 Not Found: Path='/static/images/avatar_admin.png', Method='GET', Referrer='http://127.0.0.1:5000/' [Unauthenticated User] [in C:\Users\drago\OneDrive\Pulpit\ALL\newest owl judge\app.py:2650]
2025-04-15 15:44:12,182 INFO: 404 Not Found: Path='/static/images/ksu_campus_wide.jpg', Method='GET', Referrer='http://127.0.0.1:5000/' [Unauthenticated User] [in C:\Users\drago\OneDrive\Pulpit\ALL\newest owl judge\app.py:2650]
2025-04-15 15:44:12,183 ERROR: Exception on /static/images/avatar_judge.png [GET] [in C:\Users\drago\AppData\Local\Programs\Python\Python313\Lib\site-packages\flask\app.py:875]
Traceback (most recent call last):
  File "C:\Users\drago\AppData\Local\Programs\Python\Python313\Lib\site-packages\flask\app.py", line 917, in full_dispatch_request
    rv = self.dispatch_request()
  File "C:\Users\drago\AppData\Local\Programs\Python\Python313\Lib\site-packages\flask\app.py", line 902, in dispatch_request
    return self.ensure_sync(self.view_functions[rule.endpoint])(**view_args)  # type: ignore[no-any-return]
           ~~~~~~~~~~~~~~~~~~~~~~~~~~~~~~~~~~~~~~~~~~~~~~~~~~~~^^^^^^^^^^^^^
  File "C:\Users\drago\AppData\Local\Programs\Python\Python313\Lib\site-packages\flask\app.py", line 278, in <lambda>
    view_func=lambda **kw: self_ref().send_static_file(**kw),  # type: ignore # noqa: B950
                           ~~~~~~~~~~~~~~~~~~~~~~~~~~~^^^^^^
  File "C:\Users\drago\AppData\Local\Programs\Python\Python313\Lib\site-packages\flask\app.py", line 326, in send_static_file
    return send_from_directory(
        t.cast(str, self.static_folder), filename, max_age=max_age
    )
  File "C:\Users\drago\AppData\Local\Programs\Python\Python313\Lib\site-packages\flask\helpers.py", line 565, in send_from_directory
    return werkzeug.utils.send_from_directory(  # type: ignore[return-value]
           ~~~~~~~~~~~~~~~~~~~~~~~~~~~~~~~~~~^^^^^^^^^^^^^^^^^^^^^^^^^^^^^^^
        directory, path, **_prepare_send_file_kwargs(**kwargs)
        ^^^^^^^^^^^^^^^^^^^^^^^^^^^^^^^^^^^^^^^^^^^^^^^^^^^^^^
    )
    ^
  File "C:\Users\drago\AppData\Local\Programs\Python\Python313\Lib\site-packages\werkzeug\utils.py", line 575, in send_from_directory
    raise NotFound()
werkzeug.exceptions.NotFound: 404 Not Found: The requested URL was not found on the server. If you entered the URL manually please check your spelling and try again.

During handling of the above exception, another exception occurred:

Traceback (most recent call last):
  File "C:\Users\drago\AppData\Local\Programs\Python\Python313\Lib\site-packages\flask\app.py", line 1511, in wsgi_app
    response = self.full_dispatch_request()
  File "C:\Users\drago\AppData\Local\Programs\Python\Python313\Lib\site-packages\flask\app.py", line 919, in full_dispatch_request
    rv = self.handle_user_exception(e)
  File "C:\Users\drago\AppData\Local\Programs\Python\Python313\Lib\site-packages\flask\app.py", line 802, in handle_user_exception
    return self.handle_http_exception(e)
           ~~~~~~~~~~~~~~~~~~~~~~~~~~^^^
  File "C:\Users\drago\AppData\Local\Programs\Python\Python313\Lib\site-packages\flask\app.py", line 777, in handle_http_exception
    return self.ensure_sync(handler)(e)  # type: ignore[no-any-return]
           ~~~~~~~~~~~~~~~~~~~~~~~~~^^^
  File "C:\Users\drago\OneDrive\Pulpit\ALL\newest owl judge\app.py", line 2655, in page_not_found
    return render_template('404.html'), 404
           ~~~~~~~~~~~~~~~^^^^^^^^^^^^
  File "C:\Users\drago\AppData\Local\Programs\Python\Python313\Lib\site-packages\flask\templating.py", line 149, in render_template
    template = app.jinja_env.get_or_select_template(template_name_or_list)
  File "C:\Users\drago\AppData\Local\Programs\Python\Python313\Lib\site-packages\jinja2\environment.py", line 1087, in get_or_select_template
    return self.get_template(template_name_or_list, parent, globals)
           ~~~~~~~~~~~~~~~~~^^^^^^^^^^^^^^^^^^^^^^^^^^^^^^^^^^^^^^^^
  File "C:\Users\drago\AppData\Local\Programs\Python\Python313\Lib\site-packages\jinja2\environment.py", line 1016, in get_template
    return self._load_template(name, globals)
           ~~~~~~~~~~~~~~~~~~~^^^^^^^^^^^^^^^
  File "C:\Users\drago\AppData\Local\Programs\Python\Python313\Lib\site-packages\jinja2\environment.py", line 975, in _load_template
    template = self.loader.load(self, name, self.make_globals(globals))
  File "C:\Users\drago\AppData\Local\Programs\Python\Python313\Lib\site-packages\jinja2\loaders.py", line 138, in load
    code = environment.compile(source, name, filename)
  File "C:\Users\drago\AppData\Local\Programs\Python\Python313\Lib\site-packages\jinja2\environment.py", line 771, in compile
    self.handle_exception(source=source_hint)
    ~~~~~~~~~~~~~~~~~~~~~^^^^^^^^^^^^^^^^^^^^
  File "C:\Users\drago\AppData\Local\Programs\Python\Python313\Lib\site-packages\jinja2\environment.py", line 942, in handle_exception
    raise rewrite_traceback_stack(source=source)
  File "C:\Users\drago\OneDrive\Pulpit\ALL\newest owl judge\templates\404.html", line 45, in template
    {% block title %}Server Error - OwlJudge{% endblock %}
    ^^^^^^^^^^^^^^^^^^^^^^^^^
jinja2.exceptions.TemplateAssertionError: block 'title' defined twice
2025-04-15 15:44:12,183 ERROR: Exception on /static/images/avatar_student.png [GET] [in C:\Users\drago\AppData\Local\Programs\Python\Python313\Lib\site-packages\flask\app.py:875]
Traceback (most recent call last):
  File "C:\Users\drago\AppData\Local\Programs\Python\Python313\Lib\site-packages\flask\app.py", line 917, in full_dispatch_request
    rv = self.dispatch_request()
  File "C:\Users\drago\AppData\Local\Programs\Python\Python313\Lib\site-packages\flask\app.py", line 902, in dispatch_request
    return self.ensure_sync(self.view_functions[rule.endpoint])(**view_args)  # type: ignore[no-any-return]
           ~~~~~~~~~~~~~~~~~~~~~~~~~~~~~~~~~~~~~~~~~~~~~~~~~~~~^^^^^^^^^^^^^
  File "C:\Users\drago\AppData\Local\Programs\Python\Python313\Lib\site-packages\flask\app.py", line 278, in <lambda>
    view_func=lambda **kw: self_ref().send_static_file(**kw),  # type: ignore # noqa: B950
                           ~~~~~~~~~~~~~~~~~~~~~~~~~~~^^^^^^
  File "C:\Users\drago\AppData\Local\Programs\Python\Python313\Lib\site-packages\flask\app.py", line 326, in send_static_file
    return send_from_directory(
        t.cast(str, self.static_folder), filename, max_age=max_age
    )
  File "C:\Users\drago\AppData\Local\Programs\Python\Python313\Lib\site-packages\flask\helpers.py", line 565, in send_from_directory
    return werkzeug.utils.send_from_directory(  # type: ignore[return-value]
           ~~~~~~~~~~~~~~~~~~~~~~~~~~~~~~~~~~^^^^^^^^^^^^^^^^^^^^^^^^^^^^^^^
        directory, path, **_prepare_send_file_kwargs(**kwargs)
        ^^^^^^^^^^^^^^^^^^^^^^^^^^^^^^^^^^^^^^^^^^^^^^^^^^^^^^
    )
    ^
  File "C:\Users\drago\AppData\Local\Programs\Python\Python313\Lib\site-packages\werkzeug\utils.py", line 575, in send_from_directory
    raise NotFound()
werkzeug.exceptions.NotFound: 404 Not Found: The requested URL was not found on the server. If you entered the URL manually please check your spelling and try again.

During handling of the above exception, another exception occurred:

Traceback (most recent call last):
  File "C:\Users\drago\AppData\Local\Programs\Python\Python313\Lib\site-packages\flask\app.py", line 1511, in wsgi_app
    response = self.full_dispatch_request()
  File "C:\Users\drago\AppData\Local\Programs\Python\Python313\Lib\site-packages\flask\app.py", line 919, in full_dispatch_request
    rv = self.handle_user_exception(e)
  File "C:\Users\drago\AppData\Local\Programs\Python\Python313\Lib\site-packages\flask\app.py", line 802, in handle_user_exception
    return self.handle_http_exception(e)
           ~~~~~~~~~~~~~~~~~~~~~~~~~~^^^
  File "C:\Users\drago\AppData\Local\Programs\Python\Python313\Lib\site-packages\flask\app.py", line 777, in handle_http_exception
    return self.ensure_sync(handler)(e)  # type: ignore[no-any-return]
           ~~~~~~~~~~~~~~~~~~~~~~~~~^^^
  File "C:\Users\drago\OneDrive\Pulpit\ALL\newest owl judge\app.py", line 2655, in page_not_found
    return render_template('404.html'), 404
           ~~~~~~~~~~~~~~~^^^^^^^^^^^^
  File "C:\Users\drago\AppData\Local\Programs\Python\Python313\Lib\site-packages\flask\templating.py", line 149, in render_template
    template = app.jinja_env.get_or_select_template(template_name_or_list)
  File "C:\Users\drago\AppData\Local\Programs\Python\Python313\Lib\site-packages\jinja2\environment.py", line 1087, in get_or_select_template
    return self.get_template(template_name_or_list, parent, globals)
           ~~~~~~~~~~~~~~~~~^^^^^^^^^^^^^^^^^^^^^^^^^^^^^^^^^^^^^^^^
  File "C:\Users\drago\AppData\Local\Programs\Python\Python313\Lib\site-packages\jinja2\environment.py", line 1016, in get_template
    return self._load_template(name, globals)
           ~~~~~~~~~~~~~~~~~~~^^^^^^^^^^^^^^^
  File "C:\Users\drago\AppData\Local\Programs\Python\Python313\Lib\site-packages\jinja2\environment.py", line 975, in _load_template
    template = self.loader.load(self, name, self.make_globals(globals))
  File "C:\Users\drago\AppData\Local\Programs\Python\Python313\Lib\site-packages\jinja2\loaders.py", line 138, in load
    code = environment.compile(source, name, filename)
  File "C:\Users\drago\AppData\Local\Programs\Python\Python313\Lib\site-packages\jinja2\environment.py", line 771, in compile
    self.handle_exception(source=source_hint)
    ~~~~~~~~~~~~~~~~~~~~~^^^^^^^^^^^^^^^^^^^^
  File "C:\Users\drago\AppData\Local\Programs\Python\Python313\Lib\site-packages\jinja2\environment.py", line 942, in handle_exception
    raise rewrite_traceback_stack(source=source)
  File "C:\Users\drago\OneDrive\Pulpit\ALL\newest owl judge\templates\404.html", line 45, in template
    {% block title %}Server Error - OwlJudge{% endblock %}
    ^^^^^^^^^^^^^^^^^^^^^^^^^
jinja2.exceptions.TemplateAssertionError: block 'title' defined twice
2025-04-15 15:44:12,185 ERROR: Exception on /static/images/ksu_campus_blur.jpg [GET] [in C:\Users\drago\AppData\Local\Programs\Python\Python313\Lib\site-packages\flask\app.py:875]
Traceback (most recent call last):
  File "C:\Users\drago\AppData\Local\Programs\Python\Python313\Lib\site-packages\flask\app.py", line 917, in full_dispatch_request
    rv = self.dispatch_request()
  File "C:\Users\drago\AppData\Local\Programs\Python\Python313\Lib\site-packages\flask\app.py", line 902, in dispatch_request
    return self.ensure_sync(self.view_functions[rule.endpoint])(**view_args)  # type: ignore[no-any-return]
           ~~~~~~~~~~~~~~~~~~~~~~~~~~~~~~~~~~~~~~~~~~~~~~~~~~~~^^^^^^^^^^^^^
  File "C:\Users\drago\AppData\Local\Programs\Python\Python313\Lib\site-packages\flask\app.py", line 278, in <lambda>
    view_func=lambda **kw: self_ref().send_static_file(**kw),  # type: ignore # noqa: B950
                           ~~~~~~~~~~~~~~~~~~~~~~~~~~~^^^^^^
  File "C:\Users\drago\AppData\Local\Programs\Python\Python313\Lib\site-packages\flask\app.py", line 326, in send_static_file
    return send_from_directory(
        t.cast(str, self.static_folder), filename, max_age=max_age
    )
  File "C:\Users\drago\AppData\Local\Programs\Python\Python313\Lib\site-packages\flask\helpers.py", line 565, in send_from_directory
    return werkzeug.utils.send_from_directory(  # type: ignore[return-value]
           ~~~~~~~~~~~~~~~~~~~~~~~~~~~~~~~~~~^^^^^^^^^^^^^^^^^^^^^^^^^^^^^^^
        directory, path, **_prepare_send_file_kwargs(**kwargs)
        ^^^^^^^^^^^^^^^^^^^^^^^^^^^^^^^^^^^^^^^^^^^^^^^^^^^^^^
    )
    ^
  File "C:\Users\drago\AppData\Local\Programs\Python\Python313\Lib\site-packages\werkzeug\utils.py", line 575, in send_from_directory
    raise NotFound()
werkzeug.exceptions.NotFound: 404 Not Found: The requested URL was not found on the server. If you entered the URL manually please check your spelling and try again.

During handling of the above exception, another exception occurred:

Traceback (most recent call last):
  File "C:\Users\drago\AppData\Local\Programs\Python\Python313\Lib\site-packages\flask\app.py", line 1511, in wsgi_app
    response = self.full_dispatch_request()
  File "C:\Users\drago\AppData\Local\Programs\Python\Python313\Lib\site-packages\flask\app.py", line 919, in full_dispatch_request
    rv = self.handle_user_exception(e)
  File "C:\Users\drago\AppData\Local\Programs\Python\Python313\Lib\site-packages\flask\app.py", line 802, in handle_user_exception
    return self.handle_http_exception(e)
           ~~~~~~~~~~~~~~~~~~~~~~~~~~^^^
  File "C:\Users\drago\AppData\Local\Programs\Python\Python313\Lib\site-packages\flask\app.py", line 777, in handle_http_exception
    return self.ensure_sync(handler)(e)  # type: ignore[no-any-return]
           ~~~~~~~~~~~~~~~~~~~~~~~~~^^^
  File "C:\Users\drago\OneDrive\Pulpit\ALL\newest owl judge\app.py", line 2655, in page_not_found
    return render_template('404.html'), 404
           ~~~~~~~~~~~~~~~^^^^^^^^^^^^
  File "C:\Users\drago\AppData\Local\Programs\Python\Python313\Lib\site-packages\flask\templating.py", line 149, in render_template
    template = app.jinja_env.get_or_select_template(template_name_or_list)
  File "C:\Users\drago\AppData\Local\Programs\Python\Python313\Lib\site-packages\jinja2\environment.py", line 1087, in get_or_select_template
    return self.get_template(template_name_or_list, parent, globals)
           ~~~~~~~~~~~~~~~~~^^^^^^^^^^^^^^^^^^^^^^^^^^^^^^^^^^^^^^^^
  File "C:\Users\drago\AppData\Local\Programs\Python\Python313\Lib\site-packages\jinja2\environment.py", line 1016, in get_template
    return self._load_template(name, globals)
           ~~~~~~~~~~~~~~~~~~~^^^^^^^^^^^^^^^
  File "C:\Users\drago\AppData\Local\Programs\Python\Python313\Lib\site-packages\jinja2\environment.py", line 975, in _load_template
    template = self.loader.load(self, name, self.make_globals(globals))
  File "C:\Users\drago\AppData\Local\Programs\Python\Python313\Lib\site-packages\jinja2\loaders.py", line 138, in load
    code = environment.compile(source, name, filename)
  File "C:\Users\drago\AppData\Local\Programs\Python\Python313\Lib\site-packages\jinja2\environment.py", line 771, in compile
    self.handle_exception(source=source_hint)
    ~~~~~~~~~~~~~~~~~~~~~^^^^^^^^^^^^^^^^^^^^
  File "C:\Users\drago\AppData\Local\Programs\Python\Python313\Lib\site-packages\jinja2\environment.py", line 942, in handle_exception
    raise rewrite_traceback_stack(source=source)
  File "C:\Users\drago\OneDrive\Pulpit\ALL\newest owl judge\templates\404.html", line 45, in template
    {% block title %}Server Error - OwlJudge{% endblock %}
    ^^^^^^^^^^^^^^^^^^^^^^^^^
jinja2.exceptions.TemplateAssertionError: block 'title' defined twice
2025-04-15 15:44:12,186 ERROR: Exception on /static/images/avatar_admin.png [GET] [in C:\Users\drago\AppData\Local\Programs\Python\Python313\Lib\site-packages\flask\app.py:875]
Traceback (most recent call last):
  File "C:\Users\drago\AppData\Local\Programs\Python\Python313\Lib\site-packages\flask\app.py", line 917, in full_dispatch_request
    rv = self.dispatch_request()
  File "C:\Users\drago\AppData\Local\Programs\Python\Python313\Lib\site-packages\flask\app.py", line 902, in dispatch_request
    return self.ensure_sync(self.view_functions[rule.endpoint])(**view_args)  # type: ignore[no-any-return]
           ~~~~~~~~~~~~~~~~~~~~~~~~~~~~~~~~~~~~~~~~~~~~~~~~~~~~^^^^^^^^^^^^^
  File "C:\Users\drago\AppData\Local\Programs\Python\Python313\Lib\site-packages\flask\app.py", line 278, in <lambda>
    view_func=lambda **kw: self_ref().send_static_file(**kw),  # type: ignore # noqa: B950
                           ~~~~~~~~~~~~~~~~~~~~~~~~~~~^^^^^^
  File "C:\Users\drago\AppData\Local\Programs\Python\Python313\Lib\site-packages\flask\app.py", line 326, in send_static_file
    return send_from_directory(
        t.cast(str, self.static_folder), filename, max_age=max_age
    )
  File "C:\Users\drago\AppData\Local\Programs\Python\Python313\Lib\site-packages\flask\helpers.py", line 565, in send_from_directory
    return werkzeug.utils.send_from_directory(  # type: ignore[return-value]
           ~~~~~~~~~~~~~~~~~~~~~~~~~~~~~~~~~~^^^^^^^^^^^^^^^^^^^^^^^^^^^^^^^
        directory, path, **_prepare_send_file_kwargs(**kwargs)
        ^^^^^^^^^^^^^^^^^^^^^^^^^^^^^^^^^^^^^^^^^^^^^^^^^^^^^^
    )
    ^
  File "C:\Users\drago\AppData\Local\Programs\Python\Python313\Lib\site-packages\werkzeug\utils.py", line 575, in send_from_directory
    raise NotFound()
werkzeug.exceptions.NotFound: 404 Not Found: The requested URL was not found on the server. If you entered the URL manually please check your spelling and try again.

During handling of the above exception, another exception occurred:

Traceback (most recent call last):
  File "C:\Users\drago\AppData\Local\Programs\Python\Python313\Lib\site-packages\flask\app.py", line 1511, in wsgi_app
    response = self.full_dispatch_request()
  File "C:\Users\drago\AppData\Local\Programs\Python\Python313\Lib\site-packages\flask\app.py", line 919, in full_dispatch_request
    rv = self.handle_user_exception(e)
  File "C:\Users\drago\AppData\Local\Programs\Python\Python313\Lib\site-packages\flask\app.py", line 802, in handle_user_exception
    return self.handle_http_exception(e)
           ~~~~~~~~~~~~~~~~~~~~~~~~~~^^^
  File "C:\Users\drago\AppData\Local\Programs\Python\Python313\Lib\site-packages\flask\app.py", line 777, in handle_http_exception
    return self.ensure_sync(handler)(e)  # type: ignore[no-any-return]
           ~~~~~~~~~~~~~~~~~~~~~~~~~^^^
  File "C:\Users\drago\OneDrive\Pulpit\ALL\newest owl judge\app.py", line 2655, in page_not_found
    return render_template('404.html'), 404
           ~~~~~~~~~~~~~~~^^^^^^^^^^^^
  File "C:\Users\drago\AppData\Local\Programs\Python\Python313\Lib\site-packages\flask\templating.py", line 149, in render_template
    template = app.jinja_env.get_or_select_template(template_name_or_list)
  File "C:\Users\drago\AppData\Local\Programs\Python\Python313\Lib\site-packages\jinja2\environment.py", line 1087, in get_or_select_template
    return self.get_template(template_name_or_list, parent, globals)
           ~~~~~~~~~~~~~~~~~^^^^^^^^^^^^^^^^^^^^^^^^^^^^^^^^^^^^^^^^
  File "C:\Users\drago\AppData\Local\Programs\Python\Python313\Lib\site-packages\jinja2\environment.py", line 1016, in get_template
    return self._load_template(name, globals)
           ~~~~~~~~~~~~~~~~~~~^^^^^^^^^^^^^^^
  File "C:\Users\drago\AppData\Local\Programs\Python\Python313\Lib\site-packages\jinja2\environment.py", line 975, in _load_template
    template = self.loader.load(self, name, self.make_globals(globals))
  File "C:\Users\drago\AppData\Local\Programs\Python\Python313\Lib\site-packages\jinja2\loaders.py", line 138, in load
    code = environment.compile(source, name, filename)
  File "C:\Users\drago\AppData\Local\Programs\Python\Python313\Lib\site-packages\jinja2\environment.py", line 771, in compile
    self.handle_exception(source=source_hint)
    ~~~~~~~~~~~~~~~~~~~~~^^^^^^^^^^^^^^^^^^^^
  File "C:\Users\drago\AppData\Local\Programs\Python\Python313\Lib\site-packages\jinja2\environment.py", line 942, in handle_exception
    raise rewrite_traceback_stack(source=source)
  File "C:\Users\drago\OneDrive\Pulpit\ALL\newest owl judge\templates\404.html", line 45, in template
    {% block title %}Server Error - OwlJudge{% endblock %}
    ^^^^^^^^^^^^^^^^^^^^^^^^^
jinja2.exceptions.TemplateAssertionError: block 'title' defined twice
2025-04-15 15:44:12,187 ERROR: Exception on /static/images/ksu_campus_wide.jpg [GET] [in C:\Users\drago\AppData\Local\Programs\Python\Python313\Lib\site-packages\flask\app.py:875]
Traceback (most recent call last):
  File "C:\Users\drago\AppData\Local\Programs\Python\Python313\Lib\site-packages\flask\app.py", line 917, in full_dispatch_request
    rv = self.dispatch_request()
  File "C:\Users\drago\AppData\Local\Programs\Python\Python313\Lib\site-packages\flask\app.py", line 902, in dispatch_request
    return self.ensure_sync(self.view_functions[rule.endpoint])(**view_args)  # type: ignore[no-any-return]
           ~~~~~~~~~~~~~~~~~~~~~~~~~~~~~~~~~~~~~~~~~~~~~~~~~~~~^^^^^^^^^^^^^
  File "C:\Users\drago\AppData\Local\Programs\Python\Python313\Lib\site-packages\flask\app.py", line 278, in <lambda>
    view_func=lambda **kw: self_ref().send_static_file(**kw),  # type: ignore # noqa: B950
                           ~~~~~~~~~~~~~~~~~~~~~~~~~~~^^^^^^
  File "C:\Users\drago\AppData\Local\Programs\Python\Python313\Lib\site-packages\flask\app.py", line 326, in send_static_file
    return send_from_directory(
        t.cast(str, self.static_folder), filename, max_age=max_age
    )
  File "C:\Users\drago\AppData\Local\Programs\Python\Python313\Lib\site-packages\flask\helpers.py", line 565, in send_from_directory
    return werkzeug.utils.send_from_directory(  # type: ignore[return-value]
           ~~~~~~~~~~~~~~~~~~~~~~~~~~~~~~~~~~^^^^^^^^^^^^^^^^^^^^^^^^^^^^^^^
        directory, path, **_prepare_send_file_kwargs(**kwargs)
        ^^^^^^^^^^^^^^^^^^^^^^^^^^^^^^^^^^^^^^^^^^^^^^^^^^^^^^
    )
    ^
  File "C:\Users\drago\AppData\Local\Programs\Python\Python313\Lib\site-packages\werkzeug\utils.py", line 575, in send_from_directory
    raise NotFound()
werkzeug.exceptions.NotFound: 404 Not Found: The requested URL was not found on the server. If you entered the URL manually please check your spelling and try again.

During handling of the above exception, another exception occurred:

Traceback (most recent call last):
  File "C:\Users\drago\AppData\Local\Programs\Python\Python313\Lib\site-packages\flask\app.py", line 1511, in wsgi_app
    response = self.full_dispatch_request()
  File "C:\Users\drago\AppData\Local\Programs\Python\Python313\Lib\site-packages\flask\app.py", line 919, in full_dispatch_request
    rv = self.handle_user_exception(e)
  File "C:\Users\drago\AppData\Local\Programs\Python\Python313\Lib\site-packages\flask\app.py", line 802, in handle_user_exception
    return self.handle_http_exception(e)
           ~~~~~~~~~~~~~~~~~~~~~~~~~~^^^
  File "C:\Users\drago\AppData\Local\Programs\Python\Python313\Lib\site-packages\flask\app.py", line 777, in handle_http_exception
    return self.ensure_sync(handler)(e)  # type: ignore[no-any-return]
           ~~~~~~~~~~~~~~~~~~~~~~~~~^^^
  File "C:\Users\drago\OneDrive\Pulpit\ALL\newest owl judge\app.py", line 2655, in page_not_found
    return render_template('404.html'), 404
           ~~~~~~~~~~~~~~~^^^^^^^^^^^^
  File "C:\Users\drago\AppData\Local\Programs\Python\Python313\Lib\site-packages\flask\templating.py", line 149, in render_template
    template = app.jinja_env.get_or_select_template(template_name_or_list)
  File "C:\Users\drago\AppData\Local\Programs\Python\Python313\Lib\site-packages\jinja2\environment.py", line 1087, in get_or_select_template
    return self.get_template(template_name_or_list, parent, globals)
           ~~~~~~~~~~~~~~~~~^^^^^^^^^^^^^^^^^^^^^^^^^^^^^^^^^^^^^^^^
  File "C:\Users\drago\AppData\Local\Programs\Python\Python313\Lib\site-packages\jinja2\environment.py", line 1016, in get_template
    return self._load_template(name, globals)
           ~~~~~~~~~~~~~~~~~~~^^^^^^^^^^^^^^^
  File "C:\Users\drago\AppData\Local\Programs\Python\Python313\Lib\site-packages\jinja2\environment.py", line 975, in _load_template
    template = self.loader.load(self, name, self.make_globals(globals))
  File "C:\Users\drago\AppData\Local\Programs\Python\Python313\Lib\site-packages\jinja2\loaders.py", line 138, in load
    code = environment.compile(source, name, filename)
  File "C:\Users\drago\AppData\Local\Programs\Python\Python313\Lib\site-packages\jinja2\environment.py", line 771, in compile
    self.handle_exception(source=source_hint)
    ~~~~~~~~~~~~~~~~~~~~~^^^^^^^^^^^^^^^^^^^^
  File "C:\Users\drago\AppData\Local\Programs\Python\Python313\Lib\site-packages\jinja2\environment.py", line 942, in handle_exception
    raise rewrite_traceback_stack(source=source)
  File "C:\Users\drago\OneDrive\Pulpit\ALL\newest owl judge\templates\404.html", line 45, in template
    {% block title %}Server Error - OwlJudge{% endblock %}
    ^^^^^^^^^^^^^^^^^^^^^^^^^
jinja2.exceptions.TemplateAssertionError: block 'title' defined twice
2025-04-15 15:44:12,221 INFO: 404 Not Found: Path='/favicon.ico', Method='GET', Referrer='http://127.0.0.1:5000/' [Unauthenticated User] [in C:\Users\drago\OneDrive\Pulpit\ALL\newest owl judge\app.py:2650]
2025-04-15 15:44:12,223 ERROR: Exception on /favicon.ico [GET] [in C:\Users\drago\AppData\Local\Programs\Python\Python313\Lib\site-packages\flask\app.py:875]
Traceback (most recent call last):
  File "C:\Users\drago\AppData\Local\Programs\Python\Python313\Lib\site-packages\flask\app.py", line 917, in full_dispatch_request
    rv = self.dispatch_request()
  File "C:\Users\drago\AppData\Local\Programs\Python\Python313\Lib\site-packages\flask\app.py", line 902, in dispatch_request
    return self.ensure_sync(self.view_functions[rule.endpoint])(**view_args)  # type: ignore[no-any-return]
           ~~~~~~~~~~~~~~~~~~~~~~~~~~~~~~~~~~~~~~~~~~~~~~~~~~~~^^^^^^^^^^^^^
  File "C:\Users\drago\OneDrive\Pulpit\ALL\newest owl judge\app.py", line 435, in favicon
    return send_from_directory(
        os.path.join(app.root_path, 'static', 'img'), # Assuming favicon is in static/img
    ...<2 lines>...
        max_age=2592000 # Cache for 30 days (adjust as needed)
    )
  File "C:\Users\drago\AppData\Local\Programs\Python\Python313\Lib\site-packages\flask\helpers.py", line 565, in send_from_directory
    return werkzeug.utils.send_from_directory(  # type: ignore[return-value]
           ~~~~~~~~~~~~~~~~~~~~~~~~~~~~~~~~~~^^^^^^^^^^^^^^^^^^^^^^^^^^^^^^^
        directory, path, **_prepare_send_file_kwargs(**kwargs)
        ^^^^^^^^^^^^^^^^^^^^^^^^^^^^^^^^^^^^^^^^^^^^^^^^^^^^^^
    )
    ^
  File "C:\Users\drago\AppData\Local\Programs\Python\Python313\Lib\site-packages\werkzeug\utils.py", line 575, in send_from_directory
    raise NotFound()
werkzeug.exceptions.NotFound: 404 Not Found: The requested URL was not found on the server. If you entered the URL manually please check your spelling and try again.

During handling of the above exception, another exception occurred:

Traceback (most recent call last):
  File "C:\Users\drago\AppData\Local\Programs\Python\Python313\Lib\site-packages\flask\app.py", line 1511, in wsgi_app
    response = self.full_dispatch_request()
  File "C:\Users\drago\AppData\Local\Programs\Python\Python313\Lib\site-packages\flask\app.py", line 919, in full_dispatch_request
    rv = self.handle_user_exception(e)
  File "C:\Users\drago\AppData\Local\Programs\Python\Python313\Lib\site-packages\flask\app.py", line 802, in handle_user_exception
    return self.handle_http_exception(e)
           ~~~~~~~~~~~~~~~~~~~~~~~~~~^^^
  File "C:\Users\drago\AppData\Local\Programs\Python\Python313\Lib\site-packages\flask\app.py", line 777, in handle_http_exception
    return self.ensure_sync(handler)(e)  # type: ignore[no-any-return]
           ~~~~~~~~~~~~~~~~~~~~~~~~~^^^
  File "C:\Users\drago\OneDrive\Pulpit\ALL\newest owl judge\app.py", line 2655, in page_not_found
    return render_template('404.html'), 404
           ~~~~~~~~~~~~~~~^^^^^^^^^^^^
  File "C:\Users\drago\AppData\Local\Programs\Python\Python313\Lib\site-packages\flask\templating.py", line 149, in render_template
    template = app.jinja_env.get_or_select_template(template_name_or_list)
  File "C:\Users\drago\AppData\Local\Programs\Python\Python313\Lib\site-packages\jinja2\environment.py", line 1087, in get_or_select_template
    return self.get_template(template_name_or_list, parent, globals)
           ~~~~~~~~~~~~~~~~~^^^^^^^^^^^^^^^^^^^^^^^^^^^^^^^^^^^^^^^^
  File "C:\Users\drago\AppData\Local\Programs\Python\Python313\Lib\site-packages\jinja2\environment.py", line 1016, in get_template
    return self._load_template(name, globals)
           ~~~~~~~~~~~~~~~~~~~^^^^^^^^^^^^^^^
  File "C:\Users\drago\AppData\Local\Programs\Python\Python313\Lib\site-packages\jinja2\environment.py", line 975, in _load_template
    template = self.loader.load(self, name, self.make_globals(globals))
  File "C:\Users\drago\AppData\Local\Programs\Python\Python313\Lib\site-packages\jinja2\loaders.py", line 138, in load
    code = environment.compile(source, name, filename)
  File "C:\Users\drago\AppData\Local\Programs\Python\Python313\Lib\site-packages\jinja2\environment.py", line 771, in compile
    self.handle_exception(source=source_hint)
    ~~~~~~~~~~~~~~~~~~~~~^^^^^^^^^^^^^^^^^^^^
  File "C:\Users\drago\AppData\Local\Programs\Python\Python313\Lib\site-packages\jinja2\environment.py", line 942, in handle_exception
    raise rewrite_traceback_stack(source=source)
  File "C:\Users\drago\OneDrive\Pulpit\ALL\newest owl judge\templates\404.html", line 45, in template
    {% block title %}Server Error - OwlJudge{% endblock %}
    ^^^^^^^^^^^^^^^^^^^^^^^^^
jinja2.exceptions.TemplateAssertionError: block 'title' defined twice
2025-04-15 15:44:13,406 ERROR: Error fetching recent projects for index page: (sqlite3.OperationalError) no such column: projects.created_at
[SQL: SELECT projects.project_id AS projects_project_id, projects.project_name AS projects_project_name, projects.group_id AS projects_group_id, projects.description AS projects_description, projects.created_at AS projects_created_at, projects.updated_at AS projects_updated_at 
FROM projects ORDER BY projects.created_at DESC
 LIMIT ? OFFSET ?]
[parameters: (5, 0)]
(Background on this error at: https://sqlalche.me/e/20/e3q8) [in C:\Users\drago\OneDrive\Pulpit\ALL\newest owl judge\app.py:450]
Traceback (most recent call last):
  File "C:\Users\drago\AppData\Local\Programs\Python\Python313\Lib\site-packages\sqlalchemy\engine\base.py", line 1964, in _exec_single_context
    self.dialect.do_execute(
    ~~~~~~~~~~~~~~~~~~~~~~~^
        cursor, str_statement, effective_parameters, context
        ^^^^^^^^^^^^^^^^^^^^^^^^^^^^^^^^^^^^^^^^^^^^^^^^^^^^
    )
    ^
  File "C:\Users\drago\AppData\Local\Programs\Python\Python313\Lib\site-packages\sqlalchemy\engine\default.py", line 942, in do_execute
    cursor.execute(statement, parameters)
    ~~~~~~~~~~~~~~^^^^^^^^^^^^^^^^^^^^^^^
sqlite3.OperationalError: no such column: projects.created_at

The above exception was the direct cause of the following exception:

Traceback (most recent call last):
  File "C:\Users\drago\OneDrive\Pulpit\ALL\newest owl judge\app.py", line 448, in index
    recent_projects = Projects.query.order_by(Projects.created_at.desc()).limit(5).all()
  File "C:\Users\drago\AppData\Local\Programs\Python\Python313\Lib\site-packages\sqlalchemy\orm\query.py", line 2704, in all
    return self._iter().all()  # type: ignore
           ~~~~~~~~~~^^
  File "C:\Users\drago\AppData\Local\Programs\Python\Python313\Lib\site-packages\sqlalchemy\orm\query.py", line 2858, in _iter
    result: Union[ScalarResult[_T], Result[_T]] = self.session.execute(
                                                  ~~~~~~~~~~~~~~~~~~~~^
        statement,
        ^^^^^^^^^^
        params,
        ^^^^^^^
        execution_options={"_sa_orm_load_options": self.load_options},
        ^^^^^^^^^^^^^^^^^^^^^^^^^^^^^^^^^^^^^^^^^^^^^^^^^^^^^^^^^^^^^^
    )
    ^
  File "C:\Users\drago\AppData\Local\Programs\Python\Python313\Lib\site-packages\sqlalchemy\orm\session.py", line 2365, in execute
    return self._execute_internal(
           ~~~~~~~~~~~~~~~~~~~~~~^
        statement,
        ^^^^^^^^^^
    ...<4 lines>...
        _add_event=_add_event,
        ^^^^^^^^^^^^^^^^^^^^^^
    )
    ^
  File "C:\Users\drago\AppData\Local\Programs\Python\Python313\Lib\site-packages\sqlalchemy\orm\session.py", line 2251, in _execute_internal
    result: Result[Any] = compile_state_cls.orm_execute_statement(
                          ~~~~~~~~~~~~~~~~~~~~~~~~~~~~~~~~~~~~~~~^
        self,
        ^^^^^
    ...<4 lines>...
        conn,
        ^^^^^
    )
    ^
  File "C:\Users\drago\AppData\Local\Programs\Python\Python313\Lib\site-packages\sqlalchemy\orm\context.py", line 306, in orm_execute_statement
    result = conn.execute(
        statement, params or {}, execution_options=execution_options
    )
  File "C:\Users\drago\AppData\Local\Programs\Python\Python313\Lib\site-packages\sqlalchemy\engine\base.py", line 1416, in execute
    return meth(
        self,
        distilled_parameters,
        execution_options or NO_OPTIONS,
    )
  File "C:\Users\drago\AppData\Local\Programs\Python\Python313\Lib\site-packages\sqlalchemy\sql\elements.py", line 523, in _execute_on_connection
    return connection._execute_clauseelement(
           ~~~~~~~~~~~~~~~~~~~~~~~~~~~~~~~~~^
        self, distilled_params, execution_options
        ^^^^^^^^^^^^^^^^^^^^^^^^^^^^^^^^^^^^^^^^^
    )
    ^
  File "C:\Users\drago\AppData\Local\Programs\Python\Python313\Lib\site-packages\sqlalchemy\engine\base.py", line 1638, in _execute_clauseelement
    ret = self._execute_context(
        dialect,
    ...<8 lines>...
        cache_hit=cache_hit,
    )
  File "C:\Users\drago\AppData\Local\Programs\Python\Python313\Lib\site-packages\sqlalchemy\engine\base.py", line 1843, in _execute_context
    return self._exec_single_context(
           ~~~~~~~~~~~~~~~~~~~~~~~~~^
        dialect, context, statement, parameters
        ^^^^^^^^^^^^^^^^^^^^^^^^^^^^^^^^^^^^^^^
    )
    ^
  File "C:\Users\drago\AppData\Local\Programs\Python\Python313\Lib\site-packages\sqlalchemy\engine\base.py", line 1983, in _exec_single_context
    self._handle_dbapi_exception(
    ~~~~~~~~~~~~~~~~~~~~~~~~~~~~^
        e, str_statement, effective_parameters, cursor, context
        ^^^^^^^^^^^^^^^^^^^^^^^^^^^^^^^^^^^^^^^^^^^^^^^^^^^^^^^
    )
    ^
  File "C:\Users\drago\AppData\Local\Programs\Python\Python313\Lib\site-packages\sqlalchemy\engine\base.py", line 2352, in _handle_dbapi_exception
    raise sqlalchemy_exception.with_traceback(exc_info[2]) from e
  File "C:\Users\drago\AppData\Local\Programs\Python\Python313\Lib\site-packages\sqlalchemy\engine\base.py", line 1964, in _exec_single_context
    self.dialect.do_execute(
    ~~~~~~~~~~~~~~~~~~~~~~~^
        cursor, str_statement, effective_parameters, context
        ^^^^^^^^^^^^^^^^^^^^^^^^^^^^^^^^^^^^^^^^^^^^^^^^^^^^
    )
    ^
  File "C:\Users\drago\AppData\Local\Programs\Python\Python313\Lib\site-packages\sqlalchemy\engine\default.py", line 942, in do_execute
    cursor.execute(statement, parameters)
    ~~~~~~~~~~~~~~^^^^^^^^^^^^^^^^^^^^^^^
sqlalchemy.exc.OperationalError: (sqlite3.OperationalError) no such column: projects.created_at
[SQL: SELECT projects.project_id AS projects_project_id, projects.project_name AS projects_project_name, projects.group_id AS projects_group_id, projects.description AS projects_description, projects.created_at AS projects_created_at, projects.updated_at AS projects_updated_at 
FROM projects ORDER BY projects.created_at DESC
 LIMIT ? OFFSET ?]
[parameters: (5, 0)]
(Background on this error at: https://sqlalche.me/e/20/e3q8)
2025-04-15 15:44:13,426 INFO: 404 Not Found: Path='/static/images/avatar_student.png', Method='GET', Referrer='http://127.0.0.1:5000/' [Unauthenticated User] [in C:\Users\drago\OneDrive\Pulpit\ALL\newest owl judge\app.py:2650]
2025-04-15 15:44:13,426 INFO: 404 Not Found: Path='/static/images/avatar_judge.png', Method='GET', Referrer='http://127.0.0.1:5000/' [Unauthenticated User] [in C:\Users\drago\OneDrive\Pulpit\ALL\newest owl judge\app.py:2650]
2025-04-15 15:44:13,428 INFO: 404 Not Found: Path='/static/images/avatar_admin.png', Method='GET', Referrer='http://127.0.0.1:5000/' [Unauthenticated User] [in C:\Users\drago\OneDrive\Pulpit\ALL\newest owl judge\app.py:2650]
2025-04-15 15:44:13,429 ERROR: Exception on /static/images/avatar_student.png [GET] [in C:\Users\drago\AppData\Local\Programs\Python\Python313\Lib\site-packages\flask\app.py:875]
Traceback (most recent call last):
  File "C:\Users\drago\AppData\Local\Programs\Python\Python313\Lib\site-packages\flask\app.py", line 917, in full_dispatch_request
    rv = self.dispatch_request()
  File "C:\Users\drago\AppData\Local\Programs\Python\Python313\Lib\site-packages\flask\app.py", line 902, in dispatch_request
    return self.ensure_sync(self.view_functions[rule.endpoint])(**view_args)  # type: ignore[no-any-return]
           ~~~~~~~~~~~~~~~~~~~~~~~~~~~~~~~~~~~~~~~~~~~~~~~~~~~~^^^^^^^^^^^^^
  File "C:\Users\drago\AppData\Local\Programs\Python\Python313\Lib\site-packages\flask\app.py", line 278, in <lambda>
    view_func=lambda **kw: self_ref().send_static_file(**kw),  # type: ignore # noqa: B950
                           ~~~~~~~~~~~~~~~~~~~~~~~~~~~^^^^^^
  File "C:\Users\drago\AppData\Local\Programs\Python\Python313\Lib\site-packages\flask\app.py", line 326, in send_static_file
    return send_from_directory(
        t.cast(str, self.static_folder), filename, max_age=max_age
    )
  File "C:\Users\drago\AppData\Local\Programs\Python\Python313\Lib\site-packages\flask\helpers.py", line 565, in send_from_directory
    return werkzeug.utils.send_from_directory(  # type: ignore[return-value]
           ~~~~~~~~~~~~~~~~~~~~~~~~~~~~~~~~~~^^^^^^^^^^^^^^^^^^^^^^^^^^^^^^^
        directory, path, **_prepare_send_file_kwargs(**kwargs)
        ^^^^^^^^^^^^^^^^^^^^^^^^^^^^^^^^^^^^^^^^^^^^^^^^^^^^^^
    )
    ^
  File "C:\Users\drago\AppData\Local\Programs\Python\Python313\Lib\site-packages\werkzeug\utils.py", line 575, in send_from_directory
    raise NotFound()
werkzeug.exceptions.NotFound: 404 Not Found: The requested URL was not found on the server. If you entered the URL manually please check your spelling and try again.

During handling of the above exception, another exception occurred:

Traceback (most recent call last):
  File "C:\Users\drago\AppData\Local\Programs\Python\Python313\Lib\site-packages\flask\app.py", line 1511, in wsgi_app
    response = self.full_dispatch_request()
  File "C:\Users\drago\AppData\Local\Programs\Python\Python313\Lib\site-packages\flask\app.py", line 919, in full_dispatch_request
    rv = self.handle_user_exception(e)
  File "C:\Users\drago\AppData\Local\Programs\Python\Python313\Lib\site-packages\flask\app.py", line 802, in handle_user_exception
    return self.handle_http_exception(e)
           ~~~~~~~~~~~~~~~~~~~~~~~~~~^^^
  File "C:\Users\drago\AppData\Local\Programs\Python\Python313\Lib\site-packages\flask\app.py", line 777, in handle_http_exception
    return self.ensure_sync(handler)(e)  # type: ignore[no-any-return]
           ~~~~~~~~~~~~~~~~~~~~~~~~~^^^
  File "C:\Users\drago\OneDrive\Pulpit\ALL\newest owl judge\app.py", line 2655, in page_not_found
    return render_template('404.html'), 404
           ~~~~~~~~~~~~~~~^^^^^^^^^^^^
  File "C:\Users\drago\AppData\Local\Programs\Python\Python313\Lib\site-packages\flask\templating.py", line 149, in render_template
    template = app.jinja_env.get_or_select_template(template_name_or_list)
  File "C:\Users\drago\AppData\Local\Programs\Python\Python313\Lib\site-packages\jinja2\environment.py", line 1087, in get_or_select_template
    return self.get_template(template_name_or_list, parent, globals)
           ~~~~~~~~~~~~~~~~~^^^^^^^^^^^^^^^^^^^^^^^^^^^^^^^^^^^^^^^^
  File "C:\Users\drago\AppData\Local\Programs\Python\Python313\Lib\site-packages\jinja2\environment.py", line 1016, in get_template
    return self._load_template(name, globals)
           ~~~~~~~~~~~~~~~~~~~^^^^^^^^^^^^^^^
  File "C:\Users\drago\AppData\Local\Programs\Python\Python313\Lib\site-packages\jinja2\environment.py", line 975, in _load_template
    template = self.loader.load(self, name, self.make_globals(globals))
  File "C:\Users\drago\AppData\Local\Programs\Python\Python313\Lib\site-packages\jinja2\loaders.py", line 138, in load
    code = environment.compile(source, name, filename)
  File "C:\Users\drago\AppData\Local\Programs\Python\Python313\Lib\site-packages\jinja2\environment.py", line 771, in compile
    self.handle_exception(source=source_hint)
    ~~~~~~~~~~~~~~~~~~~~~^^^^^^^^^^^^^^^^^^^^
  File "C:\Users\drago\AppData\Local\Programs\Python\Python313\Lib\site-packages\jinja2\environment.py", line 942, in handle_exception
    raise rewrite_traceback_stack(source=source)
  File "C:\Users\drago\OneDrive\Pulpit\ALL\newest owl judge\templates\404.html", line 45, in template
    {% block title %}Server Error - OwlJudge{% endblock %}
    ^^^^^^^^^^^^^^^^^^^^^^^^^
jinja2.exceptions.TemplateAssertionError: block 'title' defined twice
2025-04-15 15:44:13,430 ERROR: Exception on /static/images/avatar_judge.png [GET] [in C:\Users\drago\AppData\Local\Programs\Python\Python313\Lib\site-packages\flask\app.py:875]
Traceback (most recent call last):
  File "C:\Users\drago\AppData\Local\Programs\Python\Python313\Lib\site-packages\flask\app.py", line 917, in full_dispatch_request
    rv = self.dispatch_request()
  File "C:\Users\drago\AppData\Local\Programs\Python\Python313\Lib\site-packages\flask\app.py", line 902, in dispatch_request
    return self.ensure_sync(self.view_functions[rule.endpoint])(**view_args)  # type: ignore[no-any-return]
           ~~~~~~~~~~~~~~~~~~~~~~~~~~~~~~~~~~~~~~~~~~~~~~~~~~~~^^^^^^^^^^^^^
  File "C:\Users\drago\AppData\Local\Programs\Python\Python313\Lib\site-packages\flask\app.py", line 278, in <lambda>
    view_func=lambda **kw: self_ref().send_static_file(**kw),  # type: ignore # noqa: B950
                           ~~~~~~~~~~~~~~~~~~~~~~~~~~~^^^^^^
  File "C:\Users\drago\AppData\Local\Programs\Python\Python313\Lib\site-packages\flask\app.py", line 326, in send_static_file
    return send_from_directory(
        t.cast(str, self.static_folder), filename, max_age=max_age
    )
  File "C:\Users\drago\AppData\Local\Programs\Python\Python313\Lib\site-packages\flask\helpers.py", line 565, in send_from_directory
    return werkzeug.utils.send_from_directory(  # type: ignore[return-value]
           ~~~~~~~~~~~~~~~~~~~~~~~~~~~~~~~~~~^^^^^^^^^^^^^^^^^^^^^^^^^^^^^^^
        directory, path, **_prepare_send_file_kwargs(**kwargs)
        ^^^^^^^^^^^^^^^^^^^^^^^^^^^^^^^^^^^^^^^^^^^^^^^^^^^^^^
    )
    ^
  File "C:\Users\drago\AppData\Local\Programs\Python\Python313\Lib\site-packages\werkzeug\utils.py", line 575, in send_from_directory
    raise NotFound()
werkzeug.exceptions.NotFound: 404 Not Found: The requested URL was not found on the server. If you entered the URL manually please check your spelling and try again.

During handling of the above exception, another exception occurred:

Traceback (most recent call last):
  File "C:\Users\drago\AppData\Local\Programs\Python\Python313\Lib\site-packages\flask\app.py", line 1511, in wsgi_app
    response = self.full_dispatch_request()
  File "C:\Users\drago\AppData\Local\Programs\Python\Python313\Lib\site-packages\flask\app.py", line 919, in full_dispatch_request
    rv = self.handle_user_exception(e)
  File "C:\Users\drago\AppData\Local\Programs\Python\Python313\Lib\site-packages\flask\app.py", line 802, in handle_user_exception
    return self.handle_http_exception(e)
           ~~~~~~~~~~~~~~~~~~~~~~~~~~^^^
  File "C:\Users\drago\AppData\Local\Programs\Python\Python313\Lib\site-packages\flask\app.py", line 777, in handle_http_exception
    return self.ensure_sync(handler)(e)  # type: ignore[no-any-return]
           ~~~~~~~~~~~~~~~~~~~~~~~~~^^^
  File "C:\Users\drago\OneDrive\Pulpit\ALL\newest owl judge\app.py", line 2655, in page_not_found
    return render_template('404.html'), 404
           ~~~~~~~~~~~~~~~^^^^^^^^^^^^
  File "C:\Users\drago\AppData\Local\Programs\Python\Python313\Lib\site-packages\flask\templating.py", line 149, in render_template
    template = app.jinja_env.get_or_select_template(template_name_or_list)
  File "C:\Users\drago\AppData\Local\Programs\Python\Python313\Lib\site-packages\jinja2\environment.py", line 1087, in get_or_select_template
    return self.get_template(template_name_or_list, parent, globals)
           ~~~~~~~~~~~~~~~~~^^^^^^^^^^^^^^^^^^^^^^^^^^^^^^^^^^^^^^^^
  File "C:\Users\drago\AppData\Local\Programs\Python\Python313\Lib\site-packages\jinja2\environment.py", line 1016, in get_template
    return self._load_template(name, globals)
           ~~~~~~~~~~~~~~~~~~~^^^^^^^^^^^^^^^
  File "C:\Users\drago\AppData\Local\Programs\Python\Python313\Lib\site-packages\jinja2\environment.py", line 975, in _load_template
    template = self.loader.load(self, name, self.make_globals(globals))
  File "C:\Users\drago\AppData\Local\Programs\Python\Python313\Lib\site-packages\jinja2\loaders.py", line 138, in load
    code = environment.compile(source, name, filename)
  File "C:\Users\drago\AppData\Local\Programs\Python\Python313\Lib\site-packages\jinja2\environment.py", line 771, in compile
    self.handle_exception(source=source_hint)
    ~~~~~~~~~~~~~~~~~~~~~^^^^^^^^^^^^^^^^^^^^
  File "C:\Users\drago\AppData\Local\Programs\Python\Python313\Lib\site-packages\jinja2\environment.py", line 942, in handle_exception
    raise rewrite_traceback_stack(source=source)
  File "C:\Users\drago\OneDrive\Pulpit\ALL\newest owl judge\templates\404.html", line 45, in template
    {% block title %}Server Error - OwlJudge{% endblock %}
    ^^^^^^^^^^^^^^^^^^^^^^^^^
jinja2.exceptions.TemplateAssertionError: block 'title' defined twice
2025-04-15 15:44:13,431 INFO: 404 Not Found: Path='/static/images/ksu_campus_blur.jpg', Method='GET', Referrer='http://127.0.0.1:5000/' [Unauthenticated User] [in C:\Users\drago\OneDrive\Pulpit\ALL\newest owl judge\app.py:2650]
2025-04-15 15:44:13,431 INFO: 404 Not Found: Path='/static/images/ksu_campus_wide.jpg', Method='GET', Referrer='http://127.0.0.1:5000/' [Unauthenticated User] [in C:\Users\drago\OneDrive\Pulpit\ALL\newest owl judge\app.py:2650]
2025-04-15 15:44:13,432 ERROR: Exception on /static/images/avatar_admin.png [GET] [in C:\Users\drago\AppData\Local\Programs\Python\Python313\Lib\site-packages\flask\app.py:875]
Traceback (most recent call last):
  File "C:\Users\drago\AppData\Local\Programs\Python\Python313\Lib\site-packages\flask\app.py", line 917, in full_dispatch_request
    rv = self.dispatch_request()
  File "C:\Users\drago\AppData\Local\Programs\Python\Python313\Lib\site-packages\flask\app.py", line 902, in dispatch_request
    return self.ensure_sync(self.view_functions[rule.endpoint])(**view_args)  # type: ignore[no-any-return]
           ~~~~~~~~~~~~~~~~~~~~~~~~~~~~~~~~~~~~~~~~~~~~~~~~~~~~^^^^^^^^^^^^^
  File "C:\Users\drago\AppData\Local\Programs\Python\Python313\Lib\site-packages\flask\app.py", line 278, in <lambda>
    view_func=lambda **kw: self_ref().send_static_file(**kw),  # type: ignore # noqa: B950
                           ~~~~~~~~~~~~~~~~~~~~~~~~~~~^^^^^^
  File "C:\Users\drago\AppData\Local\Programs\Python\Python313\Lib\site-packages\flask\app.py", line 326, in send_static_file
    return send_from_directory(
        t.cast(str, self.static_folder), filename, max_age=max_age
    )
  File "C:\Users\drago\AppData\Local\Programs\Python\Python313\Lib\site-packages\flask\helpers.py", line 565, in send_from_directory
    return werkzeug.utils.send_from_directory(  # type: ignore[return-value]
           ~~~~~~~~~~~~~~~~~~~~~~~~~~~~~~~~~~^^^^^^^^^^^^^^^^^^^^^^^^^^^^^^^
        directory, path, **_prepare_send_file_kwargs(**kwargs)
        ^^^^^^^^^^^^^^^^^^^^^^^^^^^^^^^^^^^^^^^^^^^^^^^^^^^^^^
    )
    ^
  File "C:\Users\drago\AppData\Local\Programs\Python\Python313\Lib\site-packages\werkzeug\utils.py", line 575, in send_from_directory
    raise NotFound()
werkzeug.exceptions.NotFound: 404 Not Found: The requested URL was not found on the server. If you entered the URL manually please check your spelling and try again.

During handling of the above exception, another exception occurred:

Traceback (most recent call last):
  File "C:\Users\drago\AppData\Local\Programs\Python\Python313\Lib\site-packages\flask\app.py", line 1511, in wsgi_app
    response = self.full_dispatch_request()
  File "C:\Users\drago\AppData\Local\Programs\Python\Python313\Lib\site-packages\flask\app.py", line 919, in full_dispatch_request
    rv = self.handle_user_exception(e)
  File "C:\Users\drago\AppData\Local\Programs\Python\Python313\Lib\site-packages\flask\app.py", line 802, in handle_user_exception
    return self.handle_http_exception(e)
           ~~~~~~~~~~~~~~~~~~~~~~~~~~^^^
  File "C:\Users\drago\AppData\Local\Programs\Python\Python313\Lib\site-packages\flask\app.py", line 777, in handle_http_exception
    return self.ensure_sync(handler)(e)  # type: ignore[no-any-return]
           ~~~~~~~~~~~~~~~~~~~~~~~~~^^^
  File "C:\Users\drago\OneDrive\Pulpit\ALL\newest owl judge\app.py", line 2655, in page_not_found
    return render_template('404.html'), 404
           ~~~~~~~~~~~~~~~^^^^^^^^^^^^
  File "C:\Users\drago\AppData\Local\Programs\Python\Python313\Lib\site-packages\flask\templating.py", line 149, in render_template
    template = app.jinja_env.get_or_select_template(template_name_or_list)
  File "C:\Users\drago\AppData\Local\Programs\Python\Python313\Lib\site-packages\jinja2\environment.py", line 1087, in get_or_select_template
    return self.get_template(template_name_or_list, parent, globals)
           ~~~~~~~~~~~~~~~~~^^^^^^^^^^^^^^^^^^^^^^^^^^^^^^^^^^^^^^^^
  File "C:\Users\drago\AppData\Local\Programs\Python\Python313\Lib\site-packages\jinja2\environment.py", line 1016, in get_template
    return self._load_template(name, globals)
           ~~~~~~~~~~~~~~~~~~~^^^^^^^^^^^^^^^
  File "C:\Users\drago\AppData\Local\Programs\Python\Python313\Lib\site-packages\jinja2\environment.py", line 975, in _load_template
    template = self.loader.load(self, name, self.make_globals(globals))
  File "C:\Users\drago\AppData\Local\Programs\Python\Python313\Lib\site-packages\jinja2\loaders.py", line 138, in load
    code = environment.compile(source, name, filename)
  File "C:\Users\drago\AppData\Local\Programs\Python\Python313\Lib\site-packages\jinja2\environment.py", line 771, in compile
    self.handle_exception(source=source_hint)
    ~~~~~~~~~~~~~~~~~~~~~^^^^^^^^^^^^^^^^^^^^
  File "C:\Users\drago\AppData\Local\Programs\Python\Python313\Lib\site-packages\jinja2\environment.py", line 942, in handle_exception
    raise rewrite_traceback_stack(source=source)
  File "C:\Users\drago\OneDrive\Pulpit\ALL\newest owl judge\templates\404.html", line 45, in template
    {% block title %}Server Error - OwlJudge{% endblock %}
    ^^^^^^^^^^^^^^^^^^^^^^^^^
jinja2.exceptions.TemplateAssertionError: block 'title' defined twice
2025-04-15 15:44:13,446 ERROR: Exception on /static/images/ksu_campus_wide.jpg [GET] [in C:\Users\drago\AppData\Local\Programs\Python\Python313\Lib\site-packages\flask\app.py:875]
Traceback (most recent call last):
  File "C:\Users\drago\AppData\Local\Programs\Python\Python313\Lib\site-packages\flask\app.py", line 917, in full_dispatch_request
    rv = self.dispatch_request()
  File "C:\Users\drago\AppData\Local\Programs\Python\Python313\Lib\site-packages\flask\app.py", line 902, in dispatch_request
    return self.ensure_sync(self.view_functions[rule.endpoint])(**view_args)  # type: ignore[no-any-return]
           ~~~~~~~~~~~~~~~~~~~~~~~~~~~~~~~~~~~~~~~~~~~~~~~~~~~~^^^^^^^^^^^^^
  File "C:\Users\drago\AppData\Local\Programs\Python\Python313\Lib\site-packages\flask\app.py", line 278, in <lambda>
    view_func=lambda **kw: self_ref().send_static_file(**kw),  # type: ignore # noqa: B950
                           ~~~~~~~~~~~~~~~~~~~~~~~~~~~^^^^^^
  File "C:\Users\drago\AppData\Local\Programs\Python\Python313\Lib\site-packages\flask\app.py", line 326, in send_static_file
    return send_from_directory(
        t.cast(str, self.static_folder), filename, max_age=max_age
    )
  File "C:\Users\drago\AppData\Local\Programs\Python\Python313\Lib\site-packages\flask\helpers.py", line 565, in send_from_directory
    return werkzeug.utils.send_from_directory(  # type: ignore[return-value]
           ~~~~~~~~~~~~~~~~~~~~~~~~~~~~~~~~~~^^^^^^^^^^^^^^^^^^^^^^^^^^^^^^^
        directory, path, **_prepare_send_file_kwargs(**kwargs)
        ^^^^^^^^^^^^^^^^^^^^^^^^^^^^^^^^^^^^^^^^^^^^^^^^^^^^^^
    )
    ^
  File "C:\Users\drago\AppData\Local\Programs\Python\Python313\Lib\site-packages\werkzeug\utils.py", line 575, in send_from_directory
    raise NotFound()
werkzeug.exceptions.NotFound: 404 Not Found: The requested URL was not found on the server. If you entered the URL manually please check your spelling and try again.

During handling of the above exception, another exception occurred:

Traceback (most recent call last):
  File "C:\Users\drago\AppData\Local\Programs\Python\Python313\Lib\site-packages\flask\app.py", line 1511, in wsgi_app
    response = self.full_dispatch_request()
  File "C:\Users\drago\AppData\Local\Programs\Python\Python313\Lib\site-packages\flask\app.py", line 919, in full_dispatch_request
    rv = self.handle_user_exception(e)
  File "C:\Users\drago\AppData\Local\Programs\Python\Python313\Lib\site-packages\flask\app.py", line 802, in handle_user_exception
    return self.handle_http_exception(e)
           ~~~~~~~~~~~~~~~~~~~~~~~~~~^^^
  File "C:\Users\drago\AppData\Local\Programs\Python\Python313\Lib\site-packages\flask\app.py", line 777, in handle_http_exception
    return self.ensure_sync(handler)(e)  # type: ignore[no-any-return]
           ~~~~~~~~~~~~~~~~~~~~~~~~~^^^
  File "C:\Users\drago\OneDrive\Pulpit\ALL\newest owl judge\app.py", line 2655, in page_not_found
    return render_template('404.html'), 404
           ~~~~~~~~~~~~~~~^^^^^^^^^^^^
  File "C:\Users\drago\AppData\Local\Programs\Python\Python313\Lib\site-packages\flask\templating.py", line 149, in render_template
    template = app.jinja_env.get_or_select_template(template_name_or_list)
  File "C:\Users\drago\AppData\Local\Programs\Python\Python313\Lib\site-packages\jinja2\environment.py", line 1087, in get_or_select_template
    return self.get_template(template_name_or_list, parent, globals)
           ~~~~~~~~~~~~~~~~~^^^^^^^^^^^^^^^^^^^^^^^^^^^^^^^^^^^^^^^^
  File "C:\Users\drago\AppData\Local\Programs\Python\Python313\Lib\site-packages\jinja2\environment.py", line 1016, in get_template
    return self._load_template(name, globals)
           ~~~~~~~~~~~~~~~~~~~^^^^^^^^^^^^^^^
  File "C:\Users\drago\AppData\Local\Programs\Python\Python313\Lib\site-packages\jinja2\environment.py", line 975, in _load_template
    template = self.loader.load(self, name, self.make_globals(globals))
  File "C:\Users\drago\AppData\Local\Programs\Python\Python313\Lib\site-packages\jinja2\loaders.py", line 138, in load
    code = environment.compile(source, name, filename)
  File "C:\Users\drago\AppData\Local\Programs\Python\Python313\Lib\site-packages\jinja2\environment.py", line 771, in compile
    self.handle_exception(source=source_hint)
    ~~~~~~~~~~~~~~~~~~~~~^^^^^^^^^^^^^^^^^^^^
  File "C:\Users\drago\AppData\Local\Programs\Python\Python313\Lib\site-packages\jinja2\environment.py", line 942, in handle_exception
    raise rewrite_traceback_stack(source=source)
  File "C:\Users\drago\OneDrive\Pulpit\ALL\newest owl judge\templates\404.html", line 45, in template
    {% block title %}Server Error - OwlJudge{% endblock %}
    ^^^^^^^^^^^^^^^^^^^^^^^^^
jinja2.exceptions.TemplateAssertionError: block 'title' defined twice
2025-04-15 15:44:13,447 ERROR: Exception on /static/images/ksu_campus_blur.jpg [GET] [in C:\Users\drago\AppData\Local\Programs\Python\Python313\Lib\site-packages\flask\app.py:875]
Traceback (most recent call last):
  File "C:\Users\drago\AppData\Local\Programs\Python\Python313\Lib\site-packages\flask\app.py", line 917, in full_dispatch_request
    rv = self.dispatch_request()
  File "C:\Users\drago\AppData\Local\Programs\Python\Python313\Lib\site-packages\flask\app.py", line 902, in dispatch_request
    return self.ensure_sync(self.view_functions[rule.endpoint])(**view_args)  # type: ignore[no-any-return]
           ~~~~~~~~~~~~~~~~~~~~~~~~~~~~~~~~~~~~~~~~~~~~~~~~~~~~^^^^^^^^^^^^^
  File "C:\Users\drago\AppData\Local\Programs\Python\Python313\Lib\site-packages\flask\app.py", line 278, in <lambda>
    view_func=lambda **kw: self_ref().send_static_file(**kw),  # type: ignore # noqa: B950
                           ~~~~~~~~~~~~~~~~~~~~~~~~~~~^^^^^^
  File "C:\Users\drago\AppData\Local\Programs\Python\Python313\Lib\site-packages\flask\app.py", line 326, in send_static_file
    return send_from_directory(
        t.cast(str, self.static_folder), filename, max_age=max_age
    )
  File "C:\Users\drago\AppData\Local\Programs\Python\Python313\Lib\site-packages\flask\helpers.py", line 565, in send_from_directory
    return werkzeug.utils.send_from_directory(  # type: ignore[return-value]
           ~~~~~~~~~~~~~~~~~~~~~~~~~~~~~~~~~~^^^^^^^^^^^^^^^^^^^^^^^^^^^^^^^
        directory, path, **_prepare_send_file_kwargs(**kwargs)
        ^^^^^^^^^^^^^^^^^^^^^^^^^^^^^^^^^^^^^^^^^^^^^^^^^^^^^^
    )
    ^
  File "C:\Users\drago\AppData\Local\Programs\Python\Python313\Lib\site-packages\werkzeug\utils.py", line 575, in send_from_directory
    raise NotFound()
werkzeug.exceptions.NotFound: 404 Not Found: The requested URL was not found on the server. If you entered the URL manually please check your spelling and try again.

During handling of the above exception, another exception occurred:

Traceback (most recent call last):
  File "C:\Users\drago\AppData\Local\Programs\Python\Python313\Lib\site-packages\flask\app.py", line 1511, in wsgi_app
    response = self.full_dispatch_request()
  File "C:\Users\drago\AppData\Local\Programs\Python\Python313\Lib\site-packages\flask\app.py", line 919, in full_dispatch_request
    rv = self.handle_user_exception(e)
  File "C:\Users\drago\AppData\Local\Programs\Python\Python313\Lib\site-packages\flask\app.py", line 802, in handle_user_exception
    return self.handle_http_exception(e)
           ~~~~~~~~~~~~~~~~~~~~~~~~~~^^^
  File "C:\Users\drago\AppData\Local\Programs\Python\Python313\Lib\site-packages\flask\app.py", line 777, in handle_http_exception
    return self.ensure_sync(handler)(e)  # type: ignore[no-any-return]
           ~~~~~~~~~~~~~~~~~~~~~~~~~^^^
  File "C:\Users\drago\OneDrive\Pulpit\ALL\newest owl judge\app.py", line 2655, in page_not_found
    return render_template('404.html'), 404
           ~~~~~~~~~~~~~~~^^^^^^^^^^^^
  File "C:\Users\drago\AppData\Local\Programs\Python\Python313\Lib\site-packages\flask\templating.py", line 149, in render_template
    template = app.jinja_env.get_or_select_template(template_name_or_list)
  File "C:\Users\drago\AppData\Local\Programs\Python\Python313\Lib\site-packages\jinja2\environment.py", line 1087, in get_or_select_template
    return self.get_template(template_name_or_list, parent, globals)
           ~~~~~~~~~~~~~~~~~^^^^^^^^^^^^^^^^^^^^^^^^^^^^^^^^^^^^^^^^
  File "C:\Users\drago\AppData\Local\Programs\Python\Python313\Lib\site-packages\jinja2\environment.py", line 1016, in get_template
    return self._load_template(name, globals)
           ~~~~~~~~~~~~~~~~~~~^^^^^^^^^^^^^^^
  File "C:\Users\drago\AppData\Local\Programs\Python\Python313\Lib\site-packages\jinja2\environment.py", line 975, in _load_template
    template = self.loader.load(self, name, self.make_globals(globals))
  File "C:\Users\drago\AppData\Local\Programs\Python\Python313\Lib\site-packages\jinja2\loaders.py", line 138, in load
    code = environment.compile(source, name, filename)
  File "C:\Users\drago\AppData\Local\Programs\Python\Python313\Lib\site-packages\jinja2\environment.py", line 771, in compile
    self.handle_exception(source=source_hint)
    ~~~~~~~~~~~~~~~~~~~~~^^^^^^^^^^^^^^^^^^^^
  File "C:\Users\drago\AppData\Local\Programs\Python\Python313\Lib\site-packages\jinja2\environment.py", line 942, in handle_exception
    raise rewrite_traceback_stack(source=source)
  File "C:\Users\drago\OneDrive\Pulpit\ALL\newest owl judge\templates\404.html", line 45, in template
    {% block title %}Server Error - OwlJudge{% endblock %}
    ^^^^^^^^^^^^^^^^^^^^^^^^^
jinja2.exceptions.TemplateAssertionError: block 'title' defined twice
2025-04-15 15:44:13,459 INFO: 404 Not Found: Path='/favicon.ico', Method='GET', Referrer='http://127.0.0.1:5000/' [Unauthenticated User] [in C:\Users\drago\OneDrive\Pulpit\ALL\newest owl judge\app.py:2650]
2025-04-15 15:44:13,460 ERROR: Exception on /favicon.ico [GET] [in C:\Users\drago\AppData\Local\Programs\Python\Python313\Lib\site-packages\flask\app.py:875]
Traceback (most recent call last):
  File "C:\Users\drago\AppData\Local\Programs\Python\Python313\Lib\site-packages\flask\app.py", line 917, in full_dispatch_request
    rv = self.dispatch_request()
  File "C:\Users\drago\AppData\Local\Programs\Python\Python313\Lib\site-packages\flask\app.py", line 902, in dispatch_request
    return self.ensure_sync(self.view_functions[rule.endpoint])(**view_args)  # type: ignore[no-any-return]
           ~~~~~~~~~~~~~~~~~~~~~~~~~~~~~~~~~~~~~~~~~~~~~~~~~~~~^^^^^^^^^^^^^
  File "C:\Users\drago\OneDrive\Pulpit\ALL\newest owl judge\app.py", line 435, in favicon
    return send_from_directory(
        os.path.join(app.root_path, 'static', 'img'), # Assuming favicon is in static/img
    ...<2 lines>...
        max_age=2592000 # Cache for 30 days (adjust as needed)
    )
  File "C:\Users\drago\AppData\Local\Programs\Python\Python313\Lib\site-packages\flask\helpers.py", line 565, in send_from_directory
    return werkzeug.utils.send_from_directory(  # type: ignore[return-value]
           ~~~~~~~~~~~~~~~~~~~~~~~~~~~~~~~~~~^^^^^^^^^^^^^^^^^^^^^^^^^^^^^^^
        directory, path, **_prepare_send_file_kwargs(**kwargs)
        ^^^^^^^^^^^^^^^^^^^^^^^^^^^^^^^^^^^^^^^^^^^^^^^^^^^^^^
    )
    ^
  File "C:\Users\drago\AppData\Local\Programs\Python\Python313\Lib\site-packages\werkzeug\utils.py", line 575, in send_from_directory
    raise NotFound()
werkzeug.exceptions.NotFound: 404 Not Found: The requested URL was not found on the server. If you entered the URL manually please check your spelling and try again.

During handling of the above exception, another exception occurred:

Traceback (most recent call last):
  File "C:\Users\drago\AppData\Local\Programs\Python\Python313\Lib\site-packages\flask\app.py", line 1511, in wsgi_app
    response = self.full_dispatch_request()
  File "C:\Users\drago\AppData\Local\Programs\Python\Python313\Lib\site-packages\flask\app.py", line 919, in full_dispatch_request
    rv = self.handle_user_exception(e)
  File "C:\Users\drago\AppData\Local\Programs\Python\Python313\Lib\site-packages\flask\app.py", line 802, in handle_user_exception
    return self.handle_http_exception(e)
           ~~~~~~~~~~~~~~~~~~~~~~~~~~^^^
  File "C:\Users\drago\AppData\Local\Programs\Python\Python313\Lib\site-packages\flask\app.py", line 777, in handle_http_exception
    return self.ensure_sync(handler)(e)  # type: ignore[no-any-return]
           ~~~~~~~~~~~~~~~~~~~~~~~~~^^^
  File "C:\Users\drago\OneDrive\Pulpit\ALL\newest owl judge\app.py", line 2655, in page_not_found
    return render_template('404.html'), 404
           ~~~~~~~~~~~~~~~^^^^^^^^^^^^
  File "C:\Users\drago\AppData\Local\Programs\Python\Python313\Lib\site-packages\flask\templating.py", line 149, in render_template
    template = app.jinja_env.get_or_select_template(template_name_or_list)
  File "C:\Users\drago\AppData\Local\Programs\Python\Python313\Lib\site-packages\jinja2\environment.py", line 1087, in get_or_select_template
    return self.get_template(template_name_or_list, parent, globals)
           ~~~~~~~~~~~~~~~~~^^^^^^^^^^^^^^^^^^^^^^^^^^^^^^^^^^^^^^^^
  File "C:\Users\drago\AppData\Local\Programs\Python\Python313\Lib\site-packages\jinja2\environment.py", line 1016, in get_template
    return self._load_template(name, globals)
           ~~~~~~~~~~~~~~~~~~~^^^^^^^^^^^^^^^
  File "C:\Users\drago\AppData\Local\Programs\Python\Python313\Lib\site-packages\jinja2\environment.py", line 975, in _load_template
    template = self.loader.load(self, name, self.make_globals(globals))
  File "C:\Users\drago\AppData\Local\Programs\Python\Python313\Lib\site-packages\jinja2\loaders.py", line 138, in load
    code = environment.compile(source, name, filename)
  File "C:\Users\drago\AppData\Local\Programs\Python\Python313\Lib\site-packages\jinja2\environment.py", line 771, in compile
    self.handle_exception(source=source_hint)
    ~~~~~~~~~~~~~~~~~~~~~^^^^^^^^^^^^^^^^^^^^
  File "C:\Users\drago\AppData\Local\Programs\Python\Python313\Lib\site-packages\jinja2\environment.py", line 942, in handle_exception
    raise rewrite_traceback_stack(source=source)
  File "C:\Users\drago\OneDrive\Pulpit\ALL\newest owl judge\templates\404.html", line 45, in template
    {% block title %}Server Error - OwlJudge{% endblock %}
    ^^^^^^^^^^^^^^^^^^^^^^^^^
jinja2.exceptions.TemplateAssertionError: block 'title' defined twice
2025-04-15 15:44:14,424 INFO: 404 Not Found: Path='/favicon.ico', Method='GET', Referrer='http://127.0.0.1:5000/login' [Unauthenticated User] [in C:\Users\drago\OneDrive\Pulpit\ALL\newest owl judge\app.py:2650]
2025-04-15 15:44:14,425 ERROR: Exception on /favicon.ico [GET] [in C:\Users\drago\AppData\Local\Programs\Python\Python313\Lib\site-packages\flask\app.py:875]
Traceback (most recent call last):
  File "C:\Users\drago\AppData\Local\Programs\Python\Python313\Lib\site-packages\flask\app.py", line 917, in full_dispatch_request
    rv = self.dispatch_request()
  File "C:\Users\drago\AppData\Local\Programs\Python\Python313\Lib\site-packages\flask\app.py", line 902, in dispatch_request
    return self.ensure_sync(self.view_functions[rule.endpoint])(**view_args)  # type: ignore[no-any-return]
           ~~~~~~~~~~~~~~~~~~~~~~~~~~~~~~~~~~~~~~~~~~~~~~~~~~~~^^^^^^^^^^^^^
  File "C:\Users\drago\OneDrive\Pulpit\ALL\newest owl judge\app.py", line 435, in favicon
    return send_from_directory(
        os.path.join(app.root_path, 'static', 'img'), # Assuming favicon is in static/img
    ...<2 lines>...
        max_age=2592000 # Cache for 30 days (adjust as needed)
    )
  File "C:\Users\drago\AppData\Local\Programs\Python\Python313\Lib\site-packages\flask\helpers.py", line 565, in send_from_directory
    return werkzeug.utils.send_from_directory(  # type: ignore[return-value]
           ~~~~~~~~~~~~~~~~~~~~~~~~~~~~~~~~~~^^^^^^^^^^^^^^^^^^^^^^^^^^^^^^^
        directory, path, **_prepare_send_file_kwargs(**kwargs)
        ^^^^^^^^^^^^^^^^^^^^^^^^^^^^^^^^^^^^^^^^^^^^^^^^^^^^^^
    )
    ^
  File "C:\Users\drago\AppData\Local\Programs\Python\Python313\Lib\site-packages\werkzeug\utils.py", line 575, in send_from_directory
    raise NotFound()
werkzeug.exceptions.NotFound: 404 Not Found: The requested URL was not found on the server. If you entered the URL manually please check your spelling and try again.

During handling of the above exception, another exception occurred:

Traceback (most recent call last):
  File "C:\Users\drago\AppData\Local\Programs\Python\Python313\Lib\site-packages\flask\app.py", line 1511, in wsgi_app
    response = self.full_dispatch_request()
  File "C:\Users\drago\AppData\Local\Programs\Python\Python313\Lib\site-packages\flask\app.py", line 919, in full_dispatch_request
    rv = self.handle_user_exception(e)
  File "C:\Users\drago\AppData\Local\Programs\Python\Python313\Lib\site-packages\flask\app.py", line 802, in handle_user_exception
    return self.handle_http_exception(e)
           ~~~~~~~~~~~~~~~~~~~~~~~~~~^^^
  File "C:\Users\drago\AppData\Local\Programs\Python\Python313\Lib\site-packages\flask\app.py", line 777, in handle_http_exception
    return self.ensure_sync(handler)(e)  # type: ignore[no-any-return]
           ~~~~~~~~~~~~~~~~~~~~~~~~~^^^
  File "C:\Users\drago\OneDrive\Pulpit\ALL\newest owl judge\app.py", line 2655, in page_not_found
    return render_template('404.html'), 404
           ~~~~~~~~~~~~~~~^^^^^^^^^^^^
  File "C:\Users\drago\AppData\Local\Programs\Python\Python313\Lib\site-packages\flask\templating.py", line 149, in render_template
    template = app.jinja_env.get_or_select_template(template_name_or_list)
  File "C:\Users\drago\AppData\Local\Programs\Python\Python313\Lib\site-packages\jinja2\environment.py", line 1087, in get_or_select_template
    return self.get_template(template_name_or_list, parent, globals)
           ~~~~~~~~~~~~~~~~~^^^^^^^^^^^^^^^^^^^^^^^^^^^^^^^^^^^^^^^^
  File "C:\Users\drago\AppData\Local\Programs\Python\Python313\Lib\site-packages\jinja2\environment.py", line 1016, in get_template
    return self._load_template(name, globals)
           ~~~~~~~~~~~~~~~~~~~^^^^^^^^^^^^^^^
  File "C:\Users\drago\AppData\Local\Programs\Python\Python313\Lib\site-packages\jinja2\environment.py", line 975, in _load_template
    template = self.loader.load(self, name, self.make_globals(globals))
  File "C:\Users\drago\AppData\Local\Programs\Python\Python313\Lib\site-packages\jinja2\loaders.py", line 138, in load
    code = environment.compile(source, name, filename)
  File "C:\Users\drago\AppData\Local\Programs\Python\Python313\Lib\site-packages\jinja2\environment.py", line 771, in compile
    self.handle_exception(source=source_hint)
    ~~~~~~~~~~~~~~~~~~~~~^^^^^^^^^^^^^^^^^^^^
  File "C:\Users\drago\AppData\Local\Programs\Python\Python313\Lib\site-packages\jinja2\environment.py", line 942, in handle_exception
    raise rewrite_traceback_stack(source=source)
  File "C:\Users\drago\OneDrive\Pulpit\ALL\newest owl judge\templates\404.html", line 45, in template
    {% block title %}Server Error - OwlJudge{% endblock %}
    ^^^^^^^^^^^^^^^^^^^^^^^^^
jinja2.exceptions.TemplateAssertionError: block 'title' defined twice
2025-04-15 15:44:16,552 ERROR: Database error during login attempt for email 'mrzerdpka@students.kennesaw.edu': (sqlite3.OperationalError) no such column: users.created_at
[SQL: SELECT users.id AS users_id, users.email AS users_email, users.password AS users_password, users.name AS users_name, users.role AS users_role, users.created_at AS users_created_at, users.updated_at AS users_updated_at, users.judge_request_pending AS users_judge_request_pending, users.reset_token AS users_reset_token, users.reset_token_expiration AS users_reset_token_expiration 
FROM users 
WHERE lower(users.email) LIKE lower(?)
 LIMIT ? OFFSET ?]
[parameters: ('mrzerdpka@students.kennesaw.edu', 1, 0)]
(Background on this error at: https://sqlalche.me/e/20/e3q8) [in C:\Users\drago\OneDrive\Pulpit\ALL\newest owl judge\app.py:713]
Traceback (most recent call last):
  File "C:\Users\drago\AppData\Local\Programs\Python\Python313\Lib\site-packages\sqlalchemy\engine\base.py", line 1964, in _exec_single_context
    self.dialect.do_execute(
    ~~~~~~~~~~~~~~~~~~~~~~~^
        cursor, str_statement, effective_parameters, context
        ^^^^^^^^^^^^^^^^^^^^^^^^^^^^^^^^^^^^^^^^^^^^^^^^^^^^
    )
    ^
  File "C:\Users\drago\AppData\Local\Programs\Python\Python313\Lib\site-packages\sqlalchemy\engine\default.py", line 942, in do_execute
    cursor.execute(statement, parameters)
    ~~~~~~~~~~~~~~^^^^^^^^^^^^^^^^^^^^^^^
sqlite3.OperationalError: no such column: users.created_at

The above exception was the direct cause of the following exception:

Traceback (most recent call last):
  File "C:\Users\drago\OneDrive\Pulpit\ALL\newest owl judge\app.py", line 673, in login
    user = User.query.filter(User.email.ilike(email)).first()
  File "C:\Users\drago\AppData\Local\Programs\Python\Python313\Lib\site-packages\sqlalchemy\orm\query.py", line 2759, in first
    return self.limit(1)._iter().first()  # type: ignore
           ~~~~~~~~~~~~~~~~~~~^^
  File "C:\Users\drago\AppData\Local\Programs\Python\Python313\Lib\site-packages\sqlalchemy\orm\query.py", line 2858, in _iter
    result: Union[ScalarResult[_T], Result[_T]] = self.session.execute(
                                                  ~~~~~~~~~~~~~~~~~~~~^
        statement,
        ^^^^^^^^^^
        params,
        ^^^^^^^
        execution_options={"_sa_orm_load_options": self.load_options},
        ^^^^^^^^^^^^^^^^^^^^^^^^^^^^^^^^^^^^^^^^^^^^^^^^^^^^^^^^^^^^^^
    )
    ^
  File "C:\Users\drago\AppData\Local\Programs\Python\Python313\Lib\site-packages\sqlalchemy\orm\session.py", line 2365, in execute
    return self._execute_internal(
           ~~~~~~~~~~~~~~~~~~~~~~^
        statement,
        ^^^^^^^^^^
    ...<4 lines>...
        _add_event=_add_event,
        ^^^^^^^^^^^^^^^^^^^^^^
    )
    ^
  File "C:\Users\drago\AppData\Local\Programs\Python\Python313\Lib\site-packages\sqlalchemy\orm\session.py", line 2251, in _execute_internal
    result: Result[Any] = compile_state_cls.orm_execute_statement(
                          ~~~~~~~~~~~~~~~~~~~~~~~~~~~~~~~~~~~~~~~^
        self,
        ^^^^^
    ...<4 lines>...
        conn,
        ^^^^^
    )
    ^
  File "C:\Users\drago\AppData\Local\Programs\Python\Python313\Lib\site-packages\sqlalchemy\orm\context.py", line 306, in orm_execute_statement
    result = conn.execute(
        statement, params or {}, execution_options=execution_options
    )
  File "C:\Users\drago\AppData\Local\Programs\Python\Python313\Lib\site-packages\sqlalchemy\engine\base.py", line 1416, in execute
    return meth(
        self,
        distilled_parameters,
        execution_options or NO_OPTIONS,
    )
  File "C:\Users\drago\AppData\Local\Programs\Python\Python313\Lib\site-packages\sqlalchemy\sql\elements.py", line 523, in _execute_on_connection
    return connection._execute_clauseelement(
           ~~~~~~~~~~~~~~~~~~~~~~~~~~~~~~~~~^
        self, distilled_params, execution_options
        ^^^^^^^^^^^^^^^^^^^^^^^^^^^^^^^^^^^^^^^^^
    )
    ^
  File "C:\Users\drago\AppData\Local\Programs\Python\Python313\Lib\site-packages\sqlalchemy\engine\base.py", line 1638, in _execute_clauseelement
    ret = self._execute_context(
        dialect,
    ...<8 lines>...
        cache_hit=cache_hit,
    )
  File "C:\Users\drago\AppData\Local\Programs\Python\Python313\Lib\site-packages\sqlalchemy\engine\base.py", line 1843, in _execute_context
    return self._exec_single_context(
           ~~~~~~~~~~~~~~~~~~~~~~~~~^
        dialect, context, statement, parameters
        ^^^^^^^^^^^^^^^^^^^^^^^^^^^^^^^^^^^^^^^
    )
    ^
  File "C:\Users\drago\AppData\Local\Programs\Python\Python313\Lib\site-packages\sqlalchemy\engine\base.py", line 1983, in _exec_single_context
    self._handle_dbapi_exception(
    ~~~~~~~~~~~~~~~~~~~~~~~~~~~~^
        e, str_statement, effective_parameters, cursor, context
        ^^^^^^^^^^^^^^^^^^^^^^^^^^^^^^^^^^^^^^^^^^^^^^^^^^^^^^^
    )
    ^
  File "C:\Users\drago\AppData\Local\Programs\Python\Python313\Lib\site-packages\sqlalchemy\engine\base.py", line 2352, in _handle_dbapi_exception
    raise sqlalchemy_exception.with_traceback(exc_info[2]) from e
  File "C:\Users\drago\AppData\Local\Programs\Python\Python313\Lib\site-packages\sqlalchemy\engine\base.py", line 1964, in _exec_single_context
    self.dialect.do_execute(
    ~~~~~~~~~~~~~~~~~~~~~~~^
        cursor, str_statement, effective_parameters, context
        ^^^^^^^^^^^^^^^^^^^^^^^^^^^^^^^^^^^^^^^^^^^^^^^^^^^^
    )
    ^
  File "C:\Users\drago\AppData\Local\Programs\Python\Python313\Lib\site-packages\sqlalchemy\engine\default.py", line 942, in do_execute
    cursor.execute(statement, parameters)
    ~~~~~~~~~~~~~~^^^^^^^^^^^^^^^^^^^^^^^
sqlalchemy.exc.OperationalError: (sqlite3.OperationalError) no such column: users.created_at
[SQL: SELECT users.id AS users_id, users.email AS users_email, users.password AS users_password, users.name AS users_name, users.role AS users_role, users.created_at AS users_created_at, users.updated_at AS users_updated_at, users.judge_request_pending AS users_judge_request_pending, users.reset_token AS users_reset_token, users.reset_token_expiration AS users_reset_token_expiration 
FROM users 
WHERE lower(users.email) LIKE lower(?)
 LIMIT ? OFFSET ?]
[parameters: ('mrzerdpka@students.kennesaw.edu', 1, 0)]
(Background on this error at: https://sqlalche.me/e/20/e3q8)
2025-04-15 15:44:32,906 INFO: 404 Not Found: Path='/favicon.ico', Method='GET', Referrer='http://127.0.0.1:5000/login' [Unauthenticated User] [in C:\Users\drago\OneDrive\Pulpit\ALL\newest owl judge\app.py:2650]
2025-04-15 15:44:32,907 ERROR: Exception on /favicon.ico [GET] [in C:\Users\drago\AppData\Local\Programs\Python\Python313\Lib\site-packages\flask\app.py:875]
Traceback (most recent call last):
  File "C:\Users\drago\AppData\Local\Programs\Python\Python313\Lib\site-packages\flask\app.py", line 917, in full_dispatch_request
    rv = self.dispatch_request()
  File "C:\Users\drago\AppData\Local\Programs\Python\Python313\Lib\site-packages\flask\app.py", line 902, in dispatch_request
    return self.ensure_sync(self.view_functions[rule.endpoint])(**view_args)  # type: ignore[no-any-return]
           ~~~~~~~~~~~~~~~~~~~~~~~~~~~~~~~~~~~~~~~~~~~~~~~~~~~~^^^^^^^^^^^^^
  File "C:\Users\drago\OneDrive\Pulpit\ALL\newest owl judge\app.py", line 435, in favicon
    new_user = User(email=email, name=name, role='user')
    ...<4 lines>...
    
  File "C:\Users\drago\AppData\Local\Programs\Python\Python313\Lib\site-packages\flask\helpers.py", line 565, in send_from_directory
    return werkzeug.utils.send_from_directory(  # type: ignore[return-value]
           ~~~~~~~~~~~~~~~~~~~~~~~~~~~~~~~~~~^^^^^^^^^^^^^^^^^^^^^^^^^^^^^^^
        directory, path, **_prepare_send_file_kwargs(**kwargs)
        ^^^^^^^^^^^^^^^^^^^^^^^^^^^^^^^^^^^^^^^^^^^^^^^^^^^^^^
    )
    ^
  File "C:\Users\drago\AppData\Local\Programs\Python\Python313\Lib\site-packages\werkzeug\utils.py", line 575, in send_from_directory
    raise NotFound()
werkzeug.exceptions.NotFound: 404 Not Found: The requested URL was not found on the server. If you entered the URL manually please check your spelling and try again.

During handling of the above exception, another exception occurred:

Traceback (most recent call last):
  File "C:\Users\drago\AppData\Local\Programs\Python\Python313\Lib\site-packages\flask\app.py", line 1511, in wsgi_app
    response = self.full_dispatch_request()
  File "C:\Users\drago\AppData\Local\Programs\Python\Python313\Lib\site-packages\flask\app.py", line 919, in full_dispatch_request
    rv = self.handle_user_exception(e)
  File "C:\Users\drago\AppData\Local\Programs\Python\Python313\Lib\site-packages\flask\app.py", line 802, in handle_user_exception
    return self.handle_http_exception(e)
           ~~~~~~~~~~~~~~~~~~~~~~~~~~^^^
  File "C:\Users\drago\AppData\Local\Programs\Python\Python313\Lib\site-packages\flask\app.py", line 777, in handle_http_exception
    return self.ensure_sync(handler)(e)  # type: ignore[no-any-return]
           ~~~~~~~~~~~~~~~~~~~~~~~~~^^^
  File "C:\Users\drago\OneDrive\Pulpit\ALL\newest owl judge\app.py", line 2655, in page_not_found
  File "C:\Users\drago\AppData\Local\Programs\Python\Python313\Lib\site-packages\flask\templating.py", line 149, in render_template
    template = app.jinja_env.get_or_select_template(template_name_or_list)
  File "C:\Users\drago\AppData\Local\Programs\Python\Python313\Lib\site-packages\jinja2\environment.py", line 1087, in get_or_select_template
    return self.get_template(template_name_or_list, parent, globals)
           ~~~~~~~~~~~~~~~~~^^^^^^^^^^^^^^^^^^^^^^^^^^^^^^^^^^^^^^^^
  File "C:\Users\drago\AppData\Local\Programs\Python\Python313\Lib\site-packages\jinja2\environment.py", line 1016, in get_template
    return self._load_template(name, globals)
           ~~~~~~~~~~~~~~~~~~~^^^^^^^^^^^^^^^
  File "C:\Users\drago\AppData\Local\Programs\Python\Python313\Lib\site-packages\jinja2\environment.py", line 975, in _load_template
    template = self.loader.load(self, name, self.make_globals(globals))
  File "C:\Users\drago\AppData\Local\Programs\Python\Python313\Lib\site-packages\jinja2\loaders.py", line 138, in load
    code = environment.compile(source, name, filename)
  File "C:\Users\drago\AppData\Local\Programs\Python\Python313\Lib\site-packages\jinja2\environment.py", line 771, in compile
    self.handle_exception(source=source_hint)
    ~~~~~~~~~~~~~~~~~~~~~^^^^^^^^^^^^^^^^^^^^
  File "C:\Users\drago\AppData\Local\Programs\Python\Python313\Lib\site-packages\jinja2\environment.py", line 942, in handle_exception
    raise rewrite_traceback_stack(source=source)
  File "C:\Users\drago\OneDrive\Pulpit\ALL\newest owl judge\templates\404.html", line 45, in template
    {% block title %}Server Error - OwlJudge{% endblock %}
    ^^^^^^^^^^^^^^^^^^^^^^^^^
jinja2.exceptions.TemplateAssertionError: block 'title' defined twice
2025-04-15 15:44:40,987 INFO: 404 Not Found: Path='/favicon.ico', Method='GET', Referrer='http://127.0.0.1:5000/audience' [Unauthenticated User] [in C:\Users\drago\OneDrive\Pulpit\ALL\newest owl judge\app.py:2650]
2025-04-15 15:44:40,988 ERROR: Exception on /favicon.ico [GET] [in C:\Users\drago\AppData\Local\Programs\Python\Python313\Lib\site-packages\flask\app.py:875]
Traceback (most recent call last):
  File "C:\Users\drago\AppData\Local\Programs\Python\Python313\Lib\site-packages\flask\app.py", line 917, in full_dispatch_request
    rv = self.dispatch_request()
  File "C:\Users\drago\AppData\Local\Programs\Python\Python313\Lib\site-packages\flask\app.py", line 902, in dispatch_request
    return self.ensure_sync(self.view_functions[rule.endpoint])(**view_args)  # type: ignore[no-any-return]
           ~~~~~~~~~~~~~~~~~~~~~~~~~~~~~~~~~~~~~~~~~~~~~~~~~~~~^^^^^^^^^^^^^
  File "C:\Users\drago\OneDrive\Pulpit\ALL\newest owl judge\app.py", line 435, in favicon
    new_user = User(email=email, name=name, role='user')
    ...<4 lines>...
    
  File "C:\Users\drago\AppData\Local\Programs\Python\Python313\Lib\site-packages\flask\helpers.py", line 565, in send_from_directory
    return werkzeug.utils.send_from_directory(  # type: ignore[return-value]
           ~~~~~~~~~~~~~~~~~~~~~~~~~~~~~~~~~~^^^^^^^^^^^^^^^^^^^^^^^^^^^^^^^
        directory, path, **_prepare_send_file_kwargs(**kwargs)
        ^^^^^^^^^^^^^^^^^^^^^^^^^^^^^^^^^^^^^^^^^^^^^^^^^^^^^^
    )
    ^
  File "C:\Users\drago\AppData\Local\Programs\Python\Python313\Lib\site-packages\werkzeug\utils.py", line 575, in send_from_directory
    raise NotFound()
werkzeug.exceptions.NotFound: 404 Not Found: The requested URL was not found on the server. If you entered the URL manually please check your spelling and try again.

During handling of the above exception, another exception occurred:

Traceback (most recent call last):
  File "C:\Users\drago\AppData\Local\Programs\Python\Python313\Lib\site-packages\flask\app.py", line 1511, in wsgi_app
    response = self.full_dispatch_request()
  File "C:\Users\drago\AppData\Local\Programs\Python\Python313\Lib\site-packages\flask\app.py", line 919, in full_dispatch_request
    rv = self.handle_user_exception(e)
  File "C:\Users\drago\AppData\Local\Programs\Python\Python313\Lib\site-packages\flask\app.py", line 802, in handle_user_exception
    return self.handle_http_exception(e)
           ~~~~~~~~~~~~~~~~~~~~~~~~~~^^^
  File "C:\Users\drago\AppData\Local\Programs\Python\Python313\Lib\site-packages\flask\app.py", line 777, in handle_http_exception
    return self.ensure_sync(handler)(e)  # type: ignore[no-any-return]
           ~~~~~~~~~~~~~~~~~~~~~~~~~^^^
  File "C:\Users\drago\OneDrive\Pulpit\ALL\newest owl judge\app.py", line 2655, in page_not_found
  File "C:\Users\drago\AppData\Local\Programs\Python\Python313\Lib\site-packages\flask\templating.py", line 149, in render_template
    template = app.jinja_env.get_or_select_template(template_name_or_list)
  File "C:\Users\drago\AppData\Local\Programs\Python\Python313\Lib\site-packages\jinja2\environment.py", line 1087, in get_or_select_template
    return self.get_template(template_name_or_list, parent, globals)
           ~~~~~~~~~~~~~~~~~^^^^^^^^^^^^^^^^^^^^^^^^^^^^^^^^^^^^^^^^
  File "C:\Users\drago\AppData\Local\Programs\Python\Python313\Lib\site-packages\jinja2\environment.py", line 1016, in get_template
    return self._load_template(name, globals)
           ~~~~~~~~~~~~~~~~~~~^^^^^^^^^^^^^^^
  File "C:\Users\drago\AppData\Local\Programs\Python\Python313\Lib\site-packages\jinja2\environment.py", line 975, in _load_template
    template = self.loader.load(self, name, self.make_globals(globals))
  File "C:\Users\drago\AppData\Local\Programs\Python\Python313\Lib\site-packages\jinja2\loaders.py", line 138, in load
    code = environment.compile(source, name, filename)
  File "C:\Users\drago\AppData\Local\Programs\Python\Python313\Lib\site-packages\jinja2\environment.py", line 771, in compile
    self.handle_exception(source=source_hint)
    ~~~~~~~~~~~~~~~~~~~~~^^^^^^^^^^^^^^^^^^^^
  File "C:\Users\drago\AppData\Local\Programs\Python\Python313\Lib\site-packages\jinja2\environment.py", line 942, in handle_exception
    raise rewrite_traceback_stack(source=source)
  File "C:\Users\drago\OneDrive\Pulpit\ALL\newest owl judge\templates\404.html", line 45, in template
    {% block title %}Server Error - OwlJudge{% endblock %}
    ^^^^^^^^^^^^^^^^^^^^^^^^^
jinja2.exceptions.TemplateAssertionError: block 'title' defined twice
2025-04-15 15:44:44,185 ERROR: Error fetching recent projects for index page: (sqlite3.OperationalError) no such column: projects.created_at
[SQL: SELECT projects.project_id AS projects_project_id, projects.project_name AS projects_project_name, projects.group_id AS projects_group_id, projects.description AS projects_description, projects.created_at AS projects_created_at, projects.updated_at AS projects_updated_at 
FROM projects ORDER BY projects.created_at DESC
 LIMIT ? OFFSET ?]
[parameters: (5, 0)]
(Background on this error at: https://sqlalche.me/e/20/e3q8) [in C:\Users\drago\OneDrive\Pulpit\ALL\newest owl judge\app.py:450]
Traceback (most recent call last):
  File "C:\Users\drago\AppData\Local\Programs\Python\Python313\Lib\site-packages\sqlalchemy\engine\base.py", line 1964, in _exec_single_context
    self.dialect.do_execute(
    ~~~~~~~~~~~~~~~~~~~~~~~^
        cursor, str_statement, effective_parameters, context
        ^^^^^^^^^^^^^^^^^^^^^^^^^^^^^^^^^^^^^^^^^^^^^^^^^^^^
    )
    ^
  File "C:\Users\drago\AppData\Local\Programs\Python\Python313\Lib\site-packages\sqlalchemy\engine\default.py", line 942, in do_execute
    cursor.execute(statement, parameters)
    ~~~~~~~~~~~~~~^^^^^^^^^^^^^^^^^^^^^^^
sqlite3.OperationalError: no such column: projects.created_at

The above exception was the direct cause of the following exception:

Traceback (most recent call last):
  File "C:\Users\drago\OneDrive\Pulpit\ALL\newest owl judge\app.py", line 448, in index
    db.session.rollback()
                  ~~~~~^^
  File "C:\Users\drago\AppData\Local\Programs\Python\Python313\Lib\site-packages\sqlalchemy\orm\query.py", line 2704, in all
    return self._iter().all()  # type: ignore
           ~~~~~~~~~~^^
  File "C:\Users\drago\AppData\Local\Programs\Python\Python313\Lib\site-packages\sqlalchemy\orm\query.py", line 2858, in _iter
    result: Union[ScalarResult[_T], Result[_T]] = self.session.execute(
                                                  ~~~~~~~~~~~~~~~~~~~~^
        statement,
        ^^^^^^^^^^
        params,
        ^^^^^^^
        execution_options={"_sa_orm_load_options": self.load_options},
        ^^^^^^^^^^^^^^^^^^^^^^^^^^^^^^^^^^^^^^^^^^^^^^^^^^^^^^^^^^^^^^
    )
    ^
  File "C:\Users\drago\AppData\Local\Programs\Python\Python313\Lib\site-packages\sqlalchemy\orm\session.py", line 2365, in execute
    return self._execute_internal(
           ~~~~~~~~~~~~~~~~~~~~~~^
        statement,
        ^^^^^^^^^^
    ...<4 lines>...
        _add_event=_add_event,
        ^^^^^^^^^^^^^^^^^^^^^^
    )
    ^
  File "C:\Users\drago\AppData\Local\Programs\Python\Python313\Lib\site-packages\sqlalchemy\orm\session.py", line 2251, in _execute_internal
    result: Result[Any] = compile_state_cls.orm_execute_statement(
                          ~~~~~~~~~~~~~~~~~~~~~~~~~~~~~~~~~~~~~~~^
        self,
        ^^^^^
    ...<4 lines>...
        conn,
        ^^^^^
    )
    ^
  File "C:\Users\drago\AppData\Local\Programs\Python\Python313\Lib\site-packages\sqlalchemy\orm\context.py", line 306, in orm_execute_statement
    result = conn.execute(
        statement, params or {}, execution_options=execution_options
    )
  File "C:\Users\drago\AppData\Local\Programs\Python\Python313\Lib\site-packages\sqlalchemy\engine\base.py", line 1416, in execute
    return meth(
        self,
        distilled_parameters,
        execution_options or NO_OPTIONS,
    )
  File "C:\Users\drago\AppData\Local\Programs\Python\Python313\Lib\site-packages\sqlalchemy\sql\elements.py", line 523, in _execute_on_connection
    return connection._execute_clauseelement(
           ~~~~~~~~~~~~~~~~~~~~~~~~~~~~~~~~~^
        self, distilled_params, execution_options
        ^^^^^^^^^^^^^^^^^^^^^^^^^^^^^^^^^^^^^^^^^
    )
    ^
  File "C:\Users\drago\AppData\Local\Programs\Python\Python313\Lib\site-packages\sqlalchemy\engine\base.py", line 1638, in _execute_clauseelement
    ret = self._execute_context(
        dialect,
    ...<8 lines>...
        cache_hit=cache_hit,
    )
  File "C:\Users\drago\AppData\Local\Programs\Python\Python313\Lib\site-packages\sqlalchemy\engine\base.py", line 1843, in _execute_context
    return self._exec_single_context(
           ~~~~~~~~~~~~~~~~~~~~~~~~~^
        dialect, context, statement, parameters
        ^^^^^^^^^^^^^^^^^^^^^^^^^^^^^^^^^^^^^^^
    )
    ^
  File "C:\Users\drago\AppData\Local\Programs\Python\Python313\Lib\site-packages\sqlalchemy\engine\base.py", line 1983, in _exec_single_context
    self._handle_dbapi_exception(
    ~~~~~~~~~~~~~~~~~~~~~~~~~~~~^
        e, str_statement, effective_parameters, cursor, context
        ^^^^^^^^^^^^^^^^^^^^^^^^^^^^^^^^^^^^^^^^^^^^^^^^^^^^^^^
    )
    ^
  File "C:\Users\drago\AppData\Local\Programs\Python\Python313\Lib\site-packages\sqlalchemy\engine\base.py", line 2352, in _handle_dbapi_exception
    raise sqlalchemy_exception.with_traceback(exc_info[2]) from e
  File "C:\Users\drago\AppData\Local\Programs\Python\Python313\Lib\site-packages\sqlalchemy\engine\base.py", line 1964, in _exec_single_context
    self.dialect.do_execute(
    ~~~~~~~~~~~~~~~~~~~~~~~^
        cursor, str_statement, effective_parameters, context
        ^^^^^^^^^^^^^^^^^^^^^^^^^^^^^^^^^^^^^^^^^^^^^^^^^^^^
    )
    ^
  File "C:\Users\drago\AppData\Local\Programs\Python\Python313\Lib\site-packages\sqlalchemy\engine\default.py", line 942, in do_execute
    cursor.execute(statement, parameters)
    ~~~~~~~~~~~~~~^^^^^^^^^^^^^^^^^^^^^^^
sqlalchemy.exc.OperationalError: (sqlite3.OperationalError) no such column: projects.created_at
[SQL: SELECT projects.project_id AS projects_project_id, projects.project_name AS projects_project_name, projects.group_id AS projects_group_id, projects.description AS projects_description, projects.created_at AS projects_created_at, projects.updated_at AS projects_updated_at 
FROM projects ORDER BY projects.created_at DESC
 LIMIT ? OFFSET ?]
[parameters: (5, 0)]
(Background on this error at: https://sqlalche.me/e/20/e3q8)
2025-04-15 15:44:44,223 INFO: 404 Not Found: Path='/static/images/avatar_judge.png', Method='GET', Referrer='http://127.0.0.1:5000/' [Unauthenticated User] [in C:\Users\drago\OneDrive\Pulpit\ALL\newest owl judge\app.py:2650]
2025-04-15 15:44:44,223 INFO: 404 Not Found: Path='/static/images/avatar_student.png', Method='GET', Referrer='http://127.0.0.1:5000/' [Unauthenticated User] [in C:\Users\drago\OneDrive\Pulpit\ALL\newest owl judge\app.py:2650]
2025-04-15 15:44:44,225 INFO: 404 Not Found: Path='/static/images/avatar_admin.png', Method='GET', Referrer='http://127.0.0.1:5000/' [Unauthenticated User] [in C:\Users\drago\OneDrive\Pulpit\ALL\newest owl judge\app.py:2650]
2025-04-15 15:44:44,226 ERROR: Exception on /static/images/avatar_judge.png [GET] [in C:\Users\drago\AppData\Local\Programs\Python\Python313\Lib\site-packages\flask\app.py:875]
Traceback (most recent call last):
  File "C:\Users\drago\AppData\Local\Programs\Python\Python313\Lib\site-packages\flask\app.py", line 917, in full_dispatch_request
    rv = self.dispatch_request()
  File "C:\Users\drago\AppData\Local\Programs\Python\Python313\Lib\site-packages\flask\app.py", line 902, in dispatch_request
    return self.ensure_sync(self.view_functions[rule.endpoint])(**view_args)  # type: ignore[no-any-return]
           ~~~~~~~~~~~~~~~~~~~~~~~~~~~~~~~~~~~~~~~~~~~~~~~~~~~~^^^^^^^^^^^^^
  File "C:\Users\drago\AppData\Local\Programs\Python\Python313\Lib\site-packages\flask\app.py", line 278, in <lambda>
    view_func=lambda **kw: self_ref().send_static_file(**kw),  # type: ignore # noqa: B950
                           ~~~~~~~~~~~~~~~~~~~~~~~~~~~^^^^^^
  File "C:\Users\drago\AppData\Local\Programs\Python\Python313\Lib\site-packages\flask\app.py", line 326, in send_static_file
    return send_from_directory(
        t.cast(str, self.static_folder), filename, max_age=max_age
    )
  File "C:\Users\drago\AppData\Local\Programs\Python\Python313\Lib\site-packages\flask\helpers.py", line 565, in send_from_directory
    return werkzeug.utils.send_from_directory(  # type: ignore[return-value]
           ~~~~~~~~~~~~~~~~~~~~~~~~~~~~~~~~~~^^^^^^^^^^^^^^^^^^^^^^^^^^^^^^^
        directory, path, **_prepare_send_file_kwargs(**kwargs)
        ^^^^^^^^^^^^^^^^^^^^^^^^^^^^^^^^^^^^^^^^^^^^^^^^^^^^^^
    )
    ^
  File "C:\Users\drago\AppData\Local\Programs\Python\Python313\Lib\site-packages\werkzeug\utils.py", line 575, in send_from_directory
    raise NotFound()
werkzeug.exceptions.NotFound: 404 Not Found: The requested URL was not found on the server. If you entered the URL manually please check your spelling and try again.

During handling of the above exception, another exception occurred:

Traceback (most recent call last):
  File "C:\Users\drago\AppData\Local\Programs\Python\Python313\Lib\site-packages\flask\app.py", line 1511, in wsgi_app
    response = self.full_dispatch_request()
  File "C:\Users\drago\AppData\Local\Programs\Python\Python313\Lib\site-packages\flask\app.py", line 919, in full_dispatch_request
    rv = self.handle_user_exception(e)
  File "C:\Users\drago\AppData\Local\Programs\Python\Python313\Lib\site-packages\flask\app.py", line 802, in handle_user_exception
    return self.handle_http_exception(e)
           ~~~~~~~~~~~~~~~~~~~~~~~~~~^^^
  File "C:\Users\drago\AppData\Local\Programs\Python\Python313\Lib\site-packages\flask\app.py", line 777, in handle_http_exception
    return self.ensure_sync(handler)(e)  # type: ignore[no-any-return]
           ~~~~~~~~~~~~~~~~~~~~~~~~~^^^
  File "C:\Users\drago\OneDrive\Pulpit\ALL\newest owl judge\app.py", line 2655, in page_not_found
  File "C:\Users\drago\AppData\Local\Programs\Python\Python313\Lib\site-packages\flask\templating.py", line 149, in render_template
    template = app.jinja_env.get_or_select_template(template_name_or_list)
  File "C:\Users\drago\AppData\Local\Programs\Python\Python313\Lib\site-packages\jinja2\environment.py", line 1087, in get_or_select_template
    return self.get_template(template_name_or_list, parent, globals)
           ~~~~~~~~~~~~~~~~~^^^^^^^^^^^^^^^^^^^^^^^^^^^^^^^^^^^^^^^^
  File "C:\Users\drago\AppData\Local\Programs\Python\Python313\Lib\site-packages\jinja2\environment.py", line 1016, in get_template
    return self._load_template(name, globals)
           ~~~~~~~~~~~~~~~~~~~^^^^^^^^^^^^^^^
  File "C:\Users\drago\AppData\Local\Programs\Python\Python313\Lib\site-packages\jinja2\environment.py", line 975, in _load_template
    template = self.loader.load(self, name, self.make_globals(globals))
  File "C:\Users\drago\AppData\Local\Programs\Python\Python313\Lib\site-packages\jinja2\loaders.py", line 138, in load
    code = environment.compile(source, name, filename)
  File "C:\Users\drago\AppData\Local\Programs\Python\Python313\Lib\site-packages\jinja2\environment.py", line 771, in compile
    self.handle_exception(source=source_hint)
    ~~~~~~~~~~~~~~~~~~~~~^^^^^^^^^^^^^^^^^^^^
  File "C:\Users\drago\AppData\Local\Programs\Python\Python313\Lib\site-packages\jinja2\environment.py", line 942, in handle_exception
    raise rewrite_traceback_stack(source=source)
  File "C:\Users\drago\OneDrive\Pulpit\ALL\newest owl judge\templates\404.html", line 45, in template
    {% block title %}Server Error - OwlJudge{% endblock %}
    ^^^^^^^^^^^^^^^^^^^^^^^^^
jinja2.exceptions.TemplateAssertionError: block 'title' defined twice
2025-04-15 15:44:44,227 INFO: 404 Not Found: Path='/static/images/ksu_campus_blur.jpg', Method='GET', Referrer='http://127.0.0.1:5000/' [Unauthenticated User] [in C:\Users\drago\OneDrive\Pulpit\ALL\newest owl judge\app.py:2650]
2025-04-15 15:44:44,227 ERROR: Exception on /static/images/avatar_student.png [GET] [in C:\Users\drago\AppData\Local\Programs\Python\Python313\Lib\site-packages\flask\app.py:875]
Traceback (most recent call last):
  File "C:\Users\drago\AppData\Local\Programs\Python\Python313\Lib\site-packages\flask\app.py", line 917, in full_dispatch_request
    rv = self.dispatch_request()
  File "C:\Users\drago\AppData\Local\Programs\Python\Python313\Lib\site-packages\flask\app.py", line 902, in dispatch_request
    return self.ensure_sync(self.view_functions[rule.endpoint])(**view_args)  # type: ignore[no-any-return]
           ~~~~~~~~~~~~~~~~~~~~~~~~~~~~~~~~~~~~~~~~~~~~~~~~~~~~^^^^^^^^^^^^^
  File "C:\Users\drago\AppData\Local\Programs\Python\Python313\Lib\site-packages\flask\app.py", line 278, in <lambda>
    view_func=lambda **kw: self_ref().send_static_file(**kw),  # type: ignore # noqa: B950
                           ~~~~~~~~~~~~~~~~~~~~~~~~~~~^^^^^^
  File "C:\Users\drago\AppData\Local\Programs\Python\Python313\Lib\site-packages\flask\app.py", line 326, in send_static_file
    return send_from_directory(
        t.cast(str, self.static_folder), filename, max_age=max_age
    )
  File "C:\Users\drago\AppData\Local\Programs\Python\Python313\Lib\site-packages\flask\helpers.py", line 565, in send_from_directory
    return werkzeug.utils.send_from_directory(  # type: ignore[return-value]
           ~~~~~~~~~~~~~~~~~~~~~~~~~~~~~~~~~~^^^^^^^^^^^^^^^^^^^^^^^^^^^^^^^
        directory, path, **_prepare_send_file_kwargs(**kwargs)
        ^^^^^^^^^^^^^^^^^^^^^^^^^^^^^^^^^^^^^^^^^^^^^^^^^^^^^^
    )
    ^
  File "C:\Users\drago\AppData\Local\Programs\Python\Python313\Lib\site-packages\werkzeug\utils.py", line 575, in send_from_directory
    raise NotFound()
werkzeug.exceptions.NotFound: 404 Not Found: The requested URL was not found on the server. If you entered the URL manually please check your spelling and try again.

During handling of the above exception, another exception occurred:

Traceback (most recent call last):
  File "C:\Users\drago\AppData\Local\Programs\Python\Python313\Lib\site-packages\flask\app.py", line 1511, in wsgi_app
    response = self.full_dispatch_request()
  File "C:\Users\drago\AppData\Local\Programs\Python\Python313\Lib\site-packages\flask\app.py", line 919, in full_dispatch_request
    rv = self.handle_user_exception(e)
  File "C:\Users\drago\AppData\Local\Programs\Python\Python313\Lib\site-packages\flask\app.py", line 802, in handle_user_exception
    return self.handle_http_exception(e)
           ~~~~~~~~~~~~~~~~~~~~~~~~~~^^^
  File "C:\Users\drago\AppData\Local\Programs\Python\Python313\Lib\site-packages\flask\app.py", line 777, in handle_http_exception
    return self.ensure_sync(handler)(e)  # type: ignore[no-any-return]
           ~~~~~~~~~~~~~~~~~~~~~~~~~^^^
  File "C:\Users\drago\OneDrive\Pulpit\ALL\newest owl judge\app.py", line 2655, in page_not_found
  File "C:\Users\drago\AppData\Local\Programs\Python\Python313\Lib\site-packages\flask\templating.py", line 149, in render_template
    template = app.jinja_env.get_or_select_template(template_name_or_list)
  File "C:\Users\drago\AppData\Local\Programs\Python\Python313\Lib\site-packages\jinja2\environment.py", line 1087, in get_or_select_template
    return self.get_template(template_name_or_list, parent, globals)
           ~~~~~~~~~~~~~~~~~^^^^^^^^^^^^^^^^^^^^^^^^^^^^^^^^^^^^^^^^
  File "C:\Users\drago\AppData\Local\Programs\Python\Python313\Lib\site-packages\jinja2\environment.py", line 1016, in get_template
    return self._load_template(name, globals)
           ~~~~~~~~~~~~~~~~~~~^^^^^^^^^^^^^^^
  File "C:\Users\drago\AppData\Local\Programs\Python\Python313\Lib\site-packages\jinja2\environment.py", line 975, in _load_template
    template = self.loader.load(self, name, self.make_globals(globals))
  File "C:\Users\drago\AppData\Local\Programs\Python\Python313\Lib\site-packages\jinja2\loaders.py", line 138, in load
    code = environment.compile(source, name, filename)
  File "C:\Users\drago\AppData\Local\Programs\Python\Python313\Lib\site-packages\jinja2\environment.py", line 771, in compile
    self.handle_exception(source=source_hint)
    ~~~~~~~~~~~~~~~~~~~~~^^^^^^^^^^^^^^^^^^^^
  File "C:\Users\drago\AppData\Local\Programs\Python\Python313\Lib\site-packages\jinja2\environment.py", line 942, in handle_exception
    raise rewrite_traceback_stack(source=source)
  File "C:\Users\drago\OneDrive\Pulpit\ALL\newest owl judge\templates\404.html", line 45, in template
    {% block title %}Server Error - OwlJudge{% endblock %}
    ^^^^^^^^^^^^^^^^^^^^^^^^^
jinja2.exceptions.TemplateAssertionError: block 'title' defined twice
2025-04-15 15:44:44,228 ERROR: Exception on /static/images/avatar_admin.png [GET] [in C:\Users\drago\AppData\Local\Programs\Python\Python313\Lib\site-packages\flask\app.py:875]
Traceback (most recent call last):
  File "C:\Users\drago\AppData\Local\Programs\Python\Python313\Lib\site-packages\flask\app.py", line 917, in full_dispatch_request
    rv = self.dispatch_request()
  File "C:\Users\drago\AppData\Local\Programs\Python\Python313\Lib\site-packages\flask\app.py", line 902, in dispatch_request
    return self.ensure_sync(self.view_functions[rule.endpoint])(**view_args)  # type: ignore[no-any-return]
           ~~~~~~~~~~~~~~~~~~~~~~~~~~~~~~~~~~~~~~~~~~~~~~~~~~~~^^^^^^^^^^^^^
  File "C:\Users\drago\AppData\Local\Programs\Python\Python313\Lib\site-packages\flask\app.py", line 278, in <lambda>
    view_func=lambda **kw: self_ref().send_static_file(**kw),  # type: ignore # noqa: B950
                           ~~~~~~~~~~~~~~~~~~~~~~~~~~~^^^^^^
  File "C:\Users\drago\AppData\Local\Programs\Python\Python313\Lib\site-packages\flask\app.py", line 326, in send_static_file
    return send_from_directory(
        t.cast(str, self.static_folder), filename, max_age=max_age
    )
  File "C:\Users\drago\AppData\Local\Programs\Python\Python313\Lib\site-packages\flask\helpers.py", line 565, in send_from_directory
    return werkzeug.utils.send_from_directory(  # type: ignore[return-value]
           ~~~~~~~~~~~~~~~~~~~~~~~~~~~~~~~~~~^^^^^^^^^^^^^^^^^^^^^^^^^^^^^^^
        directory, path, **_prepare_send_file_kwargs(**kwargs)
        ^^^^^^^^^^^^^^^^^^^^^^^^^^^^^^^^^^^^^^^^^^^^^^^^^^^^^^
    )
    ^
  File "C:\Users\drago\AppData\Local\Programs\Python\Python313\Lib\site-packages\werkzeug\utils.py", line 575, in send_from_directory
    raise NotFound()
werkzeug.exceptions.NotFound: 404 Not Found: The requested URL was not found on the server. If you entered the URL manually please check your spelling and try again.

During handling of the above exception, another exception occurred:

Traceback (most recent call last):
  File "C:\Users\drago\AppData\Local\Programs\Python\Python313\Lib\site-packages\flask\app.py", line 1511, in wsgi_app
    response = self.full_dispatch_request()
  File "C:\Users\drago\AppData\Local\Programs\Python\Python313\Lib\site-packages\flask\app.py", line 919, in full_dispatch_request
    rv = self.handle_user_exception(e)
  File "C:\Users\drago\AppData\Local\Programs\Python\Python313\Lib\site-packages\flask\app.py", line 802, in handle_user_exception
    return self.handle_http_exception(e)
           ~~~~~~~~~~~~~~~~~~~~~~~~~~^^^
  File "C:\Users\drago\AppData\Local\Programs\Python\Python313\Lib\site-packages\flask\app.py", line 777, in handle_http_exception
    return self.ensure_sync(handler)(e)  # type: ignore[no-any-return]
           ~~~~~~~~~~~~~~~~~~~~~~~~~^^^
  File "C:\Users\drago\OneDrive\Pulpit\ALL\newest owl judge\app.py", line 2655, in page_not_found
  File "C:\Users\drago\AppData\Local\Programs\Python\Python313\Lib\site-packages\flask\templating.py", line 149, in render_template
    template = app.jinja_env.get_or_select_template(template_name_or_list)
  File "C:\Users\drago\AppData\Local\Programs\Python\Python313\Lib\site-packages\jinja2\environment.py", line 1087, in get_or_select_template
    return self.get_template(template_name_or_list, parent, globals)
           ~~~~~~~~~~~~~~~~~^^^^^^^^^^^^^^^^^^^^^^^^^^^^^^^^^^^^^^^^
  File "C:\Users\drago\AppData\Local\Programs\Python\Python313\Lib\site-packages\jinja2\environment.py", line 1016, in get_template
    return self._load_template(name, globals)
           ~~~~~~~~~~~~~~~~~~~^^^^^^^^^^^^^^^
  File "C:\Users\drago\AppData\Local\Programs\Python\Python313\Lib\site-packages\jinja2\environment.py", line 975, in _load_template
    template = self.loader.load(self, name, self.make_globals(globals))
  File "C:\Users\drago\AppData\Local\Programs\Python\Python313\Lib\site-packages\jinja2\loaders.py", line 138, in load
    code = environment.compile(source, name, filename)
  File "C:\Users\drago\AppData\Local\Programs\Python\Python313\Lib\site-packages\jinja2\environment.py", line 771, in compile
    self.handle_exception(source=source_hint)
    ~~~~~~~~~~~~~~~~~~~~~^^^^^^^^^^^^^^^^^^^^
  File "C:\Users\drago\AppData\Local\Programs\Python\Python313\Lib\site-packages\jinja2\environment.py", line 942, in handle_exception
    raise rewrite_traceback_stack(source=source)
  File "C:\Users\drago\OneDrive\Pulpit\ALL\newest owl judge\templates\404.html", line 45, in template
    {% block title %}Server Error - OwlJudge{% endblock %}
    ^^^^^^^^^^^^^^^^^^^^^^^^^
jinja2.exceptions.TemplateAssertionError: block 'title' defined twice
2025-04-15 15:44:44,228 INFO: 404 Not Found: Path='/static/images/ksu_campus_wide.jpg', Method='GET', Referrer='http://127.0.0.1:5000/' [Unauthenticated User] [in C:\Users\drago\OneDrive\Pulpit\ALL\newest owl judge\app.py:2650]
2025-04-15 15:44:44,235 ERROR: Exception on /static/images/ksu_campus_blur.jpg [GET] [in C:\Users\drago\AppData\Local\Programs\Python\Python313\Lib\site-packages\flask\app.py:875]
Traceback (most recent call last):
  File "C:\Users\drago\AppData\Local\Programs\Python\Python313\Lib\site-packages\flask\app.py", line 917, in full_dispatch_request
    rv = self.dispatch_request()
  File "C:\Users\drago\AppData\Local\Programs\Python\Python313\Lib\site-packages\flask\app.py", line 902, in dispatch_request
    return self.ensure_sync(self.view_functions[rule.endpoint])(**view_args)  # type: ignore[no-any-return]
           ~~~~~~~~~~~~~~~~~~~~~~~~~~~~~~~~~~~~~~~~~~~~~~~~~~~~^^^^^^^^^^^^^
  File "C:\Users\drago\AppData\Local\Programs\Python\Python313\Lib\site-packages\flask\app.py", line 278, in <lambda>
    view_func=lambda **kw: self_ref().send_static_file(**kw),  # type: ignore # noqa: B950
                           ~~~~~~~~~~~~~~~~~~~~~~~~~~~^^^^^^
  File "C:\Users\drago\AppData\Local\Programs\Python\Python313\Lib\site-packages\flask\app.py", line 326, in send_static_file
    return send_from_directory(
        t.cast(str, self.static_folder), filename, max_age=max_age
    )
  File "C:\Users\drago\AppData\Local\Programs\Python\Python313\Lib\site-packages\flask\helpers.py", line 565, in send_from_directory
    return werkzeug.utils.send_from_directory(  # type: ignore[return-value]
           ~~~~~~~~~~~~~~~~~~~~~~~~~~~~~~~~~~^^^^^^^^^^^^^^^^^^^^^^^^^^^^^^^
        directory, path, **_prepare_send_file_kwargs(**kwargs)
        ^^^^^^^^^^^^^^^^^^^^^^^^^^^^^^^^^^^^^^^^^^^^^^^^^^^^^^
    )
    ^
  File "C:\Users\drago\AppData\Local\Programs\Python\Python313\Lib\site-packages\werkzeug\utils.py", line 575, in send_from_directory
    raise NotFound()
werkzeug.exceptions.NotFound: 404 Not Found: The requested URL was not found on the server. If you entered the URL manually please check your spelling and try again.

During handling of the above exception, another exception occurred:

Traceback (most recent call last):
  File "C:\Users\drago\AppData\Local\Programs\Python\Python313\Lib\site-packages\flask\app.py", line 1511, in wsgi_app
    response = self.full_dispatch_request()
  File "C:\Users\drago\AppData\Local\Programs\Python\Python313\Lib\site-packages\flask\app.py", line 919, in full_dispatch_request
    rv = self.handle_user_exception(e)
  File "C:\Users\drago\AppData\Local\Programs\Python\Python313\Lib\site-packages\flask\app.py", line 802, in handle_user_exception
    return self.handle_http_exception(e)
           ~~~~~~~~~~~~~~~~~~~~~~~~~~^^^
  File "C:\Users\drago\AppData\Local\Programs\Python\Python313\Lib\site-packages\flask\app.py", line 777, in handle_http_exception
    return self.ensure_sync(handler)(e)  # type: ignore[no-any-return]
           ~~~~~~~~~~~~~~~~~~~~~~~~~^^^
  File "C:\Users\drago\OneDrive\Pulpit\ALL\newest owl judge\app.py", line 2655, in page_not_found
  File "C:\Users\drago\AppData\Local\Programs\Python\Python313\Lib\site-packages\flask\templating.py", line 149, in render_template
    template = app.jinja_env.get_or_select_template(template_name_or_list)
  File "C:\Users\drago\AppData\Local\Programs\Python\Python313\Lib\site-packages\jinja2\environment.py", line 1087, in get_or_select_template
    return self.get_template(template_name_or_list, parent, globals)
           ~~~~~~~~~~~~~~~~~^^^^^^^^^^^^^^^^^^^^^^^^^^^^^^^^^^^^^^^^
  File "C:\Users\drago\AppData\Local\Programs\Python\Python313\Lib\site-packages\jinja2\environment.py", line 1016, in get_template
    return self._load_template(name, globals)
           ~~~~~~~~~~~~~~~~~~~^^^^^^^^^^^^^^^
  File "C:\Users\drago\AppData\Local\Programs\Python\Python313\Lib\site-packages\jinja2\environment.py", line 975, in _load_template
    template = self.loader.load(self, name, self.make_globals(globals))
  File "C:\Users\drago\AppData\Local\Programs\Python\Python313\Lib\site-packages\jinja2\loaders.py", line 138, in load
    code = environment.compile(source, name, filename)
  File "C:\Users\drago\AppData\Local\Programs\Python\Python313\Lib\site-packages\jinja2\environment.py", line 771, in compile
    self.handle_exception(source=source_hint)
    ~~~~~~~~~~~~~~~~~~~~~^^^^^^^^^^^^^^^^^^^^
  File "C:\Users\drago\AppData\Local\Programs\Python\Python313\Lib\site-packages\jinja2\environment.py", line 942, in handle_exception
    raise rewrite_traceback_stack(source=source)
  File "C:\Users\drago\OneDrive\Pulpit\ALL\newest owl judge\templates\404.html", line 45, in template
    {% block title %}Server Error - OwlJudge{% endblock %}
    ^^^^^^^^^^^^^^^^^^^^^^^^^
jinja2.exceptions.TemplateAssertionError: block 'title' defined twice
2025-04-15 15:44:44,265 ERROR: Exception on /static/images/ksu_campus_wide.jpg [GET] [in C:\Users\drago\AppData\Local\Programs\Python\Python313\Lib\site-packages\flask\app.py:875]
Traceback (most recent call last):
  File "C:\Users\drago\AppData\Local\Programs\Python\Python313\Lib\site-packages\flask\app.py", line 917, in full_dispatch_request
    rv = self.dispatch_request()
  File "C:\Users\drago\AppData\Local\Programs\Python\Python313\Lib\site-packages\flask\app.py", line 902, in dispatch_request
    return self.ensure_sync(self.view_functions[rule.endpoint])(**view_args)  # type: ignore[no-any-return]
           ~~~~~~~~~~~~~~~~~~~~~~~~~~~~~~~~~~~~~~~~~~~~~~~~~~~~^^^^^^^^^^^^^
  File "C:\Users\drago\AppData\Local\Programs\Python\Python313\Lib\site-packages\flask\app.py", line 278, in <lambda>
    view_func=lambda **kw: self_ref().send_static_file(**kw),  # type: ignore # noqa: B950
                           ~~~~~~~~~~~~~~~~~~~~~~~~~~~^^^^^^
  File "C:\Users\drago\AppData\Local\Programs\Python\Python313\Lib\site-packages\flask\app.py", line 326, in send_static_file
    return send_from_directory(
        t.cast(str, self.static_folder), filename, max_age=max_age
    )
  File "C:\Users\drago\AppData\Local\Programs\Python\Python313\Lib\site-packages\flask\helpers.py", line 565, in send_from_directory
    return werkzeug.utils.send_from_directory(  # type: ignore[return-value]
           ~~~~~~~~~~~~~~~~~~~~~~~~~~~~~~~~~~^^^^^^^^^^^^^^^^^^^^^^^^^^^^^^^
        directory, path, **_prepare_send_file_kwargs(**kwargs)
        ^^^^^^^^^^^^^^^^^^^^^^^^^^^^^^^^^^^^^^^^^^^^^^^^^^^^^^
    )
    ^
  File "C:\Users\drago\AppData\Local\Programs\Python\Python313\Lib\site-packages\werkzeug\utils.py", line 575, in send_from_directory
    raise NotFound()
werkzeug.exceptions.NotFound: 404 Not Found: The requested URL was not found on the server. If you entered the URL manually please check your spelling and try again.

During handling of the above exception, another exception occurred:

Traceback (most recent call last):
  File "C:\Users\drago\AppData\Local\Programs\Python\Python313\Lib\site-packages\flask\app.py", line 1511, in wsgi_app
    response = self.full_dispatch_request()
  File "C:\Users\drago\AppData\Local\Programs\Python\Python313\Lib\site-packages\flask\app.py", line 919, in full_dispatch_request
    rv = self.handle_user_exception(e)
  File "C:\Users\drago\AppData\Local\Programs\Python\Python313\Lib\site-packages\flask\app.py", line 802, in handle_user_exception
    return self.handle_http_exception(e)
           ~~~~~~~~~~~~~~~~~~~~~~~~~~^^^
  File "C:\Users\drago\AppData\Local\Programs\Python\Python313\Lib\site-packages\flask\app.py", line 777, in handle_http_exception
    return self.ensure_sync(handler)(e)  # type: ignore[no-any-return]
           ~~~~~~~~~~~~~~~~~~~~~~~~~^^^
  File "C:\Users\drago\OneDrive\Pulpit\ALL\newest owl judge\app.py", line 2655, in page_not_found
  File "C:\Users\drago\AppData\Local\Programs\Python\Python313\Lib\site-packages\flask\templating.py", line 149, in render_template
    template = app.jinja_env.get_or_select_template(template_name_or_list)
  File "C:\Users\drago\AppData\Local\Programs\Python\Python313\Lib\site-packages\jinja2\environment.py", line 1087, in get_or_select_template
    return self.get_template(template_name_or_list, parent, globals)
           ~~~~~~~~~~~~~~~~~^^^^^^^^^^^^^^^^^^^^^^^^^^^^^^^^^^^^^^^^
  File "C:\Users\drago\AppData\Local\Programs\Python\Python313\Lib\site-packages\jinja2\environment.py", line 1016, in get_template
    return self._load_template(name, globals)
           ~~~~~~~~~~~~~~~~~~~^^^^^^^^^^^^^^^
  File "C:\Users\drago\AppData\Local\Programs\Python\Python313\Lib\site-packages\jinja2\environment.py", line 975, in _load_template
    template = self.loader.load(self, name, self.make_globals(globals))
  File "C:\Users\drago\AppData\Local\Programs\Python\Python313\Lib\site-packages\jinja2\loaders.py", line 138, in load
    code = environment.compile(source, name, filename)
  File "C:\Users\drago\AppData\Local\Programs\Python\Python313\Lib\site-packages\jinja2\environment.py", line 771, in compile
    self.handle_exception(source=source_hint)
    ~~~~~~~~~~~~~~~~~~~~~^^^^^^^^^^^^^^^^^^^^
  File "C:\Users\drago\AppData\Local\Programs\Python\Python313\Lib\site-packages\jinja2\environment.py", line 942, in handle_exception
    raise rewrite_traceback_stack(source=source)
  File "C:\Users\drago\OneDrive\Pulpit\ALL\newest owl judge\templates\404.html", line 45, in template
    {% block title %}Server Error - OwlJudge{% endblock %}
    ^^^^^^^^^^^^^^^^^^^^^^^^^
jinja2.exceptions.TemplateAssertionError: block 'title' defined twice
2025-04-15 15:44:44,300 INFO: 404 Not Found: Path='/favicon.ico', Method='GET', Referrer='http://127.0.0.1:5000/' [Unauthenticated User] [in C:\Users\drago\OneDrive\Pulpit\ALL\newest owl judge\app.py:2650]
2025-04-15 15:44:44,302 ERROR: Exception on /favicon.ico [GET] [in C:\Users\drago\AppData\Local\Programs\Python\Python313\Lib\site-packages\flask\app.py:875]
Traceback (most recent call last):
  File "C:\Users\drago\AppData\Local\Programs\Python\Python313\Lib\site-packages\flask\app.py", line 917, in full_dispatch_request
    rv = self.dispatch_request()
  File "C:\Users\drago\AppData\Local\Programs\Python\Python313\Lib\site-packages\flask\app.py", line 902, in dispatch_request
    return self.ensure_sync(self.view_functions[rule.endpoint])(**view_args)  # type: ignore[no-any-return]
           ~~~~~~~~~~~~~~~~~~~~~~~~~~~~~~~~~~~~~~~~~~~~~~~~~~~~^^^^^^^^^^^^^
  File "C:\Users\drago\OneDrive\Pulpit\ALL\newest owl judge\app.py", line 435, in favicon
    new_user = User(email=email, name=name, role='user')
    ...<4 lines>...
    
  File "C:\Users\drago\AppData\Local\Programs\Python\Python313\Lib\site-packages\flask\helpers.py", line 565, in send_from_directory
    return werkzeug.utils.send_from_directory(  # type: ignore[return-value]
           ~~~~~~~~~~~~~~~~~~~~~~~~~~~~~~~~~~^^^^^^^^^^^^^^^^^^^^^^^^^^^^^^^
        directory, path, **_prepare_send_file_kwargs(**kwargs)
        ^^^^^^^^^^^^^^^^^^^^^^^^^^^^^^^^^^^^^^^^^^^^^^^^^^^^^^
    )
    ^
  File "C:\Users\drago\AppData\Local\Programs\Python\Python313\Lib\site-packages\werkzeug\utils.py", line 575, in send_from_directory
    raise NotFound()
werkzeug.exceptions.NotFound: 404 Not Found: The requested URL was not found on the server. If you entered the URL manually please check your spelling and try again.

During handling of the above exception, another exception occurred:

Traceback (most recent call last):
  File "C:\Users\drago\AppData\Local\Programs\Python\Python313\Lib\site-packages\flask\app.py", line 1511, in wsgi_app
    response = self.full_dispatch_request()
  File "C:\Users\drago\AppData\Local\Programs\Python\Python313\Lib\site-packages\flask\app.py", line 919, in full_dispatch_request
    rv = self.handle_user_exception(e)
  File "C:\Users\drago\AppData\Local\Programs\Python\Python313\Lib\site-packages\flask\app.py", line 802, in handle_user_exception
    return self.handle_http_exception(e)
           ~~~~~~~~~~~~~~~~~~~~~~~~~~^^^
  File "C:\Users\drago\AppData\Local\Programs\Python\Python313\Lib\site-packages\flask\app.py", line 777, in handle_http_exception
    return self.ensure_sync(handler)(e)  # type: ignore[no-any-return]
           ~~~~~~~~~~~~~~~~~~~~~~~~~^^^
  File "C:\Users\drago\OneDrive\Pulpit\ALL\newest owl judge\app.py", line 2655, in page_not_found
  File "C:\Users\drago\AppData\Local\Programs\Python\Python313\Lib\site-packages\flask\templating.py", line 149, in render_template
    template = app.jinja_env.get_or_select_template(template_name_or_list)
  File "C:\Users\drago\AppData\Local\Programs\Python\Python313\Lib\site-packages\jinja2\environment.py", line 1087, in get_or_select_template
    return self.get_template(template_name_or_list, parent, globals)
           ~~~~~~~~~~~~~~~~~^^^^^^^^^^^^^^^^^^^^^^^^^^^^^^^^^^^^^^^^
  File "C:\Users\drago\AppData\Local\Programs\Python\Python313\Lib\site-packages\jinja2\environment.py", line 1016, in get_template
    return self._load_template(name, globals)
           ~~~~~~~~~~~~~~~~~~~^^^^^^^^^^^^^^^
  File "C:\Users\drago\AppData\Local\Programs\Python\Python313\Lib\site-packages\jinja2\environment.py", line 975, in _load_template
    template = self.loader.load(self, name, self.make_globals(globals))
  File "C:\Users\drago\AppData\Local\Programs\Python\Python313\Lib\site-packages\jinja2\loaders.py", line 138, in load
    code = environment.compile(source, name, filename)
  File "C:\Users\drago\AppData\Local\Programs\Python\Python313\Lib\site-packages\jinja2\environment.py", line 771, in compile
    self.handle_exception(source=source_hint)
    ~~~~~~~~~~~~~~~~~~~~~^^^^^^^^^^^^^^^^^^^^
  File "C:\Users\drago\AppData\Local\Programs\Python\Python313\Lib\site-packages\jinja2\environment.py", line 942, in handle_exception
    raise rewrite_traceback_stack(source=source)
  File "C:\Users\drago\OneDrive\Pulpit\ALL\newest owl judge\templates\404.html", line 45, in template
    {% block title %}Server Error - OwlJudge{% endblock %}
    ^^^^^^^^^^^^^^^^^^^^^^^^^
jinja2.exceptions.TemplateAssertionError: block 'title' defined twice
2025-04-15 15:44:49,770 INFO: OwlJudge startup configured. [in C:\Users\drago\OneDrive\Pulpit\ALL\newest owl judge\app.py:70]
2025-04-15 15:44:49,818 INFO: Initializing database... [in C:\Users\drago\OneDrive\Pulpit\ALL\newest owl judge\app.py:2345]
2025-04-15 15:44:49,820 INFO: Database tables created/verified. [in C:\Users\drago\OneDrive\Pulpit\ALL\newest owl judge\app.py:2349]
2025-04-15 15:44:49,820 INFO: Checking/Creating test data... [in C:\Users\drago\OneDrive\Pulpit\ALL\newest owl judge\app.py:2256]
2025-04-15 15:44:49,833 INFO: No new test data needed. [in C:\Users\drago\OneDrive\Pulpit\ALL\newest owl judge\app.py:2329]
2025-04-15 15:44:49,833 INFO: -------------------- [in C:\Users\drago\OneDrive\Pulpit\ALL\newest owl judge\app.py:2336]
2025-04-15 15:44:49,833 INFO: Starting Flask server on http://127.0.0.1:5000 (Debug: True) [in C:\Users\drago\OneDrive\Pulpit\ALL\newest owl judge\app.py:2373]
2025-04-15 15:44:50,682 INFO: OwlJudge startup configured. [in C:\Users\drago\OneDrive\Pulpit\ALL\newest owl judge\app.py:70]
2025-04-15 15:44:50,700 INFO: Initializing database... [in C:\Users\drago\OneDrive\Pulpit\ALL\newest owl judge\app.py:2345]
2025-04-15 15:44:50,701 INFO: Database tables created/verified. [in C:\Users\drago\OneDrive\Pulpit\ALL\newest owl judge\app.py:2349]
2025-04-15 15:44:50,701 INFO: Checking/Creating test data... [in C:\Users\drago\OneDrive\Pulpit\ALL\newest owl judge\app.py:2256]
2025-04-15 15:44:50,709 INFO: No new test data needed. [in C:\Users\drago\OneDrive\Pulpit\ALL\newest owl judge\app.py:2329]
2025-04-15 15:44:50,709 INFO: -------------------- [in C:\Users\drago\OneDrive\Pulpit\ALL\newest owl judge\app.py:2336]
2025-04-15 15:44:50,709 INFO: Starting Flask server on http://127.0.0.1:5000 (Debug: True) [in C:\Users\drago\OneDrive\Pulpit\ALL\newest owl judge\app.py:2373]
2025-04-15 15:44:50,762 INFO: 404 Not Found: /static/images/avatar_judge.png (Referrer: http://127.0.0.1:5000/) [in C:\Users\drago\OneDrive\Pulpit\ALL\newest owl judge\app.py:2205]
2025-04-15 15:44:50,764 INFO: 404 Not Found: /static/images/avatar_student.png (Referrer: http://127.0.0.1:5000/) [in C:\Users\drago\OneDrive\Pulpit\ALL\newest owl judge\app.py:2205]
2025-04-15 15:44:50,765 INFO: 404 Not Found: /static/images/avatar_admin.png (Referrer: http://127.0.0.1:5000/) [in C:\Users\drago\OneDrive\Pulpit\ALL\newest owl judge\app.py:2205]
2025-04-15 15:44:50,767 INFO: 404 Not Found: /static/images/ksu_campus_blur.jpg (Referrer: http://127.0.0.1:5000/) [in C:\Users\drago\OneDrive\Pulpit\ALL\newest owl judge\app.py:2205]
2025-04-15 15:44:50,768 INFO: 404 Not Found: /static/images/ksu_campus_wide.jpg (Referrer: http://127.0.0.1:5000/) [in C:\Users\drago\OneDrive\Pulpit\ALL\newest owl judge\app.py:2205]
2025-04-15 15:44:50,801 INFO: 404 Not Found: /favicon.ico (Referrer: http://127.0.0.1:5000/) [in C:\Users\drago\OneDrive\Pulpit\ALL\newest owl judge\app.py:2205]
2025-04-15 15:44:51,140 INFO: 404 Not Found: /favicon.ico (Referrer: http://127.0.0.1:5000/login) [in C:\Users\drago\OneDrive\Pulpit\ALL\newest owl judge\app.py:2205]
2025-04-15 15:44:52,112 INFO: 404 Not Found: /static/images/cday_presentation_blur.jpg (Referrer: http://127.0.0.1:5000/about) [in C:\Users\drago\OneDrive\Pulpit\ALL\newest owl judge\app.py:2205]
2025-04-15 15:44:52,122 INFO: 404 Not Found: /favicon.ico (Referrer: http://127.0.0.1:5000/about) [in C:\Users\drago\OneDrive\Pulpit\ALL\newest owl judge\app.py:2205]
2025-04-15 15:44:52,917 INFO: 404 Not Found: /favicon.ico (Referrer: http://127.0.0.1:5000/contact) [in C:\Users\drago\OneDrive\Pulpit\ALL\newest owl judge\app.py:2205]
2025-04-15 15:44:53,449 INFO: 404 Not Found: /static/images/avatar_judge.png (Referrer: http://127.0.0.1:5000/) [in C:\Users\drago\OneDrive\Pulpit\ALL\newest owl judge\app.py:2205]
2025-04-15 15:44:53,451 INFO: 404 Not Found: /static/images/avatar_student.png (Referrer: http://127.0.0.1:5000/) [in C:\Users\drago\OneDrive\Pulpit\ALL\newest owl judge\app.py:2205]
2025-04-15 15:44:53,452 INFO: 404 Not Found: /static/images/avatar_admin.png (Referrer: http://127.0.0.1:5000/) [in C:\Users\drago\OneDrive\Pulpit\ALL\newest owl judge\app.py:2205]
2025-04-15 15:44:53,453 INFO: 404 Not Found: /static/images/ksu_campus_blur.jpg (Referrer: http://127.0.0.1:5000/) [in C:\Users\drago\OneDrive\Pulpit\ALL\newest owl judge\app.py:2205]
2025-04-15 15:44:53,455 INFO: 404 Not Found: /static/images/ksu_campus_wide.jpg (Referrer: http://127.0.0.1:5000/) [in C:\Users\drago\OneDrive\Pulpit\ALL\newest owl judge\app.py:2205]
2025-04-15 15:44:53,483 INFO: 404 Not Found: /favicon.ico (Referrer: http://127.0.0.1:5000/) [in C:\Users\drago\OneDrive\Pulpit\ALL\newest owl judge\app.py:2205]
2025-04-15 15:44:54,180 INFO: 404 Not Found: /favicon.ico (Referrer: http://127.0.0.1:5000/login) [in C:\Users\drago\OneDrive\Pulpit\ALL\newest owl judge\app.py:2205]
2025-04-15 15:44:54,882 INFO: 404 Not Found: /favicon.ico (Referrer: http://127.0.0.1:5000/signup) [in C:\Users\drago\OneDrive\Pulpit\ALL\newest owl judge\app.py:2205]
2025-04-15 15:44:57,625 INFO: 404 Not Found: /favicon.ico (Referrer: http://127.0.0.1:5000/login) [in C:\Users\drago\OneDrive\Pulpit\ALL\newest owl judge\app.py:2205]
2025-04-15 15:44:59,915 INFO: 404 Not Found: /favicon.ico (Referrer: http://127.0.0.1:5000/signup) [in C:\Users\drago\OneDrive\Pulpit\ALL\newest owl judge\app.py:2205]
2025-04-15 15:45:03,078 INFO: 404 Not Found: /favicon.ico (Referrer: http://127.0.0.1:5000/login) [in C:\Users\drago\OneDrive\Pulpit\ALL\newest owl judge\app.py:2205]
2025-04-15 15:45:07,500 INFO: User login successful: admin@example.com (ID: 1) [in C:\Users\drago\OneDrive\Pulpit\ALL\newest owl judge\app.py:494]
2025-04-15 15:45:09,086 INFO: 404 Not Found: /favicon.ico (Referrer: http://127.0.0.1:5000/admin/dashboard) [in C:\Users\drago\OneDrive\Pulpit\ALL\newest owl judge\app.py:2205]
2025-04-15 15:45:14,714 INFO: Admin 1 exporting users to owljudge_users_20250415_154514.xlsx [in C:\Users\drago\OneDrive\Pulpit\ALL\newest owl judge\app.py:1652]
2025-04-15 15:45:30,956 INFO: Admin 1 deleted user 6 (mrzerdpka@students.kennesaw.edu) [in C:\Users\drago\OneDrive\Pulpit\ALL\newest owl judge\app.py:1231]
2025-04-15 15:45:33,654 INFO: Admin 1 deleted user 5 (mrzepka@students.kennesaw.edu) [in C:\Users\drago\OneDrive\Pulpit\ALL\newest owl judge\app.py:1231]
2025-04-15 15:46:04,761 INFO: 404 Not Found: /favicon.ico (Referrer: http://127.0.0.1:5000/profile) [in C:\Users\drago\OneDrive\Pulpit\ALL\newest owl judge\app.py:2205]
2025-04-15 15:46:18,134 INFO: User 1 successfully changed their password. [in C:\Users\drago\OneDrive\Pulpit\ALL\newest owl judge\app.py:605]
2025-04-15 15:46:21,609 INFO: User logout successful: admin@example.com (ID: 1) [in C:\Users\drago\OneDrive\Pulpit\ALL\newest owl judge\app.py:525]
2025-04-15 15:46:21,633 INFO: 404 Not Found: /static/images/avatar_judge.png (Referrer: http://127.0.0.1:5000/) [in C:\Users\drago\OneDrive\Pulpit\ALL\newest owl judge\app.py:2205]
2025-04-15 15:46:21,633 INFO: 404 Not Found: /static/images/avatar_student.png (Referrer: http://127.0.0.1:5000/) [in C:\Users\drago\OneDrive\Pulpit\ALL\newest owl judge\app.py:2205]
2025-04-15 15:46:21,634 INFO: 404 Not Found: /static/images/avatar_admin.png (Referrer: http://127.0.0.1:5000/) [in C:\Users\drago\OneDrive\Pulpit\ALL\newest owl judge\app.py:2205]
2025-04-15 15:46:21,635 INFO: 404 Not Found: /static/images/ksu_campus_blur.jpg (Referrer: http://127.0.0.1:5000/) [in C:\Users\drago\OneDrive\Pulpit\ALL\newest owl judge\app.py:2205]
2025-04-15 15:46:21,636 INFO: 404 Not Found: /static/images/ksu_campus_wide.jpg (Referrer: http://127.0.0.1:5000/) [in C:\Users\drago\OneDrive\Pulpit\ALL\newest owl judge\app.py:2205]
2025-04-15 15:46:21,671 INFO: 404 Not Found: /favicon.ico (Referrer: http://127.0.0.1:5000/) [in C:\Users\drago\OneDrive\Pulpit\ALL\newest owl judge\app.py:2205]
2025-04-15 15:46:22,291 INFO: 404 Not Found: /favicon.ico (Referrer: http://127.0.0.1:5000/login) [in C:\Users\drago\OneDrive\Pulpit\ALL\newest owl judge\app.py:2205]
2025-04-15 15:46:24,467 INFO: User login successful: admin@example.com (ID: 1) [in C:\Users\drago\OneDrive\Pulpit\ALL\newest owl judge\app.py:494]
2025-04-15 15:46:26,033 INFO: 404 Not Found: /favicon.ico (Referrer: http://127.0.0.1:5000/admin/dashboard) [in C:\Users\drago\OneDrive\Pulpit\ALL\newest owl judge\app.py:2205]
2025-04-15 15:46:49,912 INFO: 404 Not Found: /favicon.ico (Referrer: http://127.0.0.1:5000/admin/dashboard) [in C:\Users\drago\OneDrive\Pulpit\ALL\newest owl judge\app.py:2205]
2025-04-15 15:47:00,752 INFO: 404 Not Found: /favicon.ico (Referrer: http://127.0.0.1:5000/profile) [in C:\Users\drago\OneDrive\Pulpit\ALL\newest owl judge\app.py:2205]
2025-04-15 15:47:04,984 INFO: 404 Not Found: /favicon.ico (Referrer: http://127.0.0.1:5000/admin/dashboard) [in C:\Users\drago\OneDrive\Pulpit\ALL\newest owl judge\app.py:2205]
2025-04-15 15:47:06,346 INFO: 404 Not Found: /favicon.ico (Referrer: http://127.0.0.1:5000/contact) [in C:\Users\drago\OneDrive\Pulpit\ALL\newest owl judge\app.py:2205]
2025-04-15 15:49:57,940 INFO: OwlJudge startup configured. [in C:\Users\drago\OneDrive\Pulpit\ALL\newest owl judge\app.py:70]
2025-04-15 15:49:57,959 INFO: Initializing database... [in C:\Users\drago\OneDrive\Pulpit\ALL\newest owl judge\app.py:2345]
2025-04-15 15:49:57,961 INFO: Database tables created/verified. [in C:\Users\drago\OneDrive\Pulpit\ALL\newest owl judge\app.py:2349]
2025-04-15 15:49:57,961 INFO: Checking/Creating test data... [in C:\Users\drago\OneDrive\Pulpit\ALL\newest owl judge\app.py:2256]
2025-04-15 15:49:57,968 INFO: No new test data needed. [in C:\Users\drago\OneDrive\Pulpit\ALL\newest owl judge\app.py:2329]
2025-04-15 15:49:57,968 INFO: -------------------- [in C:\Users\drago\OneDrive\Pulpit\ALL\newest owl judge\app.py:2336]
2025-04-15 15:49:57,968 INFO: Starting Flask server on http://127.0.0.1:5000 (Debug: True) [in C:\Users\drago\OneDrive\Pulpit\ALL\newest owl judge\app.py:2373]
2025-04-15 15:49:58,738 INFO: OwlJudge startup configured. [in C:\Users\drago\OneDrive\Pulpit\ALL\newest owl judge\app.py:70]
2025-04-15 15:49:58,757 INFO: Initializing database... [in C:\Users\drago\OneDrive\Pulpit\ALL\newest owl judge\app.py:2345]
2025-04-15 15:49:58,758 INFO: Database tables created/verified. [in C:\Users\drago\OneDrive\Pulpit\ALL\newest owl judge\app.py:2349]
2025-04-15 15:49:58,758 INFO: Checking/Creating test data... [in C:\Users\drago\OneDrive\Pulpit\ALL\newest owl judge\app.py:2256]
2025-04-15 15:49:58,766 INFO: No new test data needed. [in C:\Users\drago\OneDrive\Pulpit\ALL\newest owl judge\app.py:2329]
2025-04-15 15:49:58,766 INFO: -------------------- [in C:\Users\drago\OneDrive\Pulpit\ALL\newest owl judge\app.py:2336]
2025-04-15 15:49:58,766 INFO: Starting Flask server on http://127.0.0.1:5000 (Debug: True) [in C:\Users\drago\OneDrive\Pulpit\ALL\newest owl judge\app.py:2373]
2025-04-15 15:49:58,990 INFO: 404 Not Found: /favicon.ico (Referrer: http://127.0.0.1:5000/contact) [in C:\Users\drago\OneDrive\Pulpit\ALL\newest owl judge\app.py:2205]
2025-04-15 15:50:03,239 INFO: 404 Not Found: /static/images/cday_presentation_blur.jpg (Referrer: http://127.0.0.1:5000/about) [in C:\Users\drago\OneDrive\Pulpit\ALL\newest owl judge\app.py:2205]
2025-04-15 15:50:03,250 INFO: 404 Not Found: /favicon.ico (Referrer: http://127.0.0.1:5000/about) [in C:\Users\drago\OneDrive\Pulpit\ALL\newest owl judge\app.py:2205]
2025-04-15 15:50:04,142 INFO: 404 Not Found: /favicon.ico (Referrer: http://127.0.0.1:5000/login) [in C:\Users\drago\OneDrive\Pulpit\ALL\newest owl judge\app.py:2205]
2025-04-15 15:50:04,840 INFO: 404 Not Found: /static/images/avatar_judge.png (Referrer: http://127.0.0.1:5000/) [in C:\Users\drago\OneDrive\Pulpit\ALL\newest owl judge\app.py:2205]
2025-04-15 15:50:04,841 INFO: 404 Not Found: /static/images/avatar_student.png (Referrer: http://127.0.0.1:5000/) [in C:\Users\drago\OneDrive\Pulpit\ALL\newest owl judge\app.py:2205]
2025-04-15 15:50:04,843 INFO: 404 Not Found: /static/images/avatar_admin.png (Referrer: http://127.0.0.1:5000/) [in C:\Users\drago\OneDrive\Pulpit\ALL\newest owl judge\app.py:2205]
2025-04-15 15:50:04,847 INFO: 404 Not Found: /static/images/ksu_campus_blur.jpg (Referrer: http://127.0.0.1:5000/) [in C:\Users\drago\OneDrive\Pulpit\ALL\newest owl judge\app.py:2205]
2025-04-15 15:50:04,848 INFO: 404 Not Found: /static/images/ksu_campus_wide.jpg (Referrer: http://127.0.0.1:5000/) [in C:\Users\drago\OneDrive\Pulpit\ALL\newest owl judge\app.py:2205]
2025-04-15 15:50:04,877 INFO: 404 Not Found: /favicon.ico (Referrer: http://127.0.0.1:5000/) [in C:\Users\drago\OneDrive\Pulpit\ALL\newest owl judge\app.py:2205]
2025-04-15 15:56:34,936 INFO: 404 Not Found: /static/images/cday_presentation_blur.jpg (Referrer: http://127.0.0.1:5000/about) [in C:\Users\drago\OneDrive\Pulpit\ALL\newest owl judge\app.py:2205]
2025-04-15 15:56:34,955 INFO: 404 Not Found: /favicon.ico (Referrer: http://127.0.0.1:5000/about) [in C:\Users\drago\OneDrive\Pulpit\ALL\newest owl judge\app.py:2205]
2025-04-15 15:56:38,347 INFO: 404 Not Found: /favicon.ico (Referrer: http://127.0.0.1:5000/contact) [in C:\Users\drago\OneDrive\Pulpit\ALL\newest owl judge\app.py:2205]
2025-04-15 15:56:40,983 INFO: 404 Not Found: /static/images/avatar_judge.png (Referrer: http://127.0.0.1:5000/) [in C:\Users\drago\OneDrive\Pulpit\ALL\newest owl judge\app.py:2205]
2025-04-15 15:56:40,985 INFO: 404 Not Found: /static/images/avatar_student.png (Referrer: http://127.0.0.1:5000/) [in C:\Users\drago\OneDrive\Pulpit\ALL\newest owl judge\app.py:2205]
2025-04-15 15:56:40,986 INFO: 404 Not Found: /static/images/avatar_admin.png (Referrer: http://127.0.0.1:5000/) [in C:\Users\drago\OneDrive\Pulpit\ALL\newest owl judge\app.py:2205]
2025-04-15 15:56:40,987 INFO: 404 Not Found: /static/images/ksu_campus_blur.jpg (Referrer: http://127.0.0.1:5000/) [in C:\Users\drago\OneDrive\Pulpit\ALL\newest owl judge\app.py:2205]
2025-04-15 15:56:40,988 INFO: 404 Not Found: /static/images/ksu_campus_wide.jpg (Referrer: http://127.0.0.1:5000/) [in C:\Users\drago\OneDrive\Pulpit\ALL\newest owl judge\app.py:2205]
2025-04-15 15:56:41,031 INFO: 404 Not Found: /favicon.ico (Referrer: http://127.0.0.1:5000/) [in C:\Users\drago\OneDrive\Pulpit\ALL\newest owl judge\app.py:2205]
2025-04-15 15:56:48,870 INFO: 404 Not Found: /favicon.ico (Referrer: http://127.0.0.1:5000/signup) [in C:\Users\drago\OneDrive\Pulpit\ALL\newest owl judge\app.py:2205]
2025-04-15 15:56:52,553 INFO: 404 Not Found: /favicon.ico (Referrer: http://127.0.0.1:5000/) [in C:\Users\drago\OneDrive\Pulpit\ALL\newest owl judge\app.py:2205]
2025-04-15 15:57:25,965 INFO: OwlJudge startup configured. [in C:\Users\drago\OneDrive\Pulpit\ALL\newest owl judge\app.py:70]
2025-04-15 15:57:25,984 INFO: Initializing database... [in C:\Users\drago\OneDrive\Pulpit\ALL\newest owl judge\app.py:2345]
2025-04-15 15:57:25,986 INFO: Database tables created/verified. [in C:\Users\drago\OneDrive\Pulpit\ALL\newest owl judge\app.py:2349]
2025-04-15 15:57:25,986 INFO: Checking/Creating test data... [in C:\Users\drago\OneDrive\Pulpit\ALL\newest owl judge\app.py:2256]
2025-04-15 15:57:25,994 INFO: No new test data needed. [in C:\Users\drago\OneDrive\Pulpit\ALL\newest owl judge\app.py:2329]
2025-04-15 15:57:25,994 INFO: -------------------- [in C:\Users\drago\OneDrive\Pulpit\ALL\newest owl judge\app.py:2336]
2025-04-15 15:57:25,995 INFO: Starting Flask server on http://127.0.0.1:5000 (Debug: True) [in C:\Users\drago\OneDrive\Pulpit\ALL\newest owl judge\app.py:2373]
2025-04-15 15:57:26,727 INFO: OwlJudge startup configured. [in C:\Users\drago\OneDrive\Pulpit\ALL\newest owl judge\app.py:70]
2025-04-15 15:57:26,744 INFO: Initializing database... [in C:\Users\drago\OneDrive\Pulpit\ALL\newest owl judge\app.py:2345]
2025-04-15 15:57:26,745 INFO: Database tables created/verified. [in C:\Users\drago\OneDrive\Pulpit\ALL\newest owl judge\app.py:2349]
2025-04-15 15:57:26,746 INFO: Checking/Creating test data... [in C:\Users\drago\OneDrive\Pulpit\ALL\newest owl judge\app.py:2256]
2025-04-15 15:57:26,753 INFO: No new test data needed. [in C:\Users\drago\OneDrive\Pulpit\ALL\newest owl judge\app.py:2329]
2025-04-15 15:57:26,753 INFO: -------------------- [in C:\Users\drago\OneDrive\Pulpit\ALL\newest owl judge\app.py:2336]
2025-04-15 15:57:26,753 INFO: Starting Flask server on http://127.0.0.1:5000 (Debug: True) [in C:\Users\drago\OneDrive\Pulpit\ALL\newest owl judge\app.py:2373]
2025-04-15 15:57:26,804 INFO: 404 Not Found: /static/images/avatar_judge.png (Referrer: http://127.0.0.1:5000/) [in C:\Users\drago\OneDrive\Pulpit\ALL\newest owl judge\app.py:2205]
2025-04-15 15:57:26,805 INFO: 404 Not Found: /static/images/avatar_student.png (Referrer: http://127.0.0.1:5000/) [in C:\Users\drago\OneDrive\Pulpit\ALL\newest owl judge\app.py:2205]
2025-04-15 15:57:26,806 INFO: 404 Not Found: /static/images/avatar_admin.png (Referrer: http://127.0.0.1:5000/) [in C:\Users\drago\OneDrive\Pulpit\ALL\newest owl judge\app.py:2205]
2025-04-15 15:57:26,808 INFO: 404 Not Found: /static/images/ksu_campus_blur.jpg (Referrer: http://127.0.0.1:5000/) [in C:\Users\drago\OneDrive\Pulpit\ALL\newest owl judge\app.py:2205]
2025-04-15 15:57:26,808 INFO: 404 Not Found: /static/images/ksu_campus_wide.jpg (Referrer: http://127.0.0.1:5000/) [in C:\Users\drago\OneDrive\Pulpit\ALL\newest owl judge\app.py:2205]
2025-04-15 15:57:26,842 INFO: 404 Not Found: /favicon.ico (Referrer: http://127.0.0.1:5000/) [in C:\Users\drago\OneDrive\Pulpit\ALL\newest owl judge\app.py:2205]
2025-04-15 15:57:27,999 INFO: 404 Not Found: /static/images/avatar_judge.png (Referrer: http://127.0.0.1:5000/) [in C:\Users\drago\OneDrive\Pulpit\ALL\newest owl judge\app.py:2205]
2025-04-15 15:57:27,999 INFO: 404 Not Found: /static/images/avatar_student.png (Referrer: http://127.0.0.1:5000/) [in C:\Users\drago\OneDrive\Pulpit\ALL\newest owl judge\app.py:2205]
2025-04-15 15:57:28,000 INFO: 404 Not Found: /static/images/avatar_admin.png (Referrer: http://127.0.0.1:5000/) [in C:\Users\drago\OneDrive\Pulpit\ALL\newest owl judge\app.py:2205]
2025-04-15 15:57:28,002 INFO: 404 Not Found: /static/images/ksu_campus_blur.jpg (Referrer: http://127.0.0.1:5000/) [in C:\Users\drago\OneDrive\Pulpit\ALL\newest owl judge\app.py:2205]
2025-04-15 15:57:28,005 INFO: 404 Not Found: /static/images/ksu_campus_wide.jpg (Referrer: http://127.0.0.1:5000/) [in C:\Users\drago\OneDrive\Pulpit\ALL\newest owl judge\app.py:2205]
2025-04-15 15:57:28,033 INFO: 404 Not Found: /favicon.ico (Referrer: http://127.0.0.1:5000/) [in C:\Users\drago\OneDrive\Pulpit\ALL\newest owl judge\app.py:2205]
2025-04-15 15:58:03,521 INFO: 404 Not Found: /favicon.ico (Referrer: http://127.0.0.1:5000/login) [in C:\Users\drago\OneDrive\Pulpit\ALL\newest owl judge\app.py:2205]
2025-04-15 15:58:04,816 INFO: 404 Not Found: /static/images/avatar_judge.png (Referrer: http://127.0.0.1:5000/) [in C:\Users\drago\OneDrive\Pulpit\ALL\newest owl judge\app.py:2205]
2025-04-15 15:58:04,818 INFO: 404 Not Found: /static/images/avatar_student.png (Referrer: http://127.0.0.1:5000/) [in C:\Users\drago\OneDrive\Pulpit\ALL\newest owl judge\app.py:2205]
2025-04-15 15:58:04,820 INFO: 404 Not Found: /static/images/avatar_admin.png (Referrer: http://127.0.0.1:5000/) [in C:\Users\drago\OneDrive\Pulpit\ALL\newest owl judge\app.py:2205]
2025-04-15 15:58:04,821 INFO: 404 Not Found: /static/images/ksu_campus_blur.jpg (Referrer: http://127.0.0.1:5000/) [in C:\Users\drago\OneDrive\Pulpit\ALL\newest owl judge\app.py:2205]
2025-04-15 15:58:04,823 INFO: 404 Not Found: /static/images/ksu_campus_wide.jpg (Referrer: http://127.0.0.1:5000/) [in C:\Users\drago\OneDrive\Pulpit\ALL\newest owl judge\app.py:2205]
2025-04-15 15:58:04,864 INFO: 404 Not Found: /favicon.ico (Referrer: http://127.0.0.1:5000/) [in C:\Users\drago\OneDrive\Pulpit\ALL\newest owl judge\app.py:2205]
2025-04-15 16:08:46,052 INFO: OwlJudge startup configured. [in C:\Users\drago\OneDrive\Pulpit\ALL\newest owl judge\app.py:70]
2025-04-15 16:08:46,072 INFO: Initializing database... [in C:\Users\drago\OneDrive\Pulpit\ALL\newest owl judge\app.py:2345]
2025-04-15 16:08:46,074 INFO: Database tables created/verified. [in C:\Users\drago\OneDrive\Pulpit\ALL\newest owl judge\app.py:2349]
2025-04-15 16:08:46,074 INFO: Checking/Creating test data... [in C:\Users\drago\OneDrive\Pulpit\ALL\newest owl judge\app.py:2256]
2025-04-15 16:08:46,082 INFO: No new test data needed. [in C:\Users\drago\OneDrive\Pulpit\ALL\newest owl judge\app.py:2329]
2025-04-15 16:08:46,082 INFO: -------------------- [in C:\Users\drago\OneDrive\Pulpit\ALL\newest owl judge\app.py:2336]
2025-04-15 16:08:46,082 INFO: Starting Flask server on http://127.0.0.1:5000 (Debug: True) [in C:\Users\drago\OneDrive\Pulpit\ALL\newest owl judge\app.py:2373]
2025-04-15 16:08:47,536 INFO: OwlJudge startup configured. [in C:\Users\drago\OneDrive\Pulpit\ALL\newest owl judge\app.py:70]
2025-04-15 16:08:47,559 INFO: Initializing database... [in C:\Users\drago\OneDrive\Pulpit\ALL\newest owl judge\app.py:2345]
2025-04-15 16:08:47,561 INFO: Database tables created/verified. [in C:\Users\drago\OneDrive\Pulpit\ALL\newest owl judge\app.py:2349]
2025-04-15 16:08:47,561 INFO: Checking/Creating test data... [in C:\Users\drago\OneDrive\Pulpit\ALL\newest owl judge\app.py:2256]
2025-04-15 16:08:47,571 INFO: No new test data needed. [in C:\Users\drago\OneDrive\Pulpit\ALL\newest owl judge\app.py:2329]
2025-04-15 16:08:47,571 INFO: -------------------- [in C:\Users\drago\OneDrive\Pulpit\ALL\newest owl judge\app.py:2336]
2025-04-15 16:08:47,571 INFO: Starting Flask server on http://127.0.0.1:5000 (Debug: True) [in C:\Users\drago\OneDrive\Pulpit\ALL\newest owl judge\app.py:2373]
2025-04-15 16:08:47,643 INFO: 404 Not Found: /favicon.ico (Referrer: http://127.0.0.1:5000/login) [in C:\Users\drago\OneDrive\Pulpit\ALL\newest owl judge\app.py:2205]
2025-04-15 16:08:50,130 INFO: User login successful: admin@example.com (ID: 1) [in C:\Users\drago\OneDrive\Pulpit\ALL\newest owl judge\app.py:494]
2025-04-15 16:08:51,706 INFO: 404 Not Found: /favicon.ico (Referrer: http://127.0.0.1:5000/admin/dashboard) [in C:\Users\drago\OneDrive\Pulpit\ALL\newest owl judge\app.py:2205]
2025-04-15 16:09:02,413 INFO: 404 Not Found: /admin/projects/1/judges (Referrer: http://127.0.0.1:5000/admin/dashboard) [in C:\Users\drago\OneDrive\Pulpit\ALL\newest owl judge\app.py:2205]
2025-04-15 16:09:05,150 INFO: 404 Not Found: /admin/projects/1/judges (Referrer: http://127.0.0.1:5000/admin/dashboard) [in C:\Users\drago\OneDrive\Pulpit\ALL\newest owl judge\app.py:2205]
2025-04-15 16:10:02,521 INFO: Admin 1 exporting projects to owljudge_projects_20250415_161002.xlsx [in C:\Users\drago\OneDrive\Pulpit\ALL\newest owl judge\app.py:1687]
2025-04-15 16:10:15,999 INFO: 404 Not Found: /favicon.ico (Referrer: http://127.0.0.1:5000/contact) [in C:\Users\drago\OneDrive\Pulpit\ALL\newest owl judge\app.py:2205]
2025-04-15 16:10:17,945 INFO: 404 Not Found: /static/images/cday_presentation_blur.jpg (Referrer: http://127.0.0.1:5000/about) [in C:\Users\drago\OneDrive\Pulpit\ALL\newest owl judge\app.py:2205]
2025-04-15 16:10:17,959 INFO: 404 Not Found: /favicon.ico (Referrer: http://127.0.0.1:5000/about) [in C:\Users\drago\OneDrive\Pulpit\ALL\newest owl judge\app.py:2205]
2025-04-15 16:10:22,254 INFO: 404 Not Found: /static/images/avatar_judge.png (Referrer: http://127.0.0.1:5000/) [in C:\Users\drago\OneDrive\Pulpit\ALL\newest owl judge\app.py:2205]
2025-04-15 16:10:22,254 INFO: 404 Not Found: /static/images/avatar_student.png (Referrer: http://127.0.0.1:5000/) [in C:\Users\drago\OneDrive\Pulpit\ALL\newest owl judge\app.py:2205]
2025-04-15 16:10:22,255 INFO: 404 Not Found: /static/images/avatar_admin.png (Referrer: http://127.0.0.1:5000/) [in C:\Users\drago\OneDrive\Pulpit\ALL\newest owl judge\app.py:2205]
2025-04-15 16:10:22,257 INFO: 404 Not Found: /static/images/ksu_campus_blur.jpg (Referrer: http://127.0.0.1:5000/) [in C:\Users\drago\OneDrive\Pulpit\ALL\newest owl judge\app.py:2205]
2025-04-15 16:10:22,260 INFO: 404 Not Found: /static/images/ksu_campus_wide.jpg (Referrer: http://127.0.0.1:5000/) [in C:\Users\drago\OneDrive\Pulpit\ALL\newest owl judge\app.py:2205]
2025-04-15 16:10:22,293 INFO: 404 Not Found: /favicon.ico (Referrer: http://127.0.0.1:5000/) [in C:\Users\drago\OneDrive\Pulpit\ALL\newest owl judge\app.py:2205]
2025-04-15 16:10:58,921 INFO: OwlJudge startup configured. [in C:\Users\drago\OneDrive\Pulpit\ALL\newest owl judge\app.py:70]
2025-04-15 16:10:58,941 INFO: Initializing database... [in C:\Users\drago\OneDrive\Pulpit\ALL\newest owl judge\app.py:2345]
2025-04-15 16:10:58,943 INFO: Database tables created/verified. [in C:\Users\drago\OneDrive\Pulpit\ALL\newest owl judge\app.py:2349]
2025-04-15 16:10:58,943 INFO: Checking/Creating test data... [in C:\Users\drago\OneDrive\Pulpit\ALL\newest owl judge\app.py:2256]
2025-04-15 16:10:58,952 INFO: No new test data needed. [in C:\Users\drago\OneDrive\Pulpit\ALL\newest owl judge\app.py:2329]
2025-04-15 16:10:58,952 INFO: -------------------- [in C:\Users\drago\OneDrive\Pulpit\ALL\newest owl judge\app.py:2336]
2025-04-15 16:10:58,952 INFO: Starting Flask server on http://127.0.0.1:5000 (Debug: True) [in C:\Users\drago\OneDrive\Pulpit\ALL\newest owl judge\app.py:2373]
2025-04-15 16:11:00,245 INFO: OwlJudge startup configured. [in C:\Users\drago\OneDrive\Pulpit\ALL\newest owl judge\app.py:70]
2025-04-15 16:11:00,269 INFO: Initializing database... [in C:\Users\drago\OneDrive\Pulpit\ALL\newest owl judge\app.py:2345]
2025-04-15 16:11:00,270 INFO: Database tables created/verified. [in C:\Users\drago\OneDrive\Pulpit\ALL\newest owl judge\app.py:2349]
2025-04-15 16:11:00,270 INFO: Checking/Creating test data... [in C:\Users\drago\OneDrive\Pulpit\ALL\newest owl judge\app.py:2256]
2025-04-15 16:11:00,279 INFO: No new test data needed. [in C:\Users\drago\OneDrive\Pulpit\ALL\newest owl judge\app.py:2329]
2025-04-15 16:11:00,280 INFO: -------------------- [in C:\Users\drago\OneDrive\Pulpit\ALL\newest owl judge\app.py:2336]
2025-04-15 16:11:00,280 INFO: Starting Flask server on http://127.0.0.1:5000 (Debug: True) [in C:\Users\drago\OneDrive\Pulpit\ALL\newest owl judge\app.py:2373]
2025-04-15 16:11:00,339 INFO: 404 Not Found: /static/images/avatar_judge.png (Referrer: http://127.0.0.1:5000/) [in C:\Users\drago\OneDrive\Pulpit\ALL\newest owl judge\app.py:2205]
2025-04-15 16:11:00,340 INFO: 404 Not Found: /static/images/avatar_student.png (Referrer: http://127.0.0.1:5000/) [in C:\Users\drago\OneDrive\Pulpit\ALL\newest owl judge\app.py:2205]
2025-04-15 16:11:00,341 INFO: 404 Not Found: /static/images/avatar_admin.png (Referrer: http://127.0.0.1:5000/) [in C:\Users\drago\OneDrive\Pulpit\ALL\newest owl judge\app.py:2205]
2025-04-15 16:11:00,344 INFO: 404 Not Found: /static/images/ksu_campus_blur.jpg (Referrer: http://127.0.0.1:5000/) [in C:\Users\drago\OneDrive\Pulpit\ALL\newest owl judge\app.py:2205]
2025-04-15 16:11:00,346 INFO: 404 Not Found: /static/images/ksu_campus_wide.jpg (Referrer: http://127.0.0.1:5000/) [in C:\Users\drago\OneDrive\Pulpit\ALL\newest owl judge\app.py:2205]
2025-04-15 16:11:00,389 INFO: 404 Not Found: /favicon.ico (Referrer: http://127.0.0.1:5000/) [in C:\Users\drago\OneDrive\Pulpit\ALL\newest owl judge\app.py:2205]
2025-04-15 16:11:01,593 INFO: 404 Not Found: /favicon.ico (Referrer: http://127.0.0.1:5000/login) [in C:\Users\drago\OneDrive\Pulpit\ALL\newest owl judge\app.py:2205]
2025-04-15 16:11:03,942 INFO: 404 Not Found: /static/images/cday_presentation_blur.jpg (Referrer: http://127.0.0.1:5000/about) [in C:\Users\drago\OneDrive\Pulpit\ALL\newest owl judge\app.py:2205]
2025-04-15 16:11:03,953 INFO: 404 Not Found: /favicon.ico (Referrer: http://127.0.0.1:5000/about) [in C:\Users\drago\OneDrive\Pulpit\ALL\newest owl judge\app.py:2205]
2025-04-15 16:11:06,117 INFO: 404 Not Found: /favicon.ico (Referrer: http://127.0.0.1:5000/contact) [in C:\Users\drago\OneDrive\Pulpit\ALL\newest owl judge\app.py:2205]
2025-04-15 16:11:07,888 INFO: 404 Not Found: /static/images/avatar_judge.png (Referrer: http://127.0.0.1:5000/) [in C:\Users\drago\OneDrive\Pulpit\ALL\newest owl judge\app.py:2205]
2025-04-15 16:11:07,889 INFO: 404 Not Found: /static/images/avatar_student.png (Referrer: http://127.0.0.1:5000/) [in C:\Users\drago\OneDrive\Pulpit\ALL\newest owl judge\app.py:2205]
2025-04-15 16:11:07,890 INFO: 404 Not Found: /static/images/avatar_admin.png (Referrer: http://127.0.0.1:5000/) [in C:\Users\drago\OneDrive\Pulpit\ALL\newest owl judge\app.py:2205]
2025-04-15 16:11:07,892 INFO: 404 Not Found: /static/images/ksu_campus_blur.jpg (Referrer: http://127.0.0.1:5000/) [in C:\Users\drago\OneDrive\Pulpit\ALL\newest owl judge\app.py:2205]
2025-04-15 16:11:07,895 INFO: 404 Not Found: /static/images/ksu_campus_wide.jpg (Referrer: http://127.0.0.1:5000/) [in C:\Users\drago\OneDrive\Pulpit\ALL\newest owl judge\app.py:2205]
2025-04-15 16:11:07,931 INFO: 404 Not Found: /favicon.ico (Referrer: http://127.0.0.1:5000/) [in C:\Users\drago\OneDrive\Pulpit\ALL\newest owl judge\app.py:2205]
2025-04-15 16:11:09,052 INFO: 404 Not Found: /favicon.ico (Referrer: http://127.0.0.1:5000/login) [in C:\Users\drago\OneDrive\Pulpit\ALL\newest owl judge\app.py:2205]
2025-04-15 16:11:11,373 INFO: User login successful: admin@example.com (ID: 1) [in C:\Users\drago\OneDrive\Pulpit\ALL\newest owl judge\app.py:494]
2025-04-15 16:11:12,967 INFO: 404 Not Found: /favicon.ico (Referrer: http://127.0.0.1:5000/admin/dashboard) [in C:\Users\drago\OneDrive\Pulpit\ALL\newest owl judge\app.py:2205]
2025-04-15 16:17:28,608 INFO: 404 Not Found: /favicon.ico (Referrer: http://127.0.0.1:5000/contact) [in C:\Users\drago\OneDrive\Pulpit\ALL\newest owl judge\app.py:2205]
2025-04-15 16:17:29,134 INFO: 404 Not Found: /static/images/cday_presentation_blur.jpg (Referrer: http://127.0.0.1:5000/about) [in C:\Users\drago\OneDrive\Pulpit\ALL\newest owl judge\app.py:2205]
2025-04-15 16:17:29,150 INFO: 404 Not Found: /favicon.ico (Referrer: http://127.0.0.1:5000/about) [in C:\Users\drago\OneDrive\Pulpit\ALL\newest owl judge\app.py:2205]
2025-04-15 16:17:29,616 INFO: 404 Not Found: /favicon.ico (Referrer: http://127.0.0.1:5000/audience) [in C:\Users\drago\OneDrive\Pulpit\ALL\newest owl judge\app.py:2205]
2025-04-15 16:17:31,119 INFO: 404 Not Found: /static/images/avatar_judge.png (Referrer: http://127.0.0.1:5000/) [in C:\Users\drago\OneDrive\Pulpit\ALL\newest owl judge\app.py:2205]
2025-04-15 16:17:31,120 INFO: 404 Not Found: /static/images/avatar_student.png (Referrer: http://127.0.0.1:5000/) [in C:\Users\drago\OneDrive\Pulpit\ALL\newest owl judge\app.py:2205]
2025-04-15 16:17:31,122 INFO: 404 Not Found: /static/images/avatar_admin.png (Referrer: http://127.0.0.1:5000/) [in C:\Users\drago\OneDrive\Pulpit\ALL\newest owl judge\app.py:2205]
2025-04-15 16:17:31,127 INFO: 404 Not Found: /static/images/ksu_campus_blur.jpg (Referrer: http://127.0.0.1:5000/) [in C:\Users\drago\OneDrive\Pulpit\ALL\newest owl judge\app.py:2205]
2025-04-15 16:17:31,128 INFO: 404 Not Found: /static/images/ksu_campus_wide.jpg (Referrer: http://127.0.0.1:5000/) [in C:\Users\drago\OneDrive\Pulpit\ALL\newest owl judge\app.py:2205]
2025-04-15 16:17:31,159 INFO: 404 Not Found: /favicon.ico (Referrer: http://127.0.0.1:5000/) [in C:\Users\drago\OneDrive\Pulpit\ALL\newest owl judge\app.py:2205]
2025-04-15 16:17:37,916 INFO: 404 Not Found: /favicon.ico (Referrer: http://127.0.0.1:5000/vote) [in C:\Users\drago\OneDrive\Pulpit\ALL\newest owl judge\app.py:2205]
2025-04-15 16:17:46,515 INFO: 404 Not Found: /favicon.ico (Referrer: http://127.0.0.1:5000/) [in C:\Users\drago\OneDrive\Pulpit\ALL\newest owl judge\app.py:2205]
2025-04-15 16:19:07,081 INFO: OwlJudge startup configured. [in C:\Users\drago\OneDrive\Pulpit\ALL\newest owl judge\app.py:80]
2025-04-15 16:35:06,835 INFO: OwlJudge startup configured. [in C:\Users\drago\OneDrive\Pulpit\ALL\newest owl judge\app.py:70]
2025-04-15 16:35:06,856 INFO: Initializing database... [in C:\Users\drago\OneDrive\Pulpit\ALL\newest owl judge\app.py:2345]
2025-04-15 16:35:06,857 INFO: Database tables created/verified. [in C:\Users\drago\OneDrive\Pulpit\ALL\newest owl judge\app.py:2349]
2025-04-15 16:35:06,857 INFO: Checking/Creating test data... [in C:\Users\drago\OneDrive\Pulpit\ALL\newest owl judge\app.py:2256]
2025-04-15 16:35:06,866 INFO: No new test data needed. [in C:\Users\drago\OneDrive\Pulpit\ALL\newest owl judge\app.py:2329]
2025-04-15 16:35:06,866 INFO: -------------------- [in C:\Users\drago\OneDrive\Pulpit\ALL\newest owl judge\app.py:2336]
2025-04-15 16:35:06,866 INFO: Starting Flask server on http://127.0.0.1:5000 (Debug: True) [in C:\Users\drago\OneDrive\Pulpit\ALL\newest owl judge\app.py:2373]
2025-04-15 16:35:08,031 INFO: OwlJudge startup configured. [in C:\Users\drago\OneDrive\Pulpit\ALL\newest owl judge\app.py:70]
2025-04-15 16:35:08,049 INFO: Initializing database... [in C:\Users\drago\OneDrive\Pulpit\ALL\newest owl judge\app.py:2345]
2025-04-15 16:35:08,051 INFO: Database tables created/verified. [in C:\Users\drago\OneDrive\Pulpit\ALL\newest owl judge\app.py:2349]
2025-04-15 16:35:08,051 INFO: Checking/Creating test data... [in C:\Users\drago\OneDrive\Pulpit\ALL\newest owl judge\app.py:2256]
2025-04-15 16:35:08,059 INFO: No new test data needed. [in C:\Users\drago\OneDrive\Pulpit\ALL\newest owl judge\app.py:2329]
2025-04-15 16:35:08,059 INFO: -------------------- [in C:\Users\drago\OneDrive\Pulpit\ALL\newest owl judge\app.py:2336]
2025-04-15 16:35:08,059 INFO: Starting Flask server on http://127.0.0.1:5000 (Debug: True) [in C:\Users\drago\OneDrive\Pulpit\ALL\newest owl judge\app.py:2373]
2025-04-15 16:35:08,767 INFO: 404 Not Found: /static/images/avatar_judge.png (Referrer: http://127.0.0.1:5000/) [in C:\Users\drago\OneDrive\Pulpit\ALL\newest owl judge\app.py:2205]
2025-04-15 16:35:08,768 INFO: 404 Not Found: /static/images/avatar_student.png (Referrer: http://127.0.0.1:5000/) [in C:\Users\drago\OneDrive\Pulpit\ALL\newest owl judge\app.py:2205]
2025-04-15 16:35:08,769 INFO: 404 Not Found: /static/images/avatar_admin.png (Referrer: http://127.0.0.1:5000/) [in C:\Users\drago\OneDrive\Pulpit\ALL\newest owl judge\app.py:2205]
2025-04-15 16:35:08,790 INFO: 404 Not Found: /static/images/ksu_campus_blur.jpg (Referrer: http://127.0.0.1:5000/) [in C:\Users\drago\OneDrive\Pulpit\ALL\newest owl judge\app.py:2205]
2025-04-15 16:35:08,791 INFO: 404 Not Found: /static/images/ksu_campus_wide.jpg (Referrer: http://127.0.0.1:5000/) [in C:\Users\drago\OneDrive\Pulpit\ALL\newest owl judge\app.py:2205]
2025-04-15 16:35:08,908 INFO: 404 Not Found: /favicon.ico (Referrer: http://127.0.0.1:5000/) [in C:\Users\drago\OneDrive\Pulpit\ALL\newest owl judge\app.py:2205]
2025-04-15 16:35:09,457 INFO: 404 Not Found: /favicon.ico (Referrer: http://127.0.0.1:5000/login) [in C:\Users\drago\OneDrive\Pulpit\ALL\newest owl judge\app.py:2205]
2025-04-15 16:35:11,501 INFO: User login successful: admin@example.com (ID: 1) [in C:\Users\drago\OneDrive\Pulpit\ALL\newest owl judge\app.py:494]
2025-04-15 16:35:13,100 INFO: 404 Not Found: /favicon.ico (Referrer: http://127.0.0.1:5000/admin/dashboard) [in C:\Users\drago\OneDrive\Pulpit\ALL\newest owl judge\app.py:2205]
2025-04-15 16:35:44,003 INFO: 404 Not Found: /favicon.ico (Referrer: http://127.0.0.1:5000/admin/dashboard) [in C:\Users\drago\OneDrive\Pulpit\ALL\newest owl judge\app.py:2205]
2025-04-15 16:39:39,091 INFO: OwlJudge startup configured. [in C:\Users\drago\OneDrive\Pulpit\ALL\newest owl judge\app.py:70]
2025-04-15 16:39:39,109 INFO: Initializing database... [in C:\Users\drago\OneDrive\Pulpit\ALL\newest owl judge\app.py:2345]
2025-04-15 16:39:39,111 INFO: Database tables created/verified. [in C:\Users\drago\OneDrive\Pulpit\ALL\newest owl judge\app.py:2349]
2025-04-15 16:39:39,111 INFO: Checking/Creating test data... [in C:\Users\drago\OneDrive\Pulpit\ALL\newest owl judge\app.py:2256]
2025-04-15 16:39:39,118 INFO: No new test data needed. [in C:\Users\drago\OneDrive\Pulpit\ALL\newest owl judge\app.py:2329]
2025-04-15 16:39:39,118 INFO: -------------------- [in C:\Users\drago\OneDrive\Pulpit\ALL\newest owl judge\app.py:2336]
2025-04-15 16:39:39,118 INFO: Starting Flask server on http://127.0.0.1:5000 (Debug: True) [in C:\Users\drago\OneDrive\Pulpit\ALL\newest owl judge\app.py:2373]
2025-04-15 16:41:38,399 INFO: OwlJudge startup configured. [in C:\Users\drago\OneDrive\Pulpit\ALL\newest owl judge\app.py:70]
2025-04-15 16:41:38,417 INFO: Initializing database... [in C:\Users\drago\OneDrive\Pulpit\ALL\newest owl judge\app.py:2345]
2025-04-15 16:41:38,419 INFO: Database tables created/verified. [in C:\Users\drago\OneDrive\Pulpit\ALL\newest owl judge\app.py:2349]
2025-04-15 16:41:38,419 INFO: Checking/Creating test data... [in C:\Users\drago\OneDrive\Pulpit\ALL\newest owl judge\app.py:2256]
2025-04-15 16:41:38,426 INFO: No new test data needed. [in C:\Users\drago\OneDrive\Pulpit\ALL\newest owl judge\app.py:2329]
2025-04-15 16:41:38,426 INFO: -------------------- [in C:\Users\drago\OneDrive\Pulpit\ALL\newest owl judge\app.py:2336]
2025-04-15 16:41:38,426 INFO: Starting Flask server on http://127.0.0.1:5000 (Debug: True) [in C:\Users\drago\OneDrive\Pulpit\ALL\newest owl judge\app.py:2373]
2025-04-15 16:41:39,134 INFO: OwlJudge startup configured. [in C:\Users\drago\OneDrive\Pulpit\ALL\newest owl judge\app.py:70]
2025-04-15 16:41:39,151 INFO: Initializing database... [in C:\Users\drago\OneDrive\Pulpit\ALL\newest owl judge\app.py:2345]
2025-04-15 16:41:39,153 INFO: Database tables created/verified. [in C:\Users\drago\OneDrive\Pulpit\ALL\newest owl judge\app.py:2349]
2025-04-15 16:41:39,153 INFO: Checking/Creating test data... [in C:\Users\drago\OneDrive\Pulpit\ALL\newest owl judge\app.py:2256]
2025-04-15 16:41:39,162 INFO: No new test data needed. [in C:\Users\drago\OneDrive\Pulpit\ALL\newest owl judge\app.py:2329]
2025-04-15 16:41:39,162 INFO: -------------------- [in C:\Users\drago\OneDrive\Pulpit\ALL\newest owl judge\app.py:2336]
2025-04-15 16:41:39,162 INFO: Starting Flask server on http://127.0.0.1:5000 (Debug: True) [in C:\Users\drago\OneDrive\Pulpit\ALL\newest owl judge\app.py:2373]
2025-04-15 16:45:37,603 INFO: OwlJudge startup configured. [in C:\Users\drago\OneDrive\Pulpit\ALL\newest owl judge\app.py:70]
2025-04-15 16:45:38,012 INFO: OwlJudge startup configured. [in C:\Users\drago\OneDrive\Pulpit\ALL\newest owl judge\app.py:70]
2025-04-15 16:45:38,030 INFO: Initializing database... [in C:\Users\drago\OneDrive\Pulpit\ALL\newest owl judge\app.py:2345]
2025-04-15 16:45:38,186 INFO: Database tables created/verified. [in C:\Users\drago\OneDrive\Pulpit\ALL\newest owl judge\app.py:2349]
2025-04-15 16:45:38,186 INFO: Checking/Creating test data... [in C:\Users\drago\OneDrive\Pulpit\ALL\newest owl judge\app.py:2256]
2025-04-15 16:45:38,268 INFO:  -> Created test admin: admin@example.com / StrongAdminP@ss123! [in C:\Users\drago\OneDrive\Pulpit\ALL\newest owl judge\app.py:2268]
2025-04-15 16:45:38,346 INFO:  -> Created test judge: judge@example.com / StrongJudgeP@ss123! [in C:\Users\drago\OneDrive\Pulpit\ALL\newest owl judge\app.py:2280]
2025-04-15 16:45:38,423 INFO:  -> Created test user: user@example.com / StrongUserP@ss123! [in C:\Users\drago\OneDrive\Pulpit\ALL\newest owl judge\app.py:2292]
2025-04-15 16:45:38,503 INFO:  -> Created test user requesting judge role: request@example.com / StrongRequestP@ss123! [in C:\Users\drago\OneDrive\Pulpit\ALL\newest owl judge\app.py:2304]
2025-04-15 16:45:38,506 INFO:  -> Created test project: AI Ethics Analyzer [in C:\Users\drago\OneDrive\Pulpit\ALL\newest owl judge\app.py:2321]
2025-04-15 16:45:38,507 INFO:  -> Created test project: Community Connect App [in C:\Users\drago\OneDrive\Pulpit\ALL\newest owl judge\app.py:2321]
2025-04-15 16:45:38,508 INFO:  -> Created test project: Smart Garden System [in C:\Users\drago\OneDrive\Pulpit\ALL\newest owl judge\app.py:2321]
2025-04-15 16:45:38,525 INFO: Test data changes committed. [in C:\Users\drago\OneDrive\Pulpit\ALL\newest owl judge\app.py:2327]
2025-04-15 16:45:38,525 INFO: -------------------- [in C:\Users\drago\OneDrive\Pulpit\ALL\newest owl judge\app.py:2336]
2025-04-15 16:45:38,525 INFO: Starting Flask server on http://127.0.0.1:5000 (Debug: True) [in C:\Users\drago\OneDrive\Pulpit\ALL\newest owl judge\app.py:2373]
2025-04-15 16:45:43,068 WARNING: Failed login attempt for email: nonexistent@test.com [in C:\Users\drago\OneDrive\Pulpit\ALL\newest owl judge\app.py:510]
2025-04-15 16:45:43,637 WARNING: Failed login attempt for email: user@test.com [in C:\Users\drago\OneDrive\Pulpit\ALL\newest owl judge\app.py:510]
2025-04-15 16:45:45,733 WARNING: Signup attempt failed: Email 'user@test.com' already registered. [in C:\Users\drago\OneDrive\Pulpit\ALL\newest owl judge\app.py:430]
2025-04-15 16:45:46,207 WARNING: Signup validation failed for mismatch@test.com: Passwords do not match. [in C:\Users\drago\OneDrive\Pulpit\ALL\newest owl judge\app.py:423]
2025-04-15 16:45:47,287 WARNING: Signup validation failed for weak@test.com: Password must be at least 12 characters long.; Password must contain at least one uppercase letter.; Password must contain at least one number.; Password must contain at least one symbol. [in C:\Users\drago\OneDrive\Pulpit\ALL\newest owl judge\app.py:423]
2025-04-15 16:45:50,071 WARNING: Failed password change attempt for user 3: Incorrect current password. [in C:\Users\drago\OneDrive\Pulpit\ALL\newest owl judge\app.py:580]
2025-04-15 16:45:56,899 INFO: OwlJudge startup configured. [in C:\Users\drago\OneDrive\Pulpit\ALL\newest owl judge\app.py:70]
2025-04-15 16:46:02,320 WARNING: Failed login attempt for email: nonexistent@test.com [in C:\Users\drago\OneDrive\Pulpit\ALL\newest owl judge\app.py:510]
2025-04-15 16:46:02,904 WARNING: Failed login attempt for email: user@test.com [in C:\Users\drago\OneDrive\Pulpit\ALL\newest owl judge\app.py:510]
2025-04-15 16:46:05,048 WARNING: Signup attempt failed: Email 'user@test.com' already registered. [in C:\Users\drago\OneDrive\Pulpit\ALL\newest owl judge\app.py:430]
2025-04-15 16:46:05,532 WARNING: Signup validation failed for mismatch@test.com: Passwords do not match. [in C:\Users\drago\OneDrive\Pulpit\ALL\newest owl judge\app.py:423]
2025-04-15 16:46:06,576 WARNING: Signup validation failed for weak@test.com: Password must be at least 12 characters long.; Password must contain at least one uppercase letter.; Password must contain at least one number.; Password must contain at least one symbol. [in C:\Users\drago\OneDrive\Pulpit\ALL\newest owl judge\app.py:423]
2025-04-15 16:46:09,364 WARNING: Failed password change attempt for user 3: Incorrect current password. [in C:\Users\drago\OneDrive\Pulpit\ALL\newest owl judge\app.py:580]
2025-04-15 16:46:15,311 WARNING: Invalid or expired password reset token used: qO4SwUMY8AjAPGzNPC-6U7b4PDMLjAH3uuWlr7oCOEE [in C:\Users\drago\OneDrive\Pulpit\ALL\newest owl judge\app.py:716]
2025-04-15 16:46:15,805 WARNING: Invalid or expired password reset token used: invalid-token-string [in C:\Users\drago\OneDrive\Pulpit\ALL\newest owl judge\app.py:716]
2025-04-15 16:46:16,290 WARNING: Invalid or expired password reset token used: dYlgG58rpvGsCYPQuRm2zOouYbEZJi5qSRmtC5Fp-ak [in C:\Users\drago\OneDrive\Pulpit\ALL\newest owl judge\app.py:716]
2025-04-15 16:46:16,787 WARNING: Invalid or expired password reset token used: Nu3KC4CxkfEVnxv1T2ApXVQObrFRWQ0Q3Eik5F4wU7o [in C:\Users\drago\OneDrive\Pulpit\ALL\newest owl judge\app.py:716]
2025-04-15 16:46:17,279 WARNING: Invalid or expired password reset token used: asxUqUR5VUJvUbAvjsM9BYP0nnW2X77ojvzyUpBQ2iY [in C:\Users\drago\OneDrive\Pulpit\ALL\newest owl judge\app.py:716]
2025-04-15 16:46:17,779 WARNING: Invalid or expired password reset token used: 952J4pkrpVNMcRI1Q3j4E0XfpTUQwP_jm2ps6mQnyss [in C:\Users\drago\OneDrive\Pulpit\ALL\newest owl judge\app.py:716]
2025-04-15 16:46:20,136 WARNING: Submit vote failed: Project with ID 9999 not found. [in C:\Users\drago\OneDrive\Pulpit\ALL\newest owl judge\app.py:889]
2025-04-15 16:46:21,318 WARNING: Submit vote failed: Missing project_id field. Data: {'scores': {'innovation': 8}} [in C:\Users\drago\OneDrive\Pulpit\ALL\newest owl judge\app.py:867]
2025-04-15 16:46:24,240 WARNING: Unauthorized access attempt: User 3 (user) tried to access roles 'judge, admin' page /vote [in C:\Users\drago\OneDrive\Pulpit\ALL\newest owl judge\app.py:223]
2025-04-15 16:46:28,894 WARNING: Unauthorized access attempt: User 2 (judge) tried to access role 'admin' page /admin/dashboard [in C:\Users\drago\OneDrive\Pulpit\ALL\newest owl judge\app.py:200]
2025-04-15 16:46:29,449 WARNING: Unauthorized access attempt: User 3 (user) tried to access role 'admin' page /admin/dashboard [in C:\Users\drago\OneDrive\Pulpit\ALL\newest owl judge\app.py:200]
2025-04-15 16:46:33,093 WARNING: Unauthorized access attempt: User 2 (judge) tried to access role 'admin' page /admin/export/users [in C:\Users\drago\OneDrive\Pulpit\ALL\newest owl judge\app.py:200]
2025-04-15 16:46:33,094 WARNING: Unauthorized access attempt: User 2 (judge) tried to access role 'admin' page /admin/export/projects [in C:\Users\drago\OneDrive\Pulpit\ALL\newest owl judge\app.py:200]
2025-04-15 16:46:33,095 WARNING: Unauthorized access attempt: User 2 (judge) tried to access role 'admin' page /admin/export/scores [in C:\Users\drago\OneDrive\Pulpit\ALL\newest owl judge\app.py:200]
2025-04-15 16:46:33,881 WARNING: Unauthorized access attempt: User 2 (judge) tried to access role 'admin' page /admin/import/users [in C:\Users\drago\OneDrive\Pulpit\ALL\newest owl judge\app.py:200]
2025-04-15 16:46:33,882 WARNING: Unauthorized access attempt: User 2 (judge) tried to access role 'admin' page /admin/import/projects [in C:\Users\drago\OneDrive\Pulpit\ALL\newest owl judge\app.py:200]
2025-04-15 16:48:09,081 INFO: OwlJudge startup configured. [in C:\Users\drago\OneDrive\Pulpit\ALL\newest owl judge\app.py:70]
2025-04-15 16:48:09,107 INFO: Initializing database... [in C:\Users\drago\OneDrive\Pulpit\ALL\newest owl judge\app.py:1448]
2025-04-15 16:48:09,329 INFO: Database tables created/verified. [in C:\Users\drago\OneDrive\Pulpit\ALL\newest owl judge\app.py:1451]
2025-04-15 16:48:09,329 INFO: Checking/Creating test data... [in C:\Users\drago\OneDrive\Pulpit\ALL\newest owl judge\app.py:1383]
2025-04-15 16:48:09,339 INFO:  -> Created test group: ID 101 ('Group Alpha') [in C:\Users\drago\OneDrive\Pulpit\ALL\newest owl judge\app.py:1391]
2025-04-15 16:48:09,342 INFO:  -> Created test group: ID 102 ('Group Beta') [in C:\Users\drago\OneDrive\Pulpit\ALL\newest owl judge\app.py:1391]
2025-04-15 16:48:09,343 INFO:  -> Created test group: ID 103 ('Group Gamma') [in C:\Users\drago\OneDrive\Pulpit\ALL\newest owl judge\app.py:1391]
2025-04-15 16:48:09,442 INFO:  -> Created test user: admin@example.com [in C:\Users\drago\OneDrive\Pulpit\ALL\newest owl judge\app.py:1403]
2025-04-15 16:48:09,562 INFO:  -> Created test user: judge@example.com [in C:\Users\drago\OneDrive\Pulpit\ALL\newest owl judge\app.py:1403]
2025-04-15 16:48:09,702 INFO:  -> Created test user: user@example.com [in C:\Users\drago\OneDrive\Pulpit\ALL\newest owl judge\app.py:1403]
2025-04-15 16:48:09,870 INFO:  -> Created test user: request@example.com [in C:\Users\drago\OneDrive\Pulpit\ALL\newest owl judge\app.py:1403]
2025-04-15 16:48:09,891 INFO:  -> Created test project: AI Ethics Analyzer [in C:\Users\drago\OneDrive\Pulpit\ALL\newest owl judge\app.py:1413]
2025-04-15 16:48:09,893 INFO:  -> Created test project: Community Connect [in C:\Users\drago\OneDrive\Pulpit\ALL\newest owl judge\app.py:1413]
2025-04-15 16:48:09,894 INFO:  -> Created test project: Smart Garden System [in C:\Users\drago\OneDrive\Pulpit\ALL\newest owl judge\app.py:1413]
2025-04-15 16:48:09,913 INFO:  -> Created test student: Alice (Group 101) [in C:\Users\drago\OneDrive\Pulpit\ALL\newest owl judge\app.py:1423]
2025-04-15 16:48:09,916 INFO:  -> Created test student: Bob (Group 101) [in C:\Users\drago\OneDrive\Pulpit\ALL\newest owl judge\app.py:1423]
2025-04-15 16:48:09,916 INFO:  -> Created test student: Charlie (Group 102) [in C:\Users\drago\OneDrive\Pulpit\ALL\newest owl judge\app.py:1423]
2025-04-15 16:48:09,917 INFO:  -> Created test student: David (Group 103) [in C:\Users\drago\OneDrive\Pulpit\ALL\newest owl judge\app.py:1423]
2025-04-15 16:48:09,936 INFO:  -> Assigned test judge judge@example.com to project 'AI Ethics Analyzer' [in C:\Users\drago\OneDrive\Pulpit\ALL\newest owl judge\app.py:1434]
2025-04-15 16:48:09,978 INFO: Test data changes committed. [in C:\Users\drago\OneDrive\Pulpit\ALL\newest owl judge\app.py:1437]
2025-04-15 16:48:09,979 INFO: -------------------- [in C:\Users\drago\OneDrive\Pulpit\ALL\newest owl judge\app.py:1442]
2025-04-15 16:48:09,979 INFO: Starting Flask server on http://127.0.0.1:5000 (Debug: True) [in C:\Users\drago\OneDrive\Pulpit\ALL\newest owl judge\app.py:1462]
2025-04-15 16:48:27,116 INFO: OwlJudge startup configured. [in C:\Users\drago\OneDrive\Pulpit\ALL\newest owl judge\app.py:70]
2025-04-15 16:48:27,138 INFO: Initializing database... [in C:\Users\drago\OneDrive\Pulpit\ALL\newest owl judge\app.py:2345]
2025-04-15 16:48:27,139 INFO: Database tables created/verified. [in C:\Users\drago\OneDrive\Pulpit\ALL\newest owl judge\app.py:2349]
2025-04-15 16:48:27,140 INFO: Checking/Creating test data... [in C:\Users\drago\OneDrive\Pulpit\ALL\newest owl judge\app.py:2256]
2025-04-15 16:48:27,149 INFO: No new test data needed. [in C:\Users\drago\OneDrive\Pulpit\ALL\newest owl judge\app.py:2329]
2025-04-15 16:48:27,149 INFO: -------------------- [in C:\Users\drago\OneDrive\Pulpit\ALL\newest owl judge\app.py:2336]
2025-04-15 16:48:27,149 INFO: Starting Flask server on http://127.0.0.1:5000 (Debug: True) [in C:\Users\drago\OneDrive\Pulpit\ALL\newest owl judge\app.py:2373]
2025-04-15 17:08:31,563 INFO: 404 Not Found: /favicon.ico (Referrer: http://127.0.0.1:5000/login) [in C:\Users\drago\OneDrive\Pulpit\ALL\newest owl judge\app.py:2205]
2025-04-15 17:08:32,361 INFO: 404 Not Found: /favicon.ico (Referrer: http://127.0.0.1:5000/admin/dashboard) [in C:\Users\drago\OneDrive\Pulpit\ALL\newest owl judge\app.py:2205]
2025-04-15 17:08:33,757 INFO: 404 Not Found: /favicon.ico (Referrer: http://127.0.0.1:5000/login) [in C:\Users\drago\OneDrive\Pulpit\ALL\newest owl judge\app.py:2205]
2025-04-15 17:08:37,147 WARNING: Failed login attempt for email: admin@example.com [in C:\Users\drago\OneDrive\Pulpit\ALL\newest owl judge\app.py:510]
2025-04-15 17:08:41,421 WARNING: Failed login attempt for email: admin@example.com [in C:\Users\drago\OneDrive\Pulpit\ALL\newest owl judge\app.py:510]
2025-04-15 17:08:48,348 WARNING: Failed login attempt for email: admin@example.com [in C:\Users\drago\OneDrive\Pulpit\ALL\newest owl judge\app.py:510]
2025-04-15 17:09:21,441 INFO: OwlJudge startup configured. [in C:\Users\drago\OneDrive\Pulpit\ALL\newest owl judge\app.py:70]
2025-04-15 17:09:23,624 INFO: 404 Not Found: /favicon.ico (Referrer: http://127.0.0.1:5000/login) [in C:\Users\drago\OneDrive\Pulpit\ALL\newest owl judge\app.py:2205]
2025-04-15 17:09:26,232 WARNING: Failed login attempt for email: admin@example.com [in C:\Users\drago\OneDrive\Pulpit\ALL\newest owl judge\app.py:510]
2025-04-15 17:09:30,287 WARNING: Failed login attempt for email: admin@example.com [in C:\Users\drago\OneDrive\Pulpit\ALL\newest owl judge\app.py:510]
2025-04-15 17:09:41,229 WARNING: Failed login attempt for email: judge@example.com [in C:\Users\drago\OneDrive\Pulpit\ALL\newest owl judge\app.py:510]
2025-04-15 17:09:45,310 WARNING: Failed login attempt for email: judge@example.com [in C:\Users\drago\OneDrive\Pulpit\ALL\newest owl judge\app.py:510]
2025-04-15 17:10:21,986 INFO: OwlJudge startup configured. [in C:\Users\drago\OneDrive\Pulpit\ALL\newest owl judge\app.py:70]
2025-04-15 17:10:22,969 INFO: OwlJudge startup configured. [in C:\Users\drago\OneDrive\Pulpit\ALL\newest owl judge\app.py:70]
2025-04-15 17:10:22,987 INFO: Initializing database... [in C:\Users\drago\OneDrive\Pulpit\ALL\newest owl judge\app.py:2345]
2025-04-15 17:10:22,988 INFO: Database tables created/verified. [in C:\Users\drago\OneDrive\Pulpit\ALL\newest owl judge\app.py:2349]
2025-04-15 17:10:22,988 INFO: Checking/Creating test data... [in C:\Users\drago\OneDrive\Pulpit\ALL\newest owl judge\app.py:2256]
2025-04-15 17:10:22,995 INFO: No new test data needed. [in C:\Users\drago\OneDrive\Pulpit\ALL\newest owl judge\app.py:2329]
2025-04-15 17:10:22,996 INFO: -------------------- [in C:\Users\drago\OneDrive\Pulpit\ALL\newest owl judge\app.py:2336]
2025-04-15 17:10:22,996 INFO: Starting Flask server on http://127.0.0.1:5000 (Debug: True) [in C:\Users\drago\OneDrive\Pulpit\ALL\newest owl judge\app.py:2373]
2025-04-15 17:10:23,049 INFO: 404 Not Found: /favicon.ico (Referrer: http://127.0.0.1:5000/login) [in C:\Users\drago\OneDrive\Pulpit\ALL\newest owl judge\app.py:2205]
2025-04-15 17:10:26,609 WARNING: Failed login attempt for email: admin@example.com [in C:\Users\drago\OneDrive\Pulpit\ALL\newest owl judge\app.py:510]
2025-04-15 17:10:39,096 INFO: OwlJudge startup configured. [in C:\Users\drago\OneDrive\Pulpit\ALL\newest owl judge\app.py:70]
2025-04-15 17:10:39,114 INFO: Initializing database... [in C:\Users\drago\OneDrive\Pulpit\ALL\newest owl judge\app.py:2345]
2025-04-15 17:10:39,115 INFO: Database tables created/verified. [in C:\Users\drago\OneDrive\Pulpit\ALL\newest owl judge\app.py:2349]
2025-04-15 17:10:39,115 INFO: Checking/Creating test data... [in C:\Users\drago\OneDrive\Pulpit\ALL\newest owl judge\app.py:2256]
2025-04-15 17:10:39,122 INFO: No new test data needed. [in C:\Users\drago\OneDrive\Pulpit\ALL\newest owl judge\app.py:2329]
2025-04-15 17:10:39,122 INFO: -------------------- [in C:\Users\drago\OneDrive\Pulpit\ALL\newest owl judge\app.py:2336]
2025-04-15 17:10:39,122 INFO: Starting Flask server on http://127.0.0.1:5000 (Debug: True) [in C:\Users\drago\OneDrive\Pulpit\ALL\newest owl judge\app.py:2373]
2025-04-15 17:10:39,812 INFO: OwlJudge startup configured. [in C:\Users\drago\OneDrive\Pulpit\ALL\newest owl judge\app.py:70]
2025-04-15 17:10:39,829 INFO: Initializing database... [in C:\Users\drago\OneDrive\Pulpit\ALL\newest owl judge\app.py:2345]
2025-04-15 17:10:39,830 INFO: Database tables created/verified. [in C:\Users\drago\OneDrive\Pulpit\ALL\newest owl judge\app.py:2349]
2025-04-15 17:10:39,830 INFO: Checking/Creating test data... [in C:\Users\drago\OneDrive\Pulpit\ALL\newest owl judge\app.py:2256]
2025-04-15 17:10:39,837 INFO: No new test data needed. [in C:\Users\drago\OneDrive\Pulpit\ALL\newest owl judge\app.py:2329]
2025-04-15 17:10:39,837 INFO: -------------------- [in C:\Users\drago\OneDrive\Pulpit\ALL\newest owl judge\app.py:2336]
2025-04-15 17:10:39,837 INFO: Starting Flask server on http://127.0.0.1:5000 (Debug: True) [in C:\Users\drago\OneDrive\Pulpit\ALL\newest owl judge\app.py:2373]
2025-04-15 17:10:40,617 WARNING: Failed login attempt for email: admin@example.com [in C:\Users\drago\OneDrive\Pulpit\ALL\newest owl judge\app.py:510]
2025-04-15 17:10:41,985 WARNING: Failed login attempt for email: admin@example.com [in C:\Users\drago\OneDrive\Pulpit\ALL\newest owl judge\app.py:510]
2025-04-15 17:10:50,311 WARNING: Failed login attempt for email: admin@example.com [in C:\Users\drago\OneDrive\Pulpit\ALL\newest owl judge\app.py:510]
2025-04-15 17:11:23,341 WARNING: Failed login attempt for email: admin@example.com [in C:\Users\drago\OneDrive\Pulpit\ALL\newest owl judge\app.py:510]
2025-04-15 17:11:23,562 WARNING: Failed login attempt for email: admin@example.com [in C:\Users\drago\OneDrive\Pulpit\ALL\newest owl judge\app.py:510]
2025-04-15 17:11:25,459 INFO: 404 Not Found: /favicon.ico (Referrer: http://127.0.0.1:5000/signup) [in C:\Users\drago\OneDrive\Pulpit\ALL\newest owl judge\app.py:2205]
2025-04-15 17:11:31,478 INFO: New user signup successful: mrzepka@students.kennesaw.edu (ID: 5) [in C:\Users\drago\OneDrive\Pulpit\ALL\newest owl judge\app.py:439]
2025-04-15 17:11:33,021 INFO: 404 Not Found: /favicon.ico (Referrer: http://127.0.0.1:5000/login) [in C:\Users\drago\OneDrive\Pulpit\ALL\newest owl judge\app.py:2205]
2025-04-15 17:11:36,014 INFO: User login successful: mrzepka@students.kennesaw.edu (ID: 5) [in C:\Users\drago\OneDrive\Pulpit\ALL\newest owl judge\app.py:494]
2025-04-15 17:11:37,565 INFO: 404 Not Found: /static/images/avatar_judge.png (Referrer: http://127.0.0.1:5000/) [in C:\Users\drago\OneDrive\Pulpit\ALL\newest owl judge\app.py:2205]
2025-04-15 17:11:37,570 INFO: 404 Not Found: /static/images/avatar_student.png (Referrer: http://127.0.0.1:5000/) [in C:\Users\drago\OneDrive\Pulpit\ALL\newest owl judge\app.py:2205]
2025-04-15 17:11:37,570 INFO: 404 Not Found: /static/images/ksu_campus_blur.jpg (Referrer: http://127.0.0.1:5000/) [in C:\Users\drago\OneDrive\Pulpit\ALL\newest owl judge\app.py:2205]
2025-04-15 17:11:37,571 INFO: 404 Not Found: /static/images/avatar_admin.png (Referrer: http://127.0.0.1:5000/) [in C:\Users\drago\OneDrive\Pulpit\ALL\newest owl judge\app.py:2205]
2025-04-15 17:11:37,571 INFO: 404 Not Found: /static/images/ksu_campus_wide.jpg (Referrer: http://127.0.0.1:5000/) [in C:\Users\drago\OneDrive\Pulpit\ALL\newest owl judge\app.py:2205]
2025-04-15 17:11:37,611 INFO: 404 Not Found: /favicon.ico (Referrer: http://127.0.0.1:5000/) [in C:\Users\drago\OneDrive\Pulpit\ALL\newest owl judge\app.py:2205]
2025-04-15 17:11:38,944 INFO: 404 Not Found: /favicon.ico (Referrer: http://127.0.0.1:5000/audience) [in C:\Users\drago\OneDrive\Pulpit\ALL\newest owl judge\app.py:2205]
2025-04-15 17:11:40,185 INFO: 404 Not Found: /static/images/cday_presentation_blur.jpg (Referrer: http://127.0.0.1:5000/about) [in C:\Users\drago\OneDrive\Pulpit\ALL\newest owl judge\app.py:2205]
2025-04-15 17:11:40,197 INFO: 404 Not Found: /favicon.ico (Referrer: http://127.0.0.1:5000/about) [in C:\Users\drago\OneDrive\Pulpit\ALL\newest owl judge\app.py:2205]
2025-04-15 17:11:40,865 INFO: 404 Not Found: /favicon.ico (Referrer: http://127.0.0.1:5000/contact) [in C:\Users\drago\OneDrive\Pulpit\ALL\newest owl judge\app.py:2205]
2025-04-15 17:11:41,336 INFO: 404 Not Found: /favicon.ico (Referrer: http://127.0.0.1:5000/profile) [in C:\Users\drago\OneDrive\Pulpit\ALL\newest owl judge\app.py:2205]
2025-04-15 17:11:53,459 INFO: User 5 successfully changed their password. [in C:\Users\drago\OneDrive\Pulpit\ALL\newest owl judge\app.py:605]
2025-04-15 17:11:55,749 INFO: User logout successful: mrzepka@students.kennesaw.edu (ID: 5) [in C:\Users\drago\OneDrive\Pulpit\ALL\newest owl judge\app.py:525]
2025-04-15 17:11:55,774 INFO: 404 Not Found: /static/images/avatar_judge.png (Referrer: http://127.0.0.1:5000/) [in C:\Users\drago\OneDrive\Pulpit\ALL\newest owl judge\app.py:2205]
2025-04-15 17:11:55,775 INFO: 404 Not Found: /static/images/avatar_student.png (Referrer: http://127.0.0.1:5000/) [in C:\Users\drago\OneDrive\Pulpit\ALL\newest owl judge\app.py:2205]
2025-04-15 17:11:55,776 INFO: 404 Not Found: /static/images/avatar_admin.png (Referrer: http://127.0.0.1:5000/) [in C:\Users\drago\OneDrive\Pulpit\ALL\newest owl judge\app.py:2205]
2025-04-15 17:11:55,777 INFO: 404 Not Found: /static/images/ksu_campus_blur.jpg (Referrer: http://127.0.0.1:5000/) [in C:\Users\drago\OneDrive\Pulpit\ALL\newest owl judge\app.py:2205]
2025-04-15 17:11:55,780 INFO: 404 Not Found: /static/images/ksu_campus_wide.jpg (Referrer: http://127.0.0.1:5000/) [in C:\Users\drago\OneDrive\Pulpit\ALL\newest owl judge\app.py:2205]
2025-04-15 17:11:55,809 INFO: 404 Not Found: /favicon.ico (Referrer: http://127.0.0.1:5000/) [in C:\Users\drago\OneDrive\Pulpit\ALL\newest owl judge\app.py:2205]
2025-04-15 17:11:57,017 INFO: 404 Not Found: /favicon.ico (Referrer: http://127.0.0.1:5000/login) [in C:\Users\drago\OneDrive\Pulpit\ALL\newest owl judge\app.py:2205]
2025-04-15 17:11:59,041 INFO: User login successful: mrzepka@students.kennesaw.edu (ID: 5) [in C:\Users\drago\OneDrive\Pulpit\ALL\newest owl judge\app.py:494]
2025-04-15 17:12:00,583 INFO: 404 Not Found: /static/images/avatar_judge.png (Referrer: http://127.0.0.1:5000/) [in C:\Users\drago\OneDrive\Pulpit\ALL\newest owl judge\app.py:2205]
2025-04-15 17:12:00,584 INFO: 404 Not Found: /static/images/avatar_student.png (Referrer: http://127.0.0.1:5000/) [in C:\Users\drago\OneDrive\Pulpit\ALL\newest owl judge\app.py:2205]
2025-04-15 17:12:00,585 INFO: 404 Not Found: /static/images/avatar_admin.png (Referrer: http://127.0.0.1:5000/) [in C:\Users\drago\OneDrive\Pulpit\ALL\newest owl judge\app.py:2205]
2025-04-15 17:12:00,586 INFO: 404 Not Found: /static/images/ksu_campus_blur.jpg (Referrer: http://127.0.0.1:5000/) [in C:\Users\drago\OneDrive\Pulpit\ALL\newest owl judge\app.py:2205]
2025-04-15 17:12:00,591 INFO: 404 Not Found: /static/images/ksu_campus_wide.jpg (Referrer: http://127.0.0.1:5000/) [in C:\Users\drago\OneDrive\Pulpit\ALL\newest owl judge\app.py:2205]
2025-04-15 17:12:00,621 INFO: 404 Not Found: /favicon.ico (Referrer: http://127.0.0.1:5000/) [in C:\Users\drago\OneDrive\Pulpit\ALL\newest owl judge\app.py:2205]
2025-04-15 17:12:04,353 INFO: User logout successful: mrzepka@students.kennesaw.edu (ID: 5) [in C:\Users\drago\OneDrive\Pulpit\ALL\newest owl judge\app.py:525]
2025-04-15 17:12:04,375 INFO: 404 Not Found: /static/images/avatar_judge.png (Referrer: http://127.0.0.1:5000/) [in C:\Users\drago\OneDrive\Pulpit\ALL\newest owl judge\app.py:2205]
2025-04-15 17:12:04,376 INFO: 404 Not Found: /static/images/avatar_student.png (Referrer: http://127.0.0.1:5000/) [in C:\Users\drago\OneDrive\Pulpit\ALL\newest owl judge\app.py:2205]
2025-04-15 17:12:04,378 INFO: 404 Not Found: /static/images/avatar_admin.png (Referrer: http://127.0.0.1:5000/) [in C:\Users\drago\OneDrive\Pulpit\ALL\newest owl judge\app.py:2205]
2025-04-15 17:12:04,378 INFO: 404 Not Found: /static/images/ksu_campus_blur.jpg (Referrer: http://127.0.0.1:5000/) [in C:\Users\drago\OneDrive\Pulpit\ALL\newest owl judge\app.py:2205]
2025-04-15 17:12:04,380 INFO: 404 Not Found: /static/images/ksu_campus_wide.jpg (Referrer: http://127.0.0.1:5000/) [in C:\Users\drago\OneDrive\Pulpit\ALL\newest owl judge\app.py:2205]
2025-04-15 17:12:04,411 INFO: 404 Not Found: /favicon.ico (Referrer: http://127.0.0.1:5000/) [in C:\Users\drago\OneDrive\Pulpit\ALL\newest owl judge\app.py:2205]
2025-04-15 17:12:05,247 INFO: 404 Not Found: /favicon.ico (Referrer: http://127.0.0.1:5000/login) [in C:\Users\drago\OneDrive\Pulpit\ALL\newest owl judge\app.py:2205]
2025-04-15 17:12:27,215 INFO: OwlJudge startup configured. [in C:\Users\drago\OneDrive\Pulpit\ALL\newest owl judge\app.py:70]
2025-04-15 17:12:27,251 INFO: Initializing database... [in C:\Users\drago\OneDrive\Pulpit\ALL\newest owl judge\app.py:2345]
2025-04-15 17:12:27,253 INFO: Database tables created/verified. [in C:\Users\drago\OneDrive\Pulpit\ALL\newest owl judge\app.py:2349]
2025-04-15 17:12:27,254 INFO: Checking/Creating test data... [in C:\Users\drago\OneDrive\Pulpit\ALL\newest owl judge\app.py:2256]
2025-04-15 17:12:27,266 INFO: No new test data needed. [in C:\Users\drago\OneDrive\Pulpit\ALL\newest owl judge\app.py:2329]
2025-04-15 17:12:27,266 INFO: -------------------- [in C:\Users\drago\OneDrive\Pulpit\ALL\newest owl judge\app.py:2336]
2025-04-15 17:12:27,266 INFO: Starting Flask server on http://127.0.0.1:5000 (Debug: True) [in C:\Users\drago\OneDrive\Pulpit\ALL\newest owl judge\app.py:2373]
2025-04-15 17:12:28,186 INFO: OwlJudge startup configured. [in C:\Users\drago\OneDrive\Pulpit\ALL\newest owl judge\app.py:70]
2025-04-15 17:12:28,204 INFO: Initializing database... [in C:\Users\drago\OneDrive\Pulpit\ALL\newest owl judge\app.py:2345]
2025-04-15 17:12:28,206 INFO: Database tables created/verified. [in C:\Users\drago\OneDrive\Pulpit\ALL\newest owl judge\app.py:2349]
2025-04-15 17:12:28,206 INFO: Checking/Creating test data... [in C:\Users\drago\OneDrive\Pulpit\ALL\newest owl judge\app.py:2256]
2025-04-15 17:12:28,214 INFO: No new test data needed. [in C:\Users\drago\OneDrive\Pulpit\ALL\newest owl judge\app.py:2329]
2025-04-15 17:12:28,214 INFO: -------------------- [in C:\Users\drago\OneDrive\Pulpit\ALL\newest owl judge\app.py:2336]
2025-04-15 17:12:28,214 INFO: Starting Flask server on http://127.0.0.1:5000 (Debug: True) [in C:\Users\drago\OneDrive\Pulpit\ALL\newest owl judge\app.py:2373]
2025-04-15 17:12:28,855 WARNING: Failed login attempt for email: admin@example.com [in C:\Users\drago\OneDrive\Pulpit\ALL\newest owl judge\app.py:510]
2025-04-15 17:12:30,758 WARNING: Failed login attempt for email: admin@example.com [in C:\Users\drago\OneDrive\Pulpit\ALL\newest owl judge\app.py:510]
2025-04-15 17:13:23,570 INFO: OwlJudge startup configured. [in C:\Users\drago\OneDrive\Pulpit\ALL\newest owl judge\app.py:70]
2025-04-15 17:13:23,588 INFO: Initializing database... [in C:\Users\drago\OneDrive\Pulpit\ALL\newest owl judge\app.py:2345]
2025-04-15 17:13:23,589 INFO: Database tables created/verified. [in C:\Users\drago\OneDrive\Pulpit\ALL\newest owl judge\app.py:2349]
2025-04-15 17:13:23,589 INFO: Checking/Creating test data... [in C:\Users\drago\OneDrive\Pulpit\ALL\newest owl judge\app.py:2256]
2025-04-15 17:13:23,597 INFO: No new test data needed. [in C:\Users\drago\OneDrive\Pulpit\ALL\newest owl judge\app.py:2329]
2025-04-15 17:13:23,597 INFO: -------------------- [in C:\Users\drago\OneDrive\Pulpit\ALL\newest owl judge\app.py:2336]
2025-04-15 17:13:23,597 INFO: Starting Flask server on http://127.0.0.1:5000 (Debug: True) [in C:\Users\drago\OneDrive\Pulpit\ALL\newest owl judge\app.py:2373]
2025-04-15 17:19:05,406 INFO: OwlJudge startup configured. [in C:\Users\drago\OneDrive\Pulpit\ALL\newest owl judge\app.py:70]
2025-04-15 17:19:05,425 INFO: Initializing database... [in C:\Users\drago\OneDrive\Pulpit\ALL\newest owl judge\app.py:2345]
2025-04-15 17:19:05,427 INFO: Database tables created/verified. [in C:\Users\drago\OneDrive\Pulpit\ALL\newest owl judge\app.py:2349]
2025-04-15 17:19:05,427 INFO: Checking/Creating test data... [in C:\Users\drago\OneDrive\Pulpit\ALL\newest owl judge\app.py:2256]
2025-04-15 17:19:05,434 INFO: No new test data needed. [in C:\Users\drago\OneDrive\Pulpit\ALL\newest owl judge\app.py:2329]
2025-04-15 17:19:05,435 INFO: -------------------- [in C:\Users\drago\OneDrive\Pulpit\ALL\newest owl judge\app.py:2336]
2025-04-15 17:19:05,435 INFO: Starting Flask server on http://127.0.0.1:5000 (Debug: True) [in C:\Users\drago\OneDrive\Pulpit\ALL\newest owl judge\app.py:2373]
2025-04-15 17:19:06,137 INFO: OwlJudge startup configured. [in C:\Users\drago\OneDrive\Pulpit\ALL\newest owl judge\app.py:70]
2025-04-15 17:19:06,153 INFO: Initializing database... [in C:\Users\drago\OneDrive\Pulpit\ALL\newest owl judge\app.py:2345]
2025-04-15 17:19:06,154 INFO: Database tables created/verified. [in C:\Users\drago\OneDrive\Pulpit\ALL\newest owl judge\app.py:2349]
2025-04-15 17:19:06,154 INFO: Checking/Creating test data... [in C:\Users\drago\OneDrive\Pulpit\ALL\newest owl judge\app.py:2256]
2025-04-15 17:19:06,160 INFO: No new test data needed. [in C:\Users\drago\OneDrive\Pulpit\ALL\newest owl judge\app.py:2329]
2025-04-15 17:19:06,160 INFO: -------------------- [in C:\Users\drago\OneDrive\Pulpit\ALL\newest owl judge\app.py:2336]
2025-04-15 17:19:06,161 INFO: Starting Flask server on http://127.0.0.1:5000 (Debug: True) [in C:\Users\drago\OneDrive\Pulpit\ALL\newest owl judge\app.py:2373]
2025-04-15 17:19:07,943 INFO: 404 Not Found: /favicon.ico (Referrer: http://127.0.0.1:5000/login) [in C:\Users\drago\OneDrive\Pulpit\ALL\newest owl judge\app.py:2205]
2025-04-15 17:19:13,885 WARNING: Failed login attempt for email: admin@example.com [in C:\Users\drago\OneDrive\Pulpit\ALL\newest owl judge\app.py:510]
2025-04-15 17:19:21,435 WARNING: Failed login attempt for email: admin@example.com [in C:\Users\drago\OneDrive\Pulpit\ALL\newest owl judge\app.py:510]
2025-04-15 17:19:31,180 WARNING: Failed login attempt for email: admin@example.com [in C:\Users\drago\OneDrive\Pulpit\ALL\newest owl judge\app.py:510]
2025-04-15 17:22:05,821 INFO: OwlJudge startup configured. [in C:\Users\drago\OneDrive\Pulpit\ALL\newest owl judge\app.py:70]
2025-04-15 17:22:05,842 INFO: Initializing database... [in C:\Users\drago\OneDrive\Pulpit\ALL\newest owl judge\app.py:2345]
2025-04-15 17:22:05,843 INFO: Database tables created/verified. [in C:\Users\drago\OneDrive\Pulpit\ALL\newest owl judge\app.py:2349]
2025-04-15 17:22:05,843 INFO: Checking/Creating test data... [in C:\Users\drago\OneDrive\Pulpit\ALL\newest owl judge\app.py:2256]
2025-04-15 17:22:05,852 INFO: No new test data needed. [in C:\Users\drago\OneDrive\Pulpit\ALL\newest owl judge\app.py:2329]
2025-04-15 17:22:05,852 INFO: -------------------- [in C:\Users\drago\OneDrive\Pulpit\ALL\newest owl judge\app.py:2336]
2025-04-15 17:22:05,852 INFO: Starting Flask server on http://127.0.0.1:5000 (Debug: True) [in C:\Users\drago\OneDrive\Pulpit\ALL\newest owl judge\app.py:2373]
2025-04-15 17:22:06,563 INFO: OwlJudge startup configured. [in C:\Users\drago\OneDrive\Pulpit\ALL\newest owl judge\app.py:70]
2025-04-15 17:22:06,581 INFO: Initializing database... [in C:\Users\drago\OneDrive\Pulpit\ALL\newest owl judge\app.py:2345]
2025-04-15 17:22:06,583 INFO: Database tables created/verified. [in C:\Users\drago\OneDrive\Pulpit\ALL\newest owl judge\app.py:2349]
2025-04-15 17:22:06,583 INFO: Checking/Creating test data... [in C:\Users\drago\OneDrive\Pulpit\ALL\newest owl judge\app.py:2256]
2025-04-15 17:22:06,590 INFO: No new test data needed. [in C:\Users\drago\OneDrive\Pulpit\ALL\newest owl judge\app.py:2329]
2025-04-15 17:22:06,590 INFO: -------------------- [in C:\Users\drago\OneDrive\Pulpit\ALL\newest owl judge\app.py:2336]
2025-04-15 17:22:06,590 INFO: Starting Flask server on http://127.0.0.1:5000 (Debug: True) [in C:\Users\drago\OneDrive\Pulpit\ALL\newest owl judge\app.py:2373]
2025-04-15 17:22:07,168 INFO: 404 Not Found: /favicon.ico (Referrer: http://127.0.0.1:5000/login) [in C:\Users\drago\OneDrive\Pulpit\ALL\newest owl judge\app.py:2205]
2025-04-15 17:22:13,215 INFO: User login successful: mrzepka@students.kennesaw.edu (ID: 5) [in C:\Users\drago\OneDrive\Pulpit\ALL\newest owl judge\app.py:494]
2025-04-15 17:22:14,767 INFO: 404 Not Found: /static/images/avatar_admin.png (Referrer: http://127.0.0.1:5000/) [in C:\Users\drago\OneDrive\Pulpit\ALL\newest owl judge\app.py:2205]
2025-04-15 17:22:14,769 INFO: 404 Not Found: /static/images/avatar_judge.png (Referrer: http://127.0.0.1:5000/) [in C:\Users\drago\OneDrive\Pulpit\ALL\newest owl judge\app.py:2205]
2025-04-15 17:22:14,772 INFO: 404 Not Found: /static/images/ksu_campus_blur.jpg (Referrer: http://127.0.0.1:5000/) [in C:\Users\drago\OneDrive\Pulpit\ALL\newest owl judge\app.py:2205]
2025-04-15 17:22:14,772 INFO: 404 Not Found: /static/images/avatar_student.png (Referrer: http://127.0.0.1:5000/) [in C:\Users\drago\OneDrive\Pulpit\ALL\newest owl judge\app.py:2205]
2025-04-15 17:22:14,775 INFO: 404 Not Found: /static/images/ksu_campus_wide.jpg (Referrer: http://127.0.0.1:5000/) [in C:\Users\drago\OneDrive\Pulpit\ALL\newest owl judge\app.py:2205]
2025-04-15 17:22:14,804 INFO: 404 Not Found: /favicon.ico (Referrer: http://127.0.0.1:5000/) [in C:\Users\drago\OneDrive\Pulpit\ALL\newest owl judge\app.py:2205]
2025-04-15 17:22:16,047 INFO: 404 Not Found: /favicon.ico (Referrer: http://127.0.0.1:5000/login) [in C:\Users\drago\OneDrive\Pulpit\ALL\newest owl judge\app.py:2205]
2025-04-15 17:22:17,450 INFO: 404 Not Found: /static/images/avatar_student.png (Referrer: http://127.0.0.1:5000/) [in C:\Users\drago\OneDrive\Pulpit\ALL\newest owl judge\app.py:2205]
2025-04-15 17:22:17,450 INFO: 404 Not Found: /static/images/avatar_judge.png (Referrer: http://127.0.0.1:5000/) [in C:\Users\drago\OneDrive\Pulpit\ALL\newest owl judge\app.py:2205]
2025-04-15 17:22:17,451 INFO: 404 Not Found: /static/images/avatar_admin.png (Referrer: http://127.0.0.1:5000/) [in C:\Users\drago\OneDrive\Pulpit\ALL\newest owl judge\app.py:2205]
2025-04-15 17:22:17,453 INFO: 404 Not Found: /static/images/ksu_campus_blur.jpg (Referrer: http://127.0.0.1:5000/) [in C:\Users\drago\OneDrive\Pulpit\ALL\newest owl judge\app.py:2205]
2025-04-15 17:22:17,454 INFO: 404 Not Found: /static/images/ksu_campus_wide.jpg (Referrer: http://127.0.0.1:5000/) [in C:\Users\drago\OneDrive\Pulpit\ALL\newest owl judge\app.py:2205]
2025-04-15 17:22:17,495 INFO: 404 Not Found: /favicon.ico (Referrer: http://127.0.0.1:5000/) [in C:\Users\drago\OneDrive\Pulpit\ALL\newest owl judge\app.py:2205]
2025-04-15 17:22:18,863 INFO: User logout successful: mrzepka@students.kennesaw.edu (ID: 5) [in C:\Users\drago\OneDrive\Pulpit\ALL\newest owl judge\app.py:525]
2025-04-15 17:22:18,885 INFO: 404 Not Found: /static/images/avatar_judge.png (Referrer: http://127.0.0.1:5000/) [in C:\Users\drago\OneDrive\Pulpit\ALL\newest owl judge\app.py:2205]
2025-04-15 17:22:18,886 INFO: 404 Not Found: /static/images/avatar_student.png (Referrer: http://127.0.0.1:5000/) [in C:\Users\drago\OneDrive\Pulpit\ALL\newest owl judge\app.py:2205]
2025-04-15 17:22:18,887 INFO: 404 Not Found: /static/images/avatar_admin.png (Referrer: http://127.0.0.1:5000/) [in C:\Users\drago\OneDrive\Pulpit\ALL\newest owl judge\app.py:2205]
2025-04-15 17:22:18,889 INFO: 404 Not Found: /static/images/ksu_campus_blur.jpg (Referrer: http://127.0.0.1:5000/) [in C:\Users\drago\OneDrive\Pulpit\ALL\newest owl judge\app.py:2205]
2025-04-15 17:22:18,891 INFO: 404 Not Found: /static/images/ksu_campus_wide.jpg (Referrer: http://127.0.0.1:5000/) [in C:\Users\drago\OneDrive\Pulpit\ALL\newest owl judge\app.py:2205]
2025-04-15 17:22:18,922 INFO: 404 Not Found: /favicon.ico (Referrer: http://127.0.0.1:5000/) [in C:\Users\drago\OneDrive\Pulpit\ALL\newest owl judge\app.py:2205]
2025-04-15 17:22:20,062 INFO: 404 Not Found: /favicon.ico (Referrer: http://127.0.0.1:5000/login) [in C:\Users\drago\OneDrive\Pulpit\ALL\newest owl judge\app.py:2205]
2025-04-15 17:22:23,104 WARNING: Failed login attempt for email: admin@example.com [in C:\Users\drago\OneDrive\Pulpit\ALL\newest owl judge\app.py:510]
2025-04-15 17:22:32,892 WARNING: Failed login attempt for email: admin@example.com [in C:\Users\drago\OneDrive\Pulpit\ALL\newest owl judge\app.py:510]
2025-04-15 17:22:50,475 INFO: OwlJudge startup configured. [in C:\Users\drago\OneDrive\Pulpit\ALL\newest owl judge\app.py:70]
2025-04-15 17:22:50,493 INFO: Initializing database... [in C:\Users\drago\OneDrive\Pulpit\ALL\newest owl judge\app.py:2345]
2025-04-15 17:22:50,494 INFO: Database tables created/verified. [in C:\Users\drago\OneDrive\Pulpit\ALL\newest owl judge\app.py:2349]
2025-04-15 17:22:50,494 INFO: Checking/Creating test data... [in C:\Users\drago\OneDrive\Pulpit\ALL\newest owl judge\app.py:2256]
2025-04-15 17:22:50,501 INFO: No new test data needed. [in C:\Users\drago\OneDrive\Pulpit\ALL\newest owl judge\app.py:2329]
2025-04-15 17:22:50,501 INFO: -------------------- [in C:\Users\drago\OneDrive\Pulpit\ALL\newest owl judge\app.py:2336]
2025-04-15 17:22:50,502 INFO: Starting Flask server on http://127.0.0.1:5000 (Debug: True) [in C:\Users\drago\OneDrive\Pulpit\ALL\newest owl judge\app.py:2373]
2025-04-15 17:22:51,158 INFO: OwlJudge startup configured. [in C:\Users\drago\OneDrive\Pulpit\ALL\newest owl judge\app.py:70]
2025-04-15 17:22:51,174 INFO: Initializing database... [in C:\Users\drago\OneDrive\Pulpit\ALL\newest owl judge\app.py:2345]
2025-04-15 17:22:51,175 INFO: Database tables created/verified. [in C:\Users\drago\OneDrive\Pulpit\ALL\newest owl judge\app.py:2349]
2025-04-15 17:22:51,176 INFO: Checking/Creating test data... [in C:\Users\drago\OneDrive\Pulpit\ALL\newest owl judge\app.py:2256]
2025-04-15 17:22:51,182 INFO: No new test data needed. [in C:\Users\drago\OneDrive\Pulpit\ALL\newest owl judge\app.py:2329]
2025-04-15 17:22:51,182 INFO: -------------------- [in C:\Users\drago\OneDrive\Pulpit\ALL\newest owl judge\app.py:2336]
2025-04-15 17:22:51,182 INFO: Starting Flask server on http://127.0.0.1:5000 (Debug: True) [in C:\Users\drago\OneDrive\Pulpit\ALL\newest owl judge\app.py:2373]
2025-04-15 17:22:51,303 INFO: 404 Not Found: /favicon.ico (Referrer: http://127.0.0.1:5000/login) [in C:\Users\drago\OneDrive\Pulpit\ALL\newest owl judge\app.py:2205]
2025-04-15 17:22:53,815 INFO: OwlJudge startup configured. [in C:\Users\drago\OneDrive\Pulpit\ALL\newest owl judge\app.py:70]
2025-04-15 17:22:53,838 INFO: Initializing database... [in C:\Users\drago\OneDrive\Pulpit\ALL\newest owl judge\app.py:2345]
2025-04-15 17:22:53,840 INFO: Database tables created/verified. [in C:\Users\drago\OneDrive\Pulpit\ALL\newest owl judge\app.py:2349]
2025-04-15 17:22:53,840 INFO: Checking/Creating test data... [in C:\Users\drago\OneDrive\Pulpit\ALL\newest owl judge\app.py:2256]
2025-04-15 17:22:53,851 INFO: No new test data needed. [in C:\Users\drago\OneDrive\Pulpit\ALL\newest owl judge\app.py:2329]
2025-04-15 17:22:53,852 INFO: -------------------- [in C:\Users\drago\OneDrive\Pulpit\ALL\newest owl judge\app.py:2336]
2025-04-15 17:22:53,852 INFO: Starting Flask server on http://127.0.0.1:5000 (Debug: True) [in C:\Users\drago\OneDrive\Pulpit\ALL\newest owl judge\app.py:2373]
2025-04-15 17:22:54,562 INFO: OwlJudge startup configured. [in C:\Users\drago\OneDrive\Pulpit\ALL\newest owl judge\app.py:70]
2025-04-15 17:22:54,578 INFO: Initializing database... [in C:\Users\drago\OneDrive\Pulpit\ALL\newest owl judge\app.py:2345]
2025-04-15 17:22:54,579 INFO: Database tables created/verified. [in C:\Users\drago\OneDrive\Pulpit\ALL\newest owl judge\app.py:2349]
2025-04-15 17:22:54,580 INFO: Checking/Creating test data... [in C:\Users\drago\OneDrive\Pulpit\ALL\newest owl judge\app.py:2256]
2025-04-15 17:22:54,587 INFO: No new test data needed. [in C:\Users\drago\OneDrive\Pulpit\ALL\newest owl judge\app.py:2329]
2025-04-15 17:22:54,587 INFO: -------------------- [in C:\Users\drago\OneDrive\Pulpit\ALL\newest owl judge\app.py:2336]
2025-04-15 17:22:54,587 INFO: Starting Flask server on http://127.0.0.1:5000 (Debug: True) [in C:\Users\drago\OneDrive\Pulpit\ALL\newest owl judge\app.py:2373]
2025-04-15 17:22:54,643 INFO: 404 Not Found: /favicon.ico (Referrer: http://127.0.0.1:5000/login) [in C:\Users\drago\OneDrive\Pulpit\ALL\newest owl judge\app.py:2205]
2025-04-15 17:22:57,893 WARNING: Failed login attempt for email: admin@example.com [in C:\Users\drago\OneDrive\Pulpit\ALL\newest owl judge\app.py:510]
2025-04-15 17:23:22,005 INFO: OwlJudge startup configured. [in C:\Users\drago\OneDrive\Pulpit\ALL\newest owl judge\app.py:70]
2025-04-15 17:23:22,027 INFO: Initializing database... [in C:\Users\drago\OneDrive\Pulpit\ALL\newest owl judge\app.py:2345]
2025-04-15 17:23:22,029 INFO: Database tables created/verified. [in C:\Users\drago\OneDrive\Pulpit\ALL\newest owl judge\app.py:2349]
2025-04-15 17:23:22,029 INFO: Checking/Creating test data... [in C:\Users\drago\OneDrive\Pulpit\ALL\newest owl judge\app.py:2256]
2025-04-15 17:23:22,114 INFO:  -> Created test admin: admin1@example.com / AdminPass! [in C:\Users\drago\OneDrive\Pulpit\ALL\newest owl judge\app.py:2268]
2025-04-15 17:23:22,135 INFO: Test data changes committed. [in C:\Users\drago\OneDrive\Pulpit\ALL\newest owl judge\app.py:2327]
2025-04-15 17:23:22,135 INFO: -------------------- [in C:\Users\drago\OneDrive\Pulpit\ALL\newest owl judge\app.py:2336]
2025-04-15 17:23:22,135 INFO: Starting Flask server on http://127.0.0.1:5000 (Debug: True) [in C:\Users\drago\OneDrive\Pulpit\ALL\newest owl judge\app.py:2373]
2025-04-15 17:23:22,866 INFO: OwlJudge startup configured. [in C:\Users\drago\OneDrive\Pulpit\ALL\newest owl judge\app.py:70]
2025-04-15 17:23:22,882 INFO: Initializing database... [in C:\Users\drago\OneDrive\Pulpit\ALL\newest owl judge\app.py:2345]
2025-04-15 17:23:22,884 INFO: Database tables created/verified. [in C:\Users\drago\OneDrive\Pulpit\ALL\newest owl judge\app.py:2349]
2025-04-15 17:23:22,884 INFO: Checking/Creating test data... [in C:\Users\drago\OneDrive\Pulpit\ALL\newest owl judge\app.py:2256]
2025-04-15 17:23:22,891 INFO: No new test data needed. [in C:\Users\drago\OneDrive\Pulpit\ALL\newest owl judge\app.py:2329]
2025-04-15 17:23:22,891 INFO: -------------------- [in C:\Users\drago\OneDrive\Pulpit\ALL\newest owl judge\app.py:2336]
2025-04-15 17:23:22,891 INFO: Starting Flask server on http://127.0.0.1:5000 (Debug: True) [in C:\Users\drago\OneDrive\Pulpit\ALL\newest owl judge\app.py:2373]
2025-04-15 17:23:22,947 INFO: 404 Not Found: /favicon.ico (Referrer: http://127.0.0.1:5000/login) [in C:\Users\drago\OneDrive\Pulpit\ALL\newest owl judge\app.py:2205]
2025-04-15 17:23:32,689 INFO: User login successful: admin1@example.com (ID: 6) [in C:\Users\drago\OneDrive\Pulpit\ALL\newest owl judge\app.py:494]
2025-04-15 17:23:34,283 INFO: 404 Not Found: /favicon.ico (Referrer: http://127.0.0.1:5000/admin/dashboard) [in C:\Users\drago\OneDrive\Pulpit\ALL\newest owl judge\app.py:2205]
2025-04-15 17:23:44,863 INFO: Admin 6 deleted user 1 (admin@example.com) [in C:\Users\drago\OneDrive\Pulpit\ALL\newest owl judge\app.py:1231]
2025-04-15 17:23:50,797 INFO: OwlJudge startup configured. [in C:\Users\drago\OneDrive\Pulpit\ALL\newest owl judge\app.py:70]
2025-04-15 17:23:50,814 INFO: Initializing database... [in C:\Users\drago\OneDrive\Pulpit\ALL\newest owl judge\app.py:2345]
2025-04-15 17:23:50,815 INFO: Database tables created/verified. [in C:\Users\drago\OneDrive\Pulpit\ALL\newest owl judge\app.py:2349]
2025-04-15 17:23:50,815 INFO: Checking/Creating test data... [in C:\Users\drago\OneDrive\Pulpit\ALL\newest owl judge\app.py:2256]
2025-04-15 17:23:50,891 INFO:  -> Created test admin: admin@example.com / AdminPass! [in C:\Users\drago\OneDrive\Pulpit\ALL\newest owl judge\app.py:2268]
2025-04-15 17:23:50,911 INFO: Test data changes committed. [in C:\Users\drago\OneDrive\Pulpit\ALL\newest owl judge\app.py:2327]
2025-04-15 17:23:50,911 INFO: -------------------- [in C:\Users\drago\OneDrive\Pulpit\ALL\newest owl judge\app.py:2336]
2025-04-15 17:23:50,911 INFO: Starting Flask server on http://127.0.0.1:5000 (Debug: True) [in C:\Users\drago\OneDrive\Pulpit\ALL\newest owl judge\app.py:2373]
2025-04-15 17:23:57,715 INFO: 404 Not Found: /favicon.ico (Referrer: http://127.0.0.1:5000/login) [in C:\Users\drago\OneDrive\Pulpit\ALL\newest owl judge\app.py:2205]
2025-04-15 17:24:04,133 INFO: User login successful: admin@example.com (ID: 7) [in C:\Users\drago\OneDrive\Pulpit\ALL\newest owl judge\app.py:494]
2025-04-15 17:24:05,731 INFO: 404 Not Found: /favicon.ico (Referrer: http://127.0.0.1:5000/admin/dashboard) [in C:\Users\drago\OneDrive\Pulpit\ALL\newest owl judge\app.py:2205]
2025-04-15 17:24:12,630 INFO: Admin 7 deleted user 6 (admin1@example.com) [in C:\Users\drago\OneDrive\Pulpit\ALL\newest owl judge\app.py:1231]
2025-04-15 17:24:17,225 INFO: Admin 7 deleted user 2 (judge@example.com) [in C:\Users\drago\OneDrive\Pulpit\ALL\newest owl judge\app.py:1231]
2025-04-15 17:24:19,568 INFO: Admin 7 deleted user 5 (mrzepka@students.kennesaw.edu) [in C:\Users\drago\OneDrive\Pulpit\ALL\newest owl judge\app.py:1231]
2025-04-15 17:24:25,327 INFO: Admin 7 deleted user 4 (request@example.com) [in C:\Users\drago\OneDrive\Pulpit\ALL\newest owl judge\app.py:1231]
2025-04-15 17:24:31,008 INFO: OwlJudge startup configured. [in C:\Users\drago\OneDrive\Pulpit\ALL\newest owl judge\app.py:70]
2025-04-15 17:24:31,025 INFO: Initializing database... [in C:\Users\drago\OneDrive\Pulpit\ALL\newest owl judge\app.py:2345]
2025-04-15 17:24:31,026 INFO: Database tables created/verified. [in C:\Users\drago\OneDrive\Pulpit\ALL\newest owl judge\app.py:2349]
2025-04-15 17:24:31,026 INFO: Checking/Creating test data... [in C:\Users\drago\OneDrive\Pulpit\ALL\newest owl judge\app.py:2256]
2025-04-15 17:24:31,102 INFO:  -> Created test judge: judge@example.com / StrongJudgeP@ss123! [in C:\Users\drago\OneDrive\Pulpit\ALL\newest owl judge\app.py:2280]
2025-04-15 17:24:31,181 INFO:  -> Created test user requesting judge role: request@example.com / StrongRequestP@ss123! [in C:\Users\drago\OneDrive\Pulpit\ALL\newest owl judge\app.py:2304]
2025-04-15 17:24:31,197 INFO: Test data changes committed. [in C:\Users\drago\OneDrive\Pulpit\ALL\newest owl judge\app.py:2327]
2025-04-15 17:24:31,197 INFO: -------------------- [in C:\Users\drago\OneDrive\Pulpit\ALL\newest owl judge\app.py:2336]
2025-04-15 17:24:31,197 INFO: Starting Flask server on http://127.0.0.1:5000 (Debug: True) [in C:\Users\drago\OneDrive\Pulpit\ALL\newest owl judge\app.py:2373]
2025-04-15 17:24:31,924 INFO: OwlJudge startup configured. [in C:\Users\drago\OneDrive\Pulpit\ALL\newest owl judge\app.py:70]
2025-04-15 17:24:31,941 INFO: Initializing database... [in C:\Users\drago\OneDrive\Pulpit\ALL\newest owl judge\app.py:2345]
2025-04-15 17:24:31,942 INFO: Database tables created/verified. [in C:\Users\drago\OneDrive\Pulpit\ALL\newest owl judge\app.py:2349]
2025-04-15 17:24:31,942 INFO: Checking/Creating test data... [in C:\Users\drago\OneDrive\Pulpit\ALL\newest owl judge\app.py:2256]
2025-04-15 17:24:31,949 INFO: No new test data needed. [in C:\Users\drago\OneDrive\Pulpit\ALL\newest owl judge\app.py:2329]
2025-04-15 17:24:31,949 INFO: -------------------- [in C:\Users\drago\OneDrive\Pulpit\ALL\newest owl judge\app.py:2336]
2025-04-15 17:24:31,950 INFO: Starting Flask server on http://127.0.0.1:5000 (Debug: True) [in C:\Users\drago\OneDrive\Pulpit\ALL\newest owl judge\app.py:2373]
2025-04-15 17:24:32,008 INFO: 404 Not Found: /favicon.ico (Referrer: http://127.0.0.1:5000/login) [in C:\Users\drago\OneDrive\Pulpit\ALL\newest owl judge\app.py:2205]
2025-04-15 17:24:49,777 INFO: OwlJudge startup configured. [in C:\Users\drago\OneDrive\Pulpit\ALL\newest owl judge\app.py:70]
2025-04-15 17:24:49,795 INFO: Initializing database... [in C:\Users\drago\OneDrive\Pulpit\ALL\newest owl judge\app.py:2345]
2025-04-15 17:24:49,796 INFO: Database tables created/verified. [in C:\Users\drago\OneDrive\Pulpit\ALL\newest owl judge\app.py:2349]
2025-04-15 17:24:49,796 INFO: Checking/Creating test data... [in C:\Users\drago\OneDrive\Pulpit\ALL\newest owl judge\app.py:2256]
2025-04-15 17:24:49,804 INFO: No new test data needed. [in C:\Users\drago\OneDrive\Pulpit\ALL\newest owl judge\app.py:2329]
2025-04-15 17:24:49,804 INFO: -------------------- [in C:\Users\drago\OneDrive\Pulpit\ALL\newest owl judge\app.py:2336]
2025-04-15 17:24:49,804 INFO: Starting Flask server on http://127.0.0.1:5000 (Debug: True) [in C:\Users\drago\OneDrive\Pulpit\ALL\newest owl judge\app.py:2373]
2025-04-15 17:24:50,502 INFO: OwlJudge startup configured. [in C:\Users\drago\OneDrive\Pulpit\ALL\newest owl judge\app.py:70]
2025-04-15 17:24:50,519 INFO: Initializing database... [in C:\Users\drago\OneDrive\Pulpit\ALL\newest owl judge\app.py:2345]
2025-04-15 17:24:50,520 INFO: Database tables created/verified. [in C:\Users\drago\OneDrive\Pulpit\ALL\newest owl judge\app.py:2349]
2025-04-15 17:24:50,520 INFO: Checking/Creating test data... [in C:\Users\drago\OneDrive\Pulpit\ALL\newest owl judge\app.py:2256]
2025-04-15 17:24:50,526 INFO: No new test data needed. [in C:\Users\drago\OneDrive\Pulpit\ALL\newest owl judge\app.py:2329]
2025-04-15 17:24:50,526 INFO: -------------------- [in C:\Users\drago\OneDrive\Pulpit\ALL\newest owl judge\app.py:2336]
2025-04-15 17:24:50,527 INFO: Starting Flask server on http://127.0.0.1:5000 (Debug: True) [in C:\Users\drago\OneDrive\Pulpit\ALL\newest owl judge\app.py:2373]
2025-04-15 17:24:52,223 WARNING: Failed login attempt for email: judge@example.com [in C:\Users\drago\OneDrive\Pulpit\ALL\newest owl judge\app.py:510]
2025-04-15 17:24:54,936 WARNING: Failed login attempt for email: judge@example.com [in C:\Users\drago\OneDrive\Pulpit\ALL\newest owl judge\app.py:510]
2025-04-15 17:25:02,912 INFO: OwlJudge startup configured. [in C:\Users\drago\OneDrive\Pulpit\ALL\newest owl judge\app.py:70]
2025-04-15 17:25:02,930 INFO: Initializing database... [in C:\Users\drago\OneDrive\Pulpit\ALL\newest owl judge\app.py:2345]
2025-04-15 17:25:02,931 INFO: Database tables created/verified. [in C:\Users\drago\OneDrive\Pulpit\ALL\newest owl judge\app.py:2349]
2025-04-15 17:25:02,931 INFO: Checking/Creating test data... [in C:\Users\drago\OneDrive\Pulpit\ALL\newest owl judge\app.py:2256]
2025-04-15 17:25:03,012 INFO:  -> Created test judge: judge1@example.com / JudgePass! [in C:\Users\drago\OneDrive\Pulpit\ALL\newest owl judge\app.py:2280]
2025-04-15 17:25:03,033 INFO: Test data changes committed. [in C:\Users\drago\OneDrive\Pulpit\ALL\newest owl judge\app.py:2327]
2025-04-15 17:25:03,033 INFO: -------------------- [in C:\Users\drago\OneDrive\Pulpit\ALL\newest owl judge\app.py:2336]
2025-04-15 17:25:03,033 INFO: Starting Flask server on http://127.0.0.1:5000 (Debug: True) [in C:\Users\drago\OneDrive\Pulpit\ALL\newest owl judge\app.py:2373]
2025-04-15 17:25:03,757 INFO: OwlJudge startup configured. [in C:\Users\drago\OneDrive\Pulpit\ALL\newest owl judge\app.py:70]
2025-04-15 17:25:03,774 INFO: Initializing database... [in C:\Users\drago\OneDrive\Pulpit\ALL\newest owl judge\app.py:2345]
2025-04-15 17:25:03,776 INFO: Database tables created/verified. [in C:\Users\drago\OneDrive\Pulpit\ALL\newest owl judge\app.py:2349]
2025-04-15 17:25:03,776 INFO: Checking/Creating test data... [in C:\Users\drago\OneDrive\Pulpit\ALL\newest owl judge\app.py:2256]
2025-04-15 17:25:03,783 INFO: No new test data needed. [in C:\Users\drago\OneDrive\Pulpit\ALL\newest owl judge\app.py:2329]
2025-04-15 17:25:03,783 INFO: -------------------- [in C:\Users\drago\OneDrive\Pulpit\ALL\newest owl judge\app.py:2336]
2025-04-15 17:25:03,784 INFO: Starting Flask server on http://127.0.0.1:5000 (Debug: True) [in C:\Users\drago\OneDrive\Pulpit\ALL\newest owl judge\app.py:2373]
2025-04-15 17:25:03,883 INFO: User login successful: judge1@example.com (ID: 10) [in C:\Users\drago\OneDrive\Pulpit\ALL\newest owl judge\app.py:494]
2025-04-15 17:25:05,461 INFO: 404 Not Found: /favicon.ico (Referrer: http://127.0.0.1:5000/vote) [in C:\Users\drago\OneDrive\Pulpit\ALL\newest owl judge\app.py:2205]
2025-04-15 17:25:08,705 INFO: User logout successful: judge1@example.com (ID: 10) [in C:\Users\drago\OneDrive\Pulpit\ALL\newest owl judge\app.py:525]
2025-04-15 17:25:08,736 INFO: 404 Not Found: /static/images/avatar_judge.png (Referrer: http://127.0.0.1:5000/) [in C:\Users\drago\OneDrive\Pulpit\ALL\newest owl judge\app.py:2205]
2025-04-15 17:25:08,737 INFO: 404 Not Found: /static/images/avatar_student.png (Referrer: http://127.0.0.1:5000/) [in C:\Users\drago\OneDrive\Pulpit\ALL\newest owl judge\app.py:2205]
2025-04-15 17:25:08,738 INFO: 404 Not Found: /static/images/avatar_admin.png (Referrer: http://127.0.0.1:5000/) [in C:\Users\drago\OneDrive\Pulpit\ALL\newest owl judge\app.py:2205]
2025-04-15 17:25:08,739 INFO: 404 Not Found: /static/images/ksu_campus_blur.jpg (Referrer: http://127.0.0.1:5000/) [in C:\Users\drago\OneDrive\Pulpit\ALL\newest owl judge\app.py:2205]
2025-04-15 17:25:08,739 INFO: 404 Not Found: /static/images/ksu_campus_wide.jpg (Referrer: http://127.0.0.1:5000/) [in C:\Users\drago\OneDrive\Pulpit\ALL\newest owl judge\app.py:2205]
2025-04-15 17:25:08,768 INFO: 404 Not Found: /favicon.ico (Referrer: http://127.0.0.1:5000/) [in C:\Users\drago\OneDrive\Pulpit\ALL\newest owl judge\app.py:2205]
2025-04-15 17:25:09,413 INFO: 404 Not Found: /favicon.ico (Referrer: http://127.0.0.1:5000/login) [in C:\Users\drago\OneDrive\Pulpit\ALL\newest owl judge\app.py:2205]
2025-04-15 17:25:14,333 INFO: User login successful: judge1@example.com (ID: 10) [in C:\Users\drago\OneDrive\Pulpit\ALL\newest owl judge\app.py:494]
2025-04-15 17:25:15,881 INFO: 404 Not Found: /favicon.ico (Referrer: http://127.0.0.1:5000/vote) [in C:\Users\drago\OneDrive\Pulpit\ALL\newest owl judge\app.py:2205]
2025-04-15 17:25:18,203 INFO: User logout successful: judge1@example.com (ID: 10) [in C:\Users\drago\OneDrive\Pulpit\ALL\newest owl judge\app.py:525]
2025-04-15 17:25:18,229 INFO: 404 Not Found: /static/images/avatar_judge.png (Referrer: http://127.0.0.1:5000/) [in C:\Users\drago\OneDrive\Pulpit\ALL\newest owl judge\app.py:2205]
2025-04-15 17:25:18,230 INFO: 404 Not Found: /static/images/avatar_student.png (Referrer: http://127.0.0.1:5000/) [in C:\Users\drago\OneDrive\Pulpit\ALL\newest owl judge\app.py:2205]
2025-04-15 17:25:18,231 INFO: 404 Not Found: /static/images/avatar_admin.png (Referrer: http://127.0.0.1:5000/) [in C:\Users\drago\OneDrive\Pulpit\ALL\newest owl judge\app.py:2205]
2025-04-15 17:25:18,232 INFO: 404 Not Found: /static/images/ksu_campus_blur.jpg (Referrer: http://127.0.0.1:5000/) [in C:\Users\drago\OneDrive\Pulpit\ALL\newest owl judge\app.py:2205]
2025-04-15 17:25:18,239 INFO: 404 Not Found: /static/images/ksu_campus_wide.jpg (Referrer: http://127.0.0.1:5000/) [in C:\Users\drago\OneDrive\Pulpit\ALL\newest owl judge\app.py:2205]
2025-04-15 17:25:18,266 INFO: 404 Not Found: /favicon.ico (Referrer: http://127.0.0.1:5000/) [in C:\Users\drago\OneDrive\Pulpit\ALL\newest owl judge\app.py:2205]
2025-04-15 17:25:19,224 INFO: 404 Not Found: /favicon.ico (Referrer: http://127.0.0.1:5000/login) [in C:\Users\drago\OneDrive\Pulpit\ALL\newest owl judge\app.py:2205]
2025-04-15 17:25:43,261 INFO: OwlJudge startup configured. [in C:\Users\drago\OneDrive\Pulpit\ALL\newest owl judge\app.py:70]
2025-04-15 17:25:43,277 INFO: Initializing database... [in C:\Users\drago\OneDrive\Pulpit\ALL\newest owl judge\app.py:2345]
2025-04-15 17:25:43,279 INFO: Database tables created/verified. [in C:\Users\drago\OneDrive\Pulpit\ALL\newest owl judge\app.py:2349]
2025-04-15 17:25:43,279 INFO: Checking/Creating test data... [in C:\Users\drago\OneDrive\Pulpit\ALL\newest owl judge\app.py:2256]
2025-04-15 17:25:43,286 INFO: No new test data needed. [in C:\Users\drago\OneDrive\Pulpit\ALL\newest owl judge\app.py:2329]
2025-04-15 17:25:43,286 INFO: -------------------- [in C:\Users\drago\OneDrive\Pulpit\ALL\newest owl judge\app.py:2336]
2025-04-15 17:25:43,286 INFO: Starting Flask server on http://127.0.0.1:5000 (Debug: True) [in C:\Users\drago\OneDrive\Pulpit\ALL\newest owl judge\app.py:2373]
2025-04-15 17:25:43,998 INFO: OwlJudge startup configured. [in C:\Users\drago\OneDrive\Pulpit\ALL\newest owl judge\app.py:70]
2025-04-15 17:25:44,015 INFO: Initializing database... [in C:\Users\drago\OneDrive\Pulpit\ALL\newest owl judge\app.py:2345]
2025-04-15 17:25:44,016 INFO: Database tables created/verified. [in C:\Users\drago\OneDrive\Pulpit\ALL\newest owl judge\app.py:2349]
2025-04-15 17:25:44,016 INFO: Checking/Creating test data... [in C:\Users\drago\OneDrive\Pulpit\ALL\newest owl judge\app.py:2256]
2025-04-15 17:25:44,023 INFO: No new test data needed. [in C:\Users\drago\OneDrive\Pulpit\ALL\newest owl judge\app.py:2329]
2025-04-15 17:25:44,023 INFO: -------------------- [in C:\Users\drago\OneDrive\Pulpit\ALL\newest owl judge\app.py:2336]
2025-04-15 17:25:44,023 INFO: Starting Flask server on http://127.0.0.1:5000 (Debug: True) [in C:\Users\drago\OneDrive\Pulpit\ALL\newest owl judge\app.py:2373]
2025-04-15 17:25:44,076 INFO: 404 Not Found: /favicon.ico (Referrer: http://127.0.0.1:5000/login) [in C:\Users\drago\OneDrive\Pulpit\ALL\newest owl judge\app.py:2205]
2025-04-15 17:25:49,679 WARNING: Failed login attempt for email: admin@example.com [in C:\Users\drago\OneDrive\Pulpit\ALL\newest owl judge\app.py:510]
2025-04-15 17:25:54,970 WARNING: Failed login attempt for email: admin1@example.com [in C:\Users\drago\OneDrive\Pulpit\ALL\newest owl judge\app.py:510]
2025-04-15 17:26:00,034 INFO: OwlJudge startup configured. [in C:\Users\drago\OneDrive\Pulpit\ALL\newest owl judge\app.py:70]
2025-04-15 17:26:00,051 INFO: Initializing database... [in C:\Users\drago\OneDrive\Pulpit\ALL\newest owl judge\app.py:2345]
2025-04-15 17:26:00,052 INFO: Database tables created/verified. [in C:\Users\drago\OneDrive\Pulpit\ALL\newest owl judge\app.py:2349]
2025-04-15 17:26:00,052 INFO: Checking/Creating test data... [in C:\Users\drago\OneDrive\Pulpit\ALL\newest owl judge\app.py:2256]
2025-04-15 17:26:00,133 INFO:  -> Created test admin: admin1@example.com / adminpass [in C:\Users\drago\OneDrive\Pulpit\ALL\newest owl judge\app.py:2268]
2025-04-15 17:26:00,153 INFO: Test data changes committed. [in C:\Users\drago\OneDrive\Pulpit\ALL\newest owl judge\app.py:2327]
2025-04-15 17:26:00,154 INFO: -------------------- [in C:\Users\drago\OneDrive\Pulpit\ALL\newest owl judge\app.py:2336]
2025-04-15 17:26:00,154 INFO: Starting Flask server on http://127.0.0.1:5000 (Debug: True) [in C:\Users\drago\OneDrive\Pulpit\ALL\newest owl judge\app.py:2373]
2025-04-15 17:26:00,250 INFO: User login successful: admin1@example.com (ID: 11) [in C:\Users\drago\OneDrive\Pulpit\ALL\newest owl judge\app.py:494]
2025-04-15 17:26:01,854 INFO: 404 Not Found: /favicon.ico (Referrer: http://127.0.0.1:5000/admin/dashboard) [in C:\Users\drago\OneDrive\Pulpit\ALL\newest owl judge\app.py:2205]
2025-04-15 17:26:50,881 INFO: 404 Not Found: /admin/projects/1/judges (Referrer: http://127.0.0.1:5000/admin/dashboard) [in C:\Users\drago\OneDrive\Pulpit\ALL\newest owl judge\app.py:2205]
2025-04-15 17:26:52,894 INFO: 404 Not Found: /admin/projects/1/judges (Referrer: http://127.0.0.1:5000/admin/dashboard) [in C:\Users\drago\OneDrive\Pulpit\ALL\newest owl judge\app.py:2205]
2025-04-15 17:27:20,448 INFO: Admin 11 approved judge role for user 9 [in C:\Users\drago\OneDrive\Pulpit\ALL\newest owl judge\app.py:1025]
2025-04-15 17:28:18,093 INFO: OwlJudge startup configured. [in C:\Users\drago\OneDrive\Pulpit\ALL\newest owl judge\app.py:70]
2025-04-15 17:28:21,867 INFO: OwlJudge startup configured. [in C:\Users\drago\OneDrive\Pulpit\ALL\newest owl judge\app.py:70]
2025-04-15 17:29:35,391 INFO: OwlJudge startup configured. [in C:\Users\drago\OneDrive\Pulpit\ALL\newest owl judge\app.py:70]
2025-04-15 17:31:49,559 INFO: OwlJudge startup configured. [in C:\Users\drago\OneDrive\Pulpit\ALL\newest owl judge\app.py:70]
2025-04-15 17:31:49,577 INFO: Initializing database... [in C:\Users\drago\OneDrive\Pulpit\ALL\newest owl judge\app.py:2349]
2025-04-15 17:31:49,579 INFO: Database tables created/verified. [in C:\Users\drago\OneDrive\Pulpit\ALL\newest owl judge\app.py:2353]
2025-04-15 17:31:49,579 INFO: Checking/Creating test data... [in C:\Users\drago\OneDrive\Pulpit\ALL\newest owl judge\app.py:2260]
2025-04-15 17:31:49,586 INFO: No new test data needed. [in C:\Users\drago\OneDrive\Pulpit\ALL\newest owl judge\app.py:2333]
2025-04-15 17:31:49,586 INFO: -------------------- [in C:\Users\drago\OneDrive\Pulpit\ALL\newest owl judge\app.py:2340]
2025-04-15 17:31:49,586 INFO: Starting Flask server on http://127.0.0.1:5000 (Debug: True) [in C:\Users\drago\OneDrive\Pulpit\ALL\newest owl judge\app.py:2377]
2025-04-15 17:31:50,312 INFO: OwlJudge startup configured. [in C:\Users\drago\OneDrive\Pulpit\ALL\newest owl judge\app.py:70]
2025-04-15 17:31:50,329 INFO: Initializing database... [in C:\Users\drago\OneDrive\Pulpit\ALL\newest owl judge\app.py:2349]
2025-04-15 17:31:50,330 INFO: Database tables created/verified. [in C:\Users\drago\OneDrive\Pulpit\ALL\newest owl judge\app.py:2353]
2025-04-15 17:31:50,330 INFO: Checking/Creating test data... [in C:\Users\drago\OneDrive\Pulpit\ALL\newest owl judge\app.py:2260]
2025-04-15 17:31:50,338 INFO: No new test data needed. [in C:\Users\drago\OneDrive\Pulpit\ALL\newest owl judge\app.py:2333]
2025-04-15 17:31:50,338 INFO: -------------------- [in C:\Users\drago\OneDrive\Pulpit\ALL\newest owl judge\app.py:2340]
2025-04-15 17:31:50,338 INFO: Starting Flask server on http://127.0.0.1:5000 (Debug: True) [in C:\Users\drago\OneDrive\Pulpit\ALL\newest owl judge\app.py:2377]
2025-04-15 17:31:51,848 INFO: 404 Not Found: /static/images/avatar_judge.png (Referrer: http://127.0.0.1:5000/) [in C:\Users\drago\OneDrive\Pulpit\ALL\newest owl judge\app.py:2209]
2025-04-15 17:31:51,850 INFO: 404 Not Found: /static/images/avatar_student.png (Referrer: http://127.0.0.1:5000/) [in C:\Users\drago\OneDrive\Pulpit\ALL\newest owl judge\app.py:2209]
2025-04-15 17:31:51,851 INFO: 404 Not Found: /static/images/avatar_admin.png (Referrer: http://127.0.0.1:5000/) [in C:\Users\drago\OneDrive\Pulpit\ALL\newest owl judge\app.py:2209]
2025-04-15 17:31:51,879 INFO: 404 Not Found: /static/images/ksu_campus_blur.jpg (Referrer: http://127.0.0.1:5000/) [in C:\Users\drago\OneDrive\Pulpit\ALL\newest owl judge\app.py:2209]
2025-04-15 17:31:51,880 INFO: 404 Not Found: /static/images/ksu_campus_wide.jpg (Referrer: http://127.0.0.1:5000/) [in C:\Users\drago\OneDrive\Pulpit\ALL\newest owl judge\app.py:2209]
2025-04-15 17:31:51,989 INFO: 404 Not Found: /favicon.ico (Referrer: http://127.0.0.1:5000/) [in C:\Users\drago\OneDrive\Pulpit\ALL\newest owl judge\app.py:2209]
2025-04-15 17:31:53,765 INFO: 404 Not Found: /favicon.ico (Referrer: http://127.0.0.1:5000/login) [in C:\Users\drago\OneDrive\Pulpit\ALL\newest owl judge\app.py:2209]
2025-04-15 17:31:56,191 INFO: User login successful: admin1@example.com (ID: 11) [in C:\Users\drago\OneDrive\Pulpit\ALL\newest owl judge\app.py:494]
2025-04-15 17:31:57,784 INFO: 404 Not Found: /favicon.ico (Referrer: http://127.0.0.1:5000/admin/dashboard) [in C:\Users\drago\OneDrive\Pulpit\ALL\newest owl judge\app.py:2209]
2025-04-15 17:32:01,656 INFO: Admin 11 deleted user 7 (admin@example.com) [in C:\Users\drago\OneDrive\Pulpit\ALL\newest owl judge\app.py:1229]
2025-04-15 17:32:04,934 INFO: Admin 11 deleted user 8 (judge@example.com) [in C:\Users\drago\OneDrive\Pulpit\ALL\newest owl judge\app.py:1229]
2025-04-15 17:32:11,985 INFO: Admin 11 deleted user 3 (user@example.com) [in C:\Users\drago\OneDrive\Pulpit\ALL\newest owl judge\app.py:1229]
2025-04-15 17:32:14,538 INFO: Admin 11 deleted user 9 (request@example.com) [in C:\Users\drago\OneDrive\Pulpit\ALL\newest owl judge\app.py:1229]
2025-04-15 17:32:15,410 INFO: 404 Not Found: /favicon.ico (Referrer: http://127.0.0.1:5000/admin/dashboard) [in C:\Users\drago\OneDrive\Pulpit\ALL\newest owl judge\app.py:2209]
2025-04-15 17:32:16,178 INFO: 404 Not Found: /favicon.ico (Referrer: http://127.0.0.1:5000/admin/dashboard) [in C:\Users\drago\OneDrive\Pulpit\ALL\newest owl judge\app.py:2209]
2025-04-15 17:32:16,894 INFO: User logout successful: admin1@example.com (ID: 11) [in C:\Users\drago\OneDrive\Pulpit\ALL\newest owl judge\app.py:525]
2025-04-15 17:32:16,917 INFO: 404 Not Found: /static/images/avatar_judge.png (Referrer: http://127.0.0.1:5000/) [in C:\Users\drago\OneDrive\Pulpit\ALL\newest owl judge\app.py:2209]
2025-04-15 17:32:16,918 INFO: 404 Not Found: /static/images/avatar_student.png (Referrer: http://127.0.0.1:5000/) [in C:\Users\drago\OneDrive\Pulpit\ALL\newest owl judge\app.py:2209]
2025-04-15 17:32:16,919 INFO: 404 Not Found: /static/images/avatar_admin.png (Referrer: http://127.0.0.1:5000/) [in C:\Users\drago\OneDrive\Pulpit\ALL\newest owl judge\app.py:2209]
2025-04-15 17:32:16,924 INFO: 404 Not Found: /static/images/ksu_campus_blur.jpg (Referrer: http://127.0.0.1:5000/) [in C:\Users\drago\OneDrive\Pulpit\ALL\newest owl judge\app.py:2209]
2025-04-15 17:32:16,928 INFO: 404 Not Found: /static/images/ksu_campus_wide.jpg (Referrer: http://127.0.0.1:5000/) [in C:\Users\drago\OneDrive\Pulpit\ALL\newest owl judge\app.py:2209]
2025-04-15 17:32:16,961 INFO: 404 Not Found: /favicon.ico (Referrer: http://127.0.0.1:5000/) [in C:\Users\drago\OneDrive\Pulpit\ALL\newest owl judge\app.py:2209]
2025-04-15 17:32:17,428 INFO: 404 Not Found: /favicon.ico (Referrer: http://127.0.0.1:5000/login) [in C:\Users\drago\OneDrive\Pulpit\ALL\newest owl judge\app.py:2209]
2025-04-15 17:32:19,530 INFO: User login successful: admin1@example.com (ID: 11) [in C:\Users\drago\OneDrive\Pulpit\ALL\newest owl judge\app.py:494]
2025-04-15 17:32:21,081 INFO: 404 Not Found: /favicon.ico (Referrer: http://127.0.0.1:5000/admin/dashboard) [in C:\Users\drago\OneDrive\Pulpit\ALL\newest owl judge\app.py:2209]
2025-04-15 17:32:22,492 INFO: 404 Not Found: /favicon.ico (Referrer: http://127.0.0.1:5000/admin/dashboard) [in C:\Users\drago\OneDrive\Pulpit\ALL\newest owl judge\app.py:2209]
2025-04-15 17:32:26,645 INFO: OwlJudge startup configured. [in C:\Users\drago\OneDrive\Pulpit\ALL\newest owl judge\app.py:70]
2025-04-15 17:32:26,665 INFO: Initializing database... [in C:\Users\drago\OneDrive\Pulpit\ALL\newest owl judge\app.py:2349]
2025-04-15 17:32:26,667 INFO: Database tables created/verified. [in C:\Users\drago\OneDrive\Pulpit\ALL\newest owl judge\app.py:2353]
2025-04-15 17:32:26,667 INFO: Checking/Creating test data... [in C:\Users\drago\OneDrive\Pulpit\ALL\newest owl judge\app.py:2260]
2025-04-15 17:32:26,754 INFO:  -> Created test user: user@example.com / userpass [in C:\Users\drago\OneDrive\Pulpit\ALL\newest owl judge\app.py:2296]
2025-04-15 17:32:26,832 INFO:  -> Created test user requesting judge role: request@example.com / StrongRequestP@ss123! [in C:\Users\drago\OneDrive\Pulpit\ALL\newest owl judge\app.py:2308]
2025-04-15 17:32:26,848 INFO: Test data changes committed. [in C:\Users\drago\OneDrive\Pulpit\ALL\newest owl judge\app.py:2331]
2025-04-15 17:32:26,848 INFO: -------------------- [in C:\Users\drago\OneDrive\Pulpit\ALL\newest owl judge\app.py:2340]
2025-04-15 17:32:26,848 INFO: Starting Flask server on http://127.0.0.1:5000 (Debug: True) [in C:\Users\drago\OneDrive\Pulpit\ALL\newest owl judge\app.py:2377]
2025-04-15 17:32:27,594 INFO: OwlJudge startup configured. [in C:\Users\drago\OneDrive\Pulpit\ALL\newest owl judge\app.py:70]
2025-04-15 17:32:27,612 INFO: Initializing database... [in C:\Users\drago\OneDrive\Pulpit\ALL\newest owl judge\app.py:2349]
2025-04-15 17:32:27,614 INFO: Database tables created/verified. [in C:\Users\drago\OneDrive\Pulpit\ALL\newest owl judge\app.py:2353]
2025-04-15 17:32:27,614 INFO: Checking/Creating test data... [in C:\Users\drago\OneDrive\Pulpit\ALL\newest owl judge\app.py:2260]
2025-04-15 17:32:27,621 INFO: No new test data needed. [in C:\Users\drago\OneDrive\Pulpit\ALL\newest owl judge\app.py:2333]
2025-04-15 17:32:27,621 INFO: -------------------- [in C:\Users\drago\OneDrive\Pulpit\ALL\newest owl judge\app.py:2340]
2025-04-15 17:32:27,621 INFO: Starting Flask server on http://127.0.0.1:5000 (Debug: True) [in C:\Users\drago\OneDrive\Pulpit\ALL\newest owl judge\app.py:2377]
2025-04-15 17:32:29,403 INFO: 404 Not Found: /static/images/avatar_judge.png (Referrer: http://127.0.0.1:5000/) [in C:\Users\drago\OneDrive\Pulpit\ALL\newest owl judge\app.py:2209]
2025-04-15 17:32:29,404 INFO: 404 Not Found: /static/images/avatar_student.png (Referrer: http://127.0.0.1:5000/) [in C:\Users\drago\OneDrive\Pulpit\ALL\newest owl judge\app.py:2209]
2025-04-15 17:32:29,405 INFO: 404 Not Found: /static/images/avatar_admin.png (Referrer: http://127.0.0.1:5000/) [in C:\Users\drago\OneDrive\Pulpit\ALL\newest owl judge\app.py:2209]
2025-04-15 17:32:29,410 INFO: 404 Not Found: /static/images/ksu_campus_blur.jpg (Referrer: http://127.0.0.1:5000/) [in C:\Users\drago\OneDrive\Pulpit\ALL\newest owl judge\app.py:2209]
2025-04-15 17:32:29,413 INFO: 404 Not Found: /static/images/ksu_campus_wide.jpg (Referrer: http://127.0.0.1:5000/) [in C:\Users\drago\OneDrive\Pulpit\ALL\newest owl judge\app.py:2209]
2025-04-15 17:32:29,500 INFO: 404 Not Found: /favicon.ico (Referrer: http://127.0.0.1:5000/) [in C:\Users\drago\OneDrive\Pulpit\ALL\newest owl judge\app.py:2209]
2025-04-15 17:32:30,690 INFO: 404 Not Found: /favicon.ico (Referrer: http://127.0.0.1:5000/login) [in C:\Users\drago\OneDrive\Pulpit\ALL\newest owl judge\app.py:2209]
2025-04-15 17:32:36,326 WARNING: Failed login attempt for email: admin@example.com [in C:\Users\drago\OneDrive\Pulpit\ALL\newest owl judge\app.py:510]
2025-04-15 17:32:43,614 WARNING: Failed login attempt for email: admin@example.com [in C:\Users\drago\OneDrive\Pulpit\ALL\newest owl judge\app.py:510]
2025-04-15 17:32:44,581 INFO: OwlJudge startup configured. [in C:\Users\drago\OneDrive\Pulpit\ALL\newest owl judge\app.py:70]
2025-04-15 17:32:44,599 INFO: Initializing database... [in C:\Users\drago\OneDrive\Pulpit\ALL\newest owl judge\app.py:2349]
2025-04-15 17:32:44,600 INFO: Database tables created/verified. [in C:\Users\drago\OneDrive\Pulpit\ALL\newest owl judge\app.py:2353]
2025-04-15 17:32:44,600 INFO: Checking/Creating test data... [in C:\Users\drago\OneDrive\Pulpit\ALL\newest owl judge\app.py:2260]
2025-04-15 17:32:44,681 INFO:  -> Created test admin: admin@example.com / adminpass [in C:\Users\drago\OneDrive\Pulpit\ALL\newest owl judge\app.py:2272]
2025-04-15 17:32:44,702 INFO: Test data changes committed. [in C:\Users\drago\OneDrive\Pulpit\ALL\newest owl judge\app.py:2331]
2025-04-15 17:32:44,702 INFO: -------------------- [in C:\Users\drago\OneDrive\Pulpit\ALL\newest owl judge\app.py:2340]
2025-04-15 17:32:44,702 INFO: Starting Flask server on http://127.0.0.1:5000 (Debug: True) [in C:\Users\drago\OneDrive\Pulpit\ALL\newest owl judge\app.py:2377]
2025-04-15 17:32:50,333 INFO: OwlJudge startup configured. [in C:\Users\drago\OneDrive\Pulpit\ALL\newest owl judge\app.py:70]
2025-04-15 17:32:50,360 INFO: Initializing database... [in C:\Users\drago\OneDrive\Pulpit\ALL\newest owl judge\app.py:2349]
2025-04-15 17:32:50,363 INFO: Database tables created/verified. [in C:\Users\drago\OneDrive\Pulpit\ALL\newest owl judge\app.py:2353]
2025-04-15 17:32:50,363 INFO: Checking/Creating test data... [in C:\Users\drago\OneDrive\Pulpit\ALL\newest owl judge\app.py:2260]
2025-04-15 17:32:50,457 INFO:  -> Created test judge: judge@example.com / judgepass [in C:\Users\drago\OneDrive\Pulpit\ALL\newest owl judge\app.py:2284]
2025-04-15 17:32:50,477 INFO: Test data changes committed. [in C:\Users\drago\OneDrive\Pulpit\ALL\newest owl judge\app.py:2331]
2025-04-15 17:32:50,477 INFO: -------------------- [in C:\Users\drago\OneDrive\Pulpit\ALL\newest owl judge\app.py:2340]
2025-04-15 17:32:50,477 INFO: Starting Flask server on http://127.0.0.1:5000 (Debug: True) [in C:\Users\drago\OneDrive\Pulpit\ALL\newest owl judge\app.py:2377]
2025-04-15 17:32:51,194 INFO: OwlJudge startup configured. [in C:\Users\drago\OneDrive\Pulpit\ALL\newest owl judge\app.py:70]
2025-04-15 17:32:51,211 INFO: Initializing database... [in C:\Users\drago\OneDrive\Pulpit\ALL\newest owl judge\app.py:2349]
2025-04-15 17:32:51,212 INFO: Database tables created/verified. [in C:\Users\drago\OneDrive\Pulpit\ALL\newest owl judge\app.py:2353]
2025-04-15 17:32:51,212 INFO: Checking/Creating test data... [in C:\Users\drago\OneDrive\Pulpit\ALL\newest owl judge\app.py:2260]
2025-04-15 17:32:51,220 INFO: No new test data needed. [in C:\Users\drago\OneDrive\Pulpit\ALL\newest owl judge\app.py:2333]
2025-04-15 17:32:51,220 INFO: -------------------- [in C:\Users\drago\OneDrive\Pulpit\ALL\newest owl judge\app.py:2340]
2025-04-15 17:32:51,220 INFO: Starting Flask server on http://127.0.0.1:5000 (Debug: True) [in C:\Users\drago\OneDrive\Pulpit\ALL\newest owl judge\app.py:2377]
2025-04-15 17:32:51,392 INFO: User login successful: admin@example.com (ID: 14) [in C:\Users\drago\OneDrive\Pulpit\ALL\newest owl judge\app.py:494]
2025-04-15 17:32:53,016 INFO: 404 Not Found: /favicon.ico (Referrer: http://127.0.0.1:5000/admin/dashboard) [in C:\Users\drago\OneDrive\Pulpit\ALL\newest owl judge\app.py:2209]
2025-04-15 17:33:04,109 INFO: Admin 14 deleted user 10 (judge1@example.com) [in C:\Users\drago\OneDrive\Pulpit\ALL\newest owl judge\app.py:1229]
2025-04-15 17:33:07,339 INFO: Admin 14 deleted user 11 (admin1@example.com) [in C:\Users\drago\OneDrive\Pulpit\ALL\newest owl judge\app.py:1229]
2025-04-15 17:33:19,240 INFO: OwlJudge startup configured. [in C:\Users\drago\OneDrive\Pulpit\ALL\newest owl judge\app.py:70]
2025-04-15 17:33:19,258 INFO: Initializing database... [in C:\Users\drago\OneDrive\Pulpit\ALL\newest owl judge\app.py:2349]
2025-04-15 17:33:19,260 INFO: Database tables created/verified. [in C:\Users\drago\OneDrive\Pulpit\ALL\newest owl judge\app.py:2353]
2025-04-15 17:33:19,260 INFO: Checking/Creating test data... [in C:\Users\drago\OneDrive\Pulpit\ALL\newest owl judge\app.py:2260]
2025-04-15 17:33:19,267 INFO: No new test data needed. [in C:\Users\drago\OneDrive\Pulpit\ALL\newest owl judge\app.py:2333]
2025-04-15 17:33:19,267 INFO: -------------------- [in C:\Users\drago\OneDrive\Pulpit\ALL\newest owl judge\app.py:2340]
2025-04-15 17:33:19,268 INFO: Starting Flask server on http://127.0.0.1:5000 (Debug: True) [in C:\Users\drago\OneDrive\Pulpit\ALL\newest owl judge\app.py:2377]
2025-04-15 17:33:26,488 INFO: 404 Not Found: /favicon.ico (Referrer: http://127.0.0.1:5000/login) [in C:\Users\drago\OneDrive\Pulpit\ALL\newest owl judge\app.py:2209]
2025-04-15 17:33:31,445 WARNING: Failed login attempt for email: admin@example.com [in C:\Users\drago\OneDrive\Pulpit\ALL\newest owl judge\app.py:510]
2025-04-15 17:33:33,045 WARNING: Failed login attempt for email: admin@example.com [in C:\Users\drago\OneDrive\Pulpit\ALL\newest owl judge\app.py:510]
2025-04-15 17:33:36,628 INFO: User login successful: admin@example.com (ID: 14) [in C:\Users\drago\OneDrive\Pulpit\ALL\newest owl judge\app.py:494]
2025-04-15 17:33:38,207 INFO: 404 Not Found: /favicon.ico (Referrer: http://127.0.0.1:5000/admin/dashboard) [in C:\Users\drago\OneDrive\Pulpit\ALL\newest owl judge\app.py:2209]
2025-04-15 17:33:51,578 INFO: Admin 14 exporting projects to owljudge_projects_20250415_173351.xlsx [in C:\Users\drago\OneDrive\Pulpit\ALL\newest owl judge\app.py:1691]
2025-04-15 17:34:04,492 INFO: 404 Not Found: /static/images/avatar_admin.png (Referrer: http://127.0.0.1:5000/) [in C:\Users\drago\OneDrive\Pulpit\ALL\newest owl judge\app.py:2209]
2025-04-15 17:34:04,492 INFO: 404 Not Found: /static/images/avatar_student.png (Referrer: http://127.0.0.1:5000/) [in C:\Users\drago\OneDrive\Pulpit\ALL\newest owl judge\app.py:2209]
2025-04-15 17:34:04,492 INFO: 404 Not Found: /static/images/avatar_judge.png (Referrer: http://127.0.0.1:5000/) [in C:\Users\drago\OneDrive\Pulpit\ALL\newest owl judge\app.py:2209]
2025-04-15 17:34:04,497 INFO: 404 Not Found: /static/images/ksu_campus_blur.jpg (Referrer: http://127.0.0.1:5000/) [in C:\Users\drago\OneDrive\Pulpit\ALL\newest owl judge\app.py:2209]
2025-04-15 17:34:04,503 INFO: 404 Not Found: /static/images/ksu_campus_wide.jpg (Referrer: http://127.0.0.1:5000/) [in C:\Users\drago\OneDrive\Pulpit\ALL\newest owl judge\app.py:2209]
2025-04-15 17:34:04,542 INFO: 404 Not Found: /favicon.ico (Referrer: http://127.0.0.1:5000/) [in C:\Users\drago\OneDrive\Pulpit\ALL\newest owl judge\app.py:2209]
2025-04-15 17:34:07,427 INFO: 404 Not Found: /favicon.ico (Referrer: http://127.0.0.1:5000/vote) [in C:\Users\drago\OneDrive\Pulpit\ALL\newest owl judge\app.py:2209]
2025-04-15 17:35:00,601 INFO: OwlJudge startup configured. [in C:\Users\drago\OneDrive\Pulpit\ALL\newest owl judge\app.py:70]
2025-04-15 17:35:00,619 INFO: Initializing database... [in C:\Users\drago\OneDrive\Pulpit\ALL\newest owl judge\app.py:2352]
2025-04-15 17:35:00,621 INFO: Database tables created/verified. [in C:\Users\drago\OneDrive\Pulpit\ALL\newest owl judge\app.py:2356]
2025-04-15 17:35:00,621 INFO: Checking/Creating test data... [in C:\Users\drago\OneDrive\Pulpit\ALL\newest owl judge\app.py:2260]
2025-04-15 17:35:00,629 ERROR: Error creating/updating test data: cannot access local variable 'projects_to_add' where it is not associated with a value [in C:\Users\drago\OneDrive\Pulpit\ALL\newest owl judge\app.py:2341]
Traceback (most recent call last):
  File "C:\Users\drago\OneDrive\Pulpit\ALL\newest owl judge\app.py", line 2321, in create_test_data
    if Projects.query.count() < len(projects_to_add) or force_create:
                                    ^^^^^^^^^^^^^^^
UnboundLocalError: cannot access local variable 'projects_to_add' where it is not associated with a value
2025-04-15 17:35:00,630 INFO: -------------------- [in C:\Users\drago\OneDrive\Pulpit\ALL\newest owl judge\app.py:2343]
2025-04-15 17:35:00,630 INFO: Starting Flask server on http://127.0.0.1:5000 (Debug: True) [in C:\Users\drago\OneDrive\Pulpit\ALL\newest owl judge\app.py:2380]
2025-04-15 17:35:06,223 INFO: 404 Not Found: /favicon.ico (Referrer: http://127.0.0.1:5000/login) [in C:\Users\drago\OneDrive\Pulpit\ALL\newest owl judge\app.py:2209]
2025-04-15 17:35:06,988 INFO: 404 Not Found: /favicon.ico (Referrer: http://127.0.0.1:5000/login) [in C:\Users\drago\OneDrive\Pulpit\ALL\newest owl judge\app.py:2209]
2025-04-15 17:35:09,738 INFO: User login successful: admin@example.com (ID: 14) [in C:\Users\drago\OneDrive\Pulpit\ALL\newest owl judge\app.py:494]
2025-04-15 17:35:11,328 INFO: 404 Not Found: /favicon.ico (Referrer: http://127.0.0.1:5000/admin/dashboard) [in C:\Users\drago\OneDrive\Pulpit\ALL\newest owl judge\app.py:2209]
2025-04-15 17:35:24,041 INFO: 404 Not Found: /favicon.ico (Referrer: http://127.0.0.1:5000/admin/dashboard) [in C:\Users\drago\OneDrive\Pulpit\ALL\newest owl judge\app.py:2209]
2025-04-15 17:35:28,400 INFO: Admin 14 deleted project 1 ('AI Ethics Analyzer') and its 0 associated scores. [in C:\Users\drago\OneDrive\Pulpit\ALL\newest owl judge\app.py:1393]
2025-04-15 17:35:30,623 INFO: Admin 14 deleted project 2 ('Community Connect') and its 0 associated scores. [in C:\Users\drago\OneDrive\Pulpit\ALL\newest owl judge\app.py:1393]
2025-04-15 17:35:33,588 INFO: Admin 14 deleted project 3 ('Smart Garden System') and its 0 associated scores. [in C:\Users\drago\OneDrive\Pulpit\ALL\newest owl judge\app.py:1393]
2025-04-15 17:35:34,360 INFO: User logout successful: admin@example.com (ID: 14) [in C:\Users\drago\OneDrive\Pulpit\ALL\newest owl judge\app.py:525]
2025-04-15 17:35:34,395 INFO: 404 Not Found: /static/images/avatar_judge.png (Referrer: http://127.0.0.1:5000/) [in C:\Users\drago\OneDrive\Pulpit\ALL\newest owl judge\app.py:2209]
2025-04-15 17:35:34,396 INFO: 404 Not Found: /static/images/avatar_student.png (Referrer: http://127.0.0.1:5000/) [in C:\Users\drago\OneDrive\Pulpit\ALL\newest owl judge\app.py:2209]
2025-04-15 17:35:34,397 INFO: 404 Not Found: /static/images/avatar_admin.png (Referrer: http://127.0.0.1:5000/) [in C:\Users\drago\OneDrive\Pulpit\ALL\newest owl judge\app.py:2209]
2025-04-15 17:35:34,399 INFO: 404 Not Found: /static/images/ksu_campus_blur.jpg (Referrer: http://127.0.0.1:5000/) [in C:\Users\drago\OneDrive\Pulpit\ALL\newest owl judge\app.py:2209]
2025-04-15 17:35:34,401 INFO: 404 Not Found: /static/images/ksu_campus_wide.jpg (Referrer: http://127.0.0.1:5000/) [in C:\Users\drago\OneDrive\Pulpit\ALL\newest owl judge\app.py:2209]
2025-04-15 17:35:34,437 INFO: 404 Not Found: /favicon.ico (Referrer: http://127.0.0.1:5000/) [in C:\Users\drago\OneDrive\Pulpit\ALL\newest owl judge\app.py:2209]
2025-04-15 17:35:37,840 INFO: OwlJudge startup configured. [in C:\Users\drago\OneDrive\Pulpit\ALL\newest owl judge\app.py:70]
2025-04-15 17:35:37,860 INFO: Initializing database... [in C:\Users\drago\OneDrive\Pulpit\ALL\newest owl judge\app.py:2352]
2025-04-15 17:35:37,862 INFO: Database tables created/verified. [in C:\Users\drago\OneDrive\Pulpit\ALL\newest owl judge\app.py:2356]
2025-04-15 17:35:37,862 INFO: Checking/Creating test data... [in C:\Users\drago\OneDrive\Pulpit\ALL\newest owl judge\app.py:2260]
2025-04-15 17:35:37,871 INFO:  -> Created test project: Project Alpha [in C:\Users\drago\OneDrive\Pulpit\ALL\newest owl judge\app.py:2328]
2025-04-15 17:35:37,874 INFO:  -> Created test project: Project Beta [in C:\Users\drago\OneDrive\Pulpit\ALL\newest owl judge\app.py:2328]
2025-04-15 17:35:37,874 INFO:  -> Created test project: Project Gamma [in C:\Users\drago\OneDrive\Pulpit\ALL\newest owl judge\app.py:2328]
2025-04-15 17:35:37,888 INFO: Test data changes committed. [in C:\Users\drago\OneDrive\Pulpit\ALL\newest owl judge\app.py:2334]
2025-04-15 17:35:37,888 INFO: -------------------- [in C:\Users\drago\OneDrive\Pulpit\ALL\newest owl judge\app.py:2343]
2025-04-15 17:35:37,888 INFO: Starting Flask server on http://127.0.0.1:5000 (Debug: True) [in C:\Users\drago\OneDrive\Pulpit\ALL\newest owl judge\app.py:2380]
2025-04-15 17:35:38,592 INFO: OwlJudge startup configured. [in C:\Users\drago\OneDrive\Pulpit\ALL\newest owl judge\app.py:70]
2025-04-15 17:35:38,612 INFO: Initializing database... [in C:\Users\drago\OneDrive\Pulpit\ALL\newest owl judge\app.py:2352]
2025-04-15 17:35:38,614 INFO: Database tables created/verified. [in C:\Users\drago\OneDrive\Pulpit\ALL\newest owl judge\app.py:2356]
2025-04-15 17:35:38,614 INFO: Checking/Creating test data... [in C:\Users\drago\OneDrive\Pulpit\ALL\newest owl judge\app.py:2260]
2025-04-15 17:35:38,621 ERROR: Error creating/updating test data: cannot access local variable 'projects_to_add' where it is not associated with a value [in C:\Users\drago\OneDrive\Pulpit\ALL\newest owl judge\app.py:2341]
Traceback (most recent call last):
  File "C:\Users\drago\OneDrive\Pulpit\ALL\newest owl judge\app.py", line 2321, in create_test_data
    if Projects.query.count() < len(projects_to_add) or force_create:
                                    ^^^^^^^^^^^^^^^
UnboundLocalError: cannot access local variable 'projects_to_add' where it is not associated with a value
2025-04-15 17:35:38,622 INFO: -------------------- [in C:\Users\drago\OneDrive\Pulpit\ALL\newest owl judge\app.py:2343]
2025-04-15 17:35:38,622 INFO: Starting Flask server on http://127.0.0.1:5000 (Debug: True) [in C:\Users\drago\OneDrive\Pulpit\ALL\newest owl judge\app.py:2380]
2025-04-15 17:35:38,879 INFO: 404 Not Found: /favicon.ico (Referrer: http://127.0.0.1:5000/login) [in C:\Users\drago\OneDrive\Pulpit\ALL\newest owl judge\app.py:2209]
2025-04-15 17:35:40,746 INFO: 404 Not Found: /request_admin_password_reset (Referrer: http://127.0.0.1:5000/login) [in C:\Users\drago\OneDrive\Pulpit\ALL\newest owl judge\app.py:2209]
2025-04-15 17:35:41,576 INFO: 404 Not Found: /favicon.ico (Referrer: http://127.0.0.1:5000/) [in C:\Users\drago\OneDrive\Pulpit\ALL\newest owl judge\app.py:2209]
2025-04-15 17:35:43,958 INFO: User login successful: admin@example.com (ID: 14) [in C:\Users\drago\OneDrive\Pulpit\ALL\newest owl judge\app.py:494]
2025-04-15 17:35:45,531 INFO: 404 Not Found: /favicon.ico (Referrer: http://127.0.0.1:5000/admin/dashboard) [in C:\Users\drago\OneDrive\Pulpit\ALL\newest owl judge\app.py:2209]
2025-04-15 17:42:51,416 INFO: 404 Not Found: /static/images/avatar_admin.png (Referrer: http://127.0.0.1:5000/) [in C:\Users\drago\OneDrive\Pulpit\ALL\newest owl judge\app.py:2209]
2025-04-15 17:42:51,416 INFO: 404 Not Found: /static/images/avatar_judge.png (Referrer: http://127.0.0.1:5000/) [in C:\Users\drago\OneDrive\Pulpit\ALL\newest owl judge\app.py:2209]
2025-04-15 17:42:51,419 INFO: 404 Not Found: /static/images/ksu_campus_blur.jpg (Referrer: http://127.0.0.1:5000/) [in C:\Users\drago\OneDrive\Pulpit\ALL\newest owl judge\app.py:2209]
2025-04-15 17:42:51,421 INFO: 404 Not Found: /static/images/ksu_campus_wide.jpg (Referrer: http://127.0.0.1:5000/) [in C:\Users\drago\OneDrive\Pulpit\ALL\newest owl judge\app.py:2209]
2025-04-15 17:42:51,427 INFO: 404 Not Found: /static/images/avatar_student.png (Referrer: http://127.0.0.1:5000/) [in C:\Users\drago\OneDrive\Pulpit\ALL\newest owl judge\app.py:2209]
2025-04-15 17:42:51,464 INFO: 404 Not Found: /favicon.ico (Referrer: http://127.0.0.1:5000/) [in C:\Users\drago\OneDrive\Pulpit\ALL\newest owl judge\app.py:2209]
2025-04-15 17:42:52,260 INFO: 404 Not Found: /static/images/cday_presentation_blur.jpg (Referrer: http://127.0.0.1:5000/about) [in C:\Users\drago\OneDrive\Pulpit\ALL\newest owl judge\app.py:2209]
2025-04-15 17:42:52,273 INFO: 404 Not Found: /favicon.ico (Referrer: http://127.0.0.1:5000/about) [in C:\Users\drago\OneDrive\Pulpit\ALL\newest owl judge\app.py:2209]
2025-04-15 17:42:52,778 INFO: 404 Not Found: /favicon.ico (Referrer: http://127.0.0.1:5000/audience) [in C:\Users\drago\OneDrive\Pulpit\ALL\newest owl judge\app.py:2209]
2025-04-15 17:42:57,051 INFO: 404 Not Found: /favicon.ico (Referrer: http://127.0.0.1:5000/contact) [in C:\Users\drago\OneDrive\Pulpit\ALL\newest owl judge\app.py:2209]
2025-04-15 17:42:57,685 INFO: 404 Not Found: /favicon.ico (Referrer: http://127.0.0.1:5000/admin/dashboard) [in C:\Users\drago\OneDrive\Pulpit\ALL\newest owl judge\app.py:2209]
2025-04-15 17:42:59,115 INFO: 404 Not Found: /favicon.ico (Referrer: http://127.0.0.1:5000/contact) [in C:\Users\drago\OneDrive\Pulpit\ALL\newest owl judge\app.py:2209]
2025-04-15 17:43:00,039 INFO: 404 Not Found: /favicon.ico (Referrer: http://127.0.0.1:5000/admin/dashboard) [in C:\Users\drago\OneDrive\Pulpit\ALL\newest owl judge\app.py:2209]
2025-04-15 17:43:05,438 INFO: 404 Not Found: /static/images/avatar_judge.png (Referrer: http://127.0.0.1:5000/) [in C:\Users\drago\OneDrive\Pulpit\ALL\newest owl judge\app.py:2209]
2025-04-15 17:43:05,439 INFO: 404 Not Found: /static/images/avatar_student.png (Referrer: http://127.0.0.1:5000/) [in C:\Users\drago\OneDrive\Pulpit\ALL\newest owl judge\app.py:2209]
2025-04-15 17:43:05,442 INFO: 404 Not Found: /static/images/avatar_admin.png (Referrer: http://127.0.0.1:5000/) [in C:\Users\drago\OneDrive\Pulpit\ALL\newest owl judge\app.py:2209]
2025-04-15 17:43:05,444 INFO: 404 Not Found: /static/images/ksu_campus_blur.jpg (Referrer: http://127.0.0.1:5000/) [in C:\Users\drago\OneDrive\Pulpit\ALL\newest owl judge\app.py:2209]
2025-04-15 17:43:05,447 INFO: 404 Not Found: /static/images/ksu_campus_wide.jpg (Referrer: http://127.0.0.1:5000/) [in C:\Users\drago\OneDrive\Pulpit\ALL\newest owl judge\app.py:2209]
2025-04-15 17:43:05,485 INFO: 404 Not Found: /favicon.ico (Referrer: http://127.0.0.1:5000/) [in C:\Users\drago\OneDrive\Pulpit\ALL\newest owl judge\app.py:2209]
2025-04-15 17:43:31,301 INFO: 404 Not Found: /favicon.ico (Referrer: http://127.0.0.1:5000/) [in C:\Users\drago\OneDrive\Pulpit\ALL\newest owl judge\app.py:2209]
2025-04-15 17:46:37,304 INFO: OwlJudge startup configured. [in C:\Users\drago\OneDrive\Pulpit\ALL\newest owl judge\app.py:70]
2025-04-15 17:46:37,321 INFO: Initializing database... [in C:\Users\drago\OneDrive\Pulpit\ALL\newest owl judge\app.py:2352]
2025-04-15 17:46:37,322 INFO: Database tables created/verified. [in C:\Users\drago\OneDrive\Pulpit\ALL\newest owl judge\app.py:2356]
2025-04-15 17:46:37,322 INFO: Checking/Creating test data... [in C:\Users\drago\OneDrive\Pulpit\ALL\newest owl judge\app.py:2260]
2025-04-15 17:46:37,329 ERROR: Error creating/updating test data: cannot access local variable 'projects_to_add' where it is not associated with a value [in C:\Users\drago\OneDrive\Pulpit\ALL\newest owl judge\app.py:2341]
Traceback (most recent call last):
  File "C:\Users\drago\OneDrive\Pulpit\ALL\newest owl judge\app.py", line 2321, in create_test_data
    if Projects.query.count() < len(projects_to_add) or force_create:
                                    ^^^^^^^^^^^^^^^
UnboundLocalError: cannot access local variable 'projects_to_add' where it is not associated with a value
2025-04-15 17:46:37,330 INFO: -------------------- [in C:\Users\drago\OneDrive\Pulpit\ALL\newest owl judge\app.py:2343]
2025-04-15 17:46:37,330 INFO: Starting Flask server on http://127.0.0.1:5000 (Debug: True) [in C:\Users\drago\OneDrive\Pulpit\ALL\newest owl judge\app.py:2380]
2025-04-15 17:46:38,011 INFO: OwlJudge startup configured. [in C:\Users\drago\OneDrive\Pulpit\ALL\newest owl judge\app.py:70]
2025-04-15 17:46:38,028 INFO: Initializing database... [in C:\Users\drago\OneDrive\Pulpit\ALL\newest owl judge\app.py:2352]
2025-04-15 17:46:38,029 INFO: Database tables created/verified. [in C:\Users\drago\OneDrive\Pulpit\ALL\newest owl judge\app.py:2356]
2025-04-15 17:46:38,029 INFO: Checking/Creating test data... [in C:\Users\drago\OneDrive\Pulpit\ALL\newest owl judge\app.py:2260]
2025-04-15 17:46:38,037 ERROR: Error creating/updating test data: cannot access local variable 'projects_to_add' where it is not associated with a value [in C:\Users\drago\OneDrive\Pulpit\ALL\newest owl judge\app.py:2341]
Traceback (most recent call last):
  File "C:\Users\drago\OneDrive\Pulpit\ALL\newest owl judge\app.py", line 2321, in create_test_data
    if Projects.query.count() < len(projects_to_add) or force_create:
                                    ^^^^^^^^^^^^^^^
UnboundLocalError: cannot access local variable 'projects_to_add' where it is not associated with a value
2025-04-15 17:46:38,038 INFO: -------------------- [in C:\Users\drago\OneDrive\Pulpit\ALL\newest owl judge\app.py:2343]
2025-04-15 17:46:38,038 INFO: Starting Flask server on http://127.0.0.1:5000 (Debug: True) [in C:\Users\drago\OneDrive\Pulpit\ALL\newest owl judge\app.py:2380]
2025-04-15 17:46:39,076 INFO: 404 Not Found: /static/images/avatar_admin.png (Referrer: http://127.0.0.1:5000/) [in C:\Users\drago\OneDrive\Pulpit\ALL\newest owl judge\app.py:2209]
2025-04-15 17:46:39,078 INFO: 404 Not Found: /static/images/avatar_judge.png (Referrer: http://127.0.0.1:5000/) [in C:\Users\drago\OneDrive\Pulpit\ALL\newest owl judge\app.py:2209]
2025-04-15 17:46:39,079 INFO: 404 Not Found: /static/images/avatar_student.png (Referrer: http://127.0.0.1:5000/) [in C:\Users\drago\OneDrive\Pulpit\ALL\newest owl judge\app.py:2209]
2025-04-15 17:46:39,080 INFO: 404 Not Found: /static/images/ksu_campus_blur.jpg (Referrer: http://127.0.0.1:5000/) [in C:\Users\drago\OneDrive\Pulpit\ALL\newest owl judge\app.py:2209]
2025-04-15 17:46:39,082 INFO: 404 Not Found: /static/images/ksu_campus_wide.jpg (Referrer: http://127.0.0.1:5000/) [in C:\Users\drago\OneDrive\Pulpit\ALL\newest owl judge\app.py:2209]
2025-04-15 17:46:39,119 INFO: 404 Not Found: /favicon.ico (Referrer: http://127.0.0.1:5000/) [in C:\Users\drago\OneDrive\Pulpit\ALL\newest owl judge\app.py:2209]
2025-04-15 17:46:40,202 INFO: 404 Not Found: /favicon.ico (Referrer: http://127.0.0.1:5000/login) [in C:\Users\drago\OneDrive\Pulpit\ALL\newest owl judge\app.py:2209]
2025-04-15 17:46:42,258 INFO: User login successful: admin@example.com (ID: 14) [in C:\Users\drago\OneDrive\Pulpit\ALL\newest owl judge\app.py:494]
2025-04-15 17:46:43,850 INFO: 404 Not Found: /favicon.ico (Referrer: http://127.0.0.1:5000/admin/dashboard) [in C:\Users\drago\OneDrive\Pulpit\ALL\newest owl judge\app.py:2209]
2025-04-15 17:46:45,877 INFO: 404 Not Found: /favicon.ico (Referrer: http://127.0.0.1:5000/vote) [in C:\Users\drago\OneDrive\Pulpit\ALL\newest owl judge\app.py:2209]
2025-04-15 17:46:46,882 INFO: 404 Not Found: /favicon.ico (Referrer: http://127.0.0.1:5000/admin/dashboard) [in C:\Users\drago\OneDrive\Pulpit\ALL\newest owl judge\app.py:2209]
2025-04-15 17:46:51,033 INFO: 404 Not Found: /favicon.ico (Referrer: http://127.0.0.1:5000/vote) [in C:\Users\drago\OneDrive\Pulpit\ALL\newest owl judge\app.py:2209]
2025-04-15 17:49:11,582 INFO: OwlJudge startup configured. [in C:\Users\drago\OneDrive\Pulpit\ALL\newest owl judge\app.py:70]
2025-04-15 17:49:11,600 INFO: Initializing database... [in C:\Users\drago\OneDrive\Pulpit\ALL\newest owl judge\app.py:2352]
2025-04-15 17:49:11,602 INFO: Database tables created/verified. [in C:\Users\drago\OneDrive\Pulpit\ALL\newest owl judge\app.py:2356]
2025-04-15 17:49:11,602 INFO: Checking/Creating test data... [in C:\Users\drago\OneDrive\Pulpit\ALL\newest owl judge\app.py:2260]
2025-04-15 17:49:11,610 ERROR: Error creating/updating test data: cannot access local variable 'projects_to_add' where it is not associated with a value [in C:\Users\drago\OneDrive\Pulpit\ALL\newest owl judge\app.py:2341]
Traceback (most recent call last):
  File "C:\Users\drago\OneDrive\Pulpit\ALL\newest owl judge\app.py", line 2321, in create_test_data
    if Projects.query.count() < len(projects_to_add) or force_create:
                                    ^^^^^^^^^^^^^^^
UnboundLocalError: cannot access local variable 'projects_to_add' where it is not associated with a value
2025-04-15 17:49:11,611 INFO: -------------------- [in C:\Users\drago\OneDrive\Pulpit\ALL\newest owl judge\app.py:2343]
2025-04-15 17:49:11,611 INFO: Starting Flask server on http://127.0.0.1:5000 (Debug: True) [in C:\Users\drago\OneDrive\Pulpit\ALL\newest owl judge\app.py:2380]
2025-04-15 17:49:12,379 INFO: OwlJudge startup configured. [in C:\Users\drago\OneDrive\Pulpit\ALL\newest owl judge\app.py:70]
2025-04-15 17:49:12,402 INFO: Initializing database... [in C:\Users\drago\OneDrive\Pulpit\ALL\newest owl judge\app.py:2352]
2025-04-15 17:49:12,403 INFO: Database tables created/verified. [in C:\Users\drago\OneDrive\Pulpit\ALL\newest owl judge\app.py:2356]
2025-04-15 17:49:12,404 INFO: Checking/Creating test data... [in C:\Users\drago\OneDrive\Pulpit\ALL\newest owl judge\app.py:2260]
2025-04-15 17:49:12,413 ERROR: Error creating/updating test data: cannot access local variable 'projects_to_add' where it is not associated with a value [in C:\Users\drago\OneDrive\Pulpit\ALL\newest owl judge\app.py:2341]
Traceback (most recent call last):
  File "C:\Users\drago\OneDrive\Pulpit\ALL\newest owl judge\app.py", line 2321, in create_test_data
    if Projects.query.count() < len(projects_to_add) or force_create:
                                    ^^^^^^^^^^^^^^^
UnboundLocalError: cannot access local variable 'projects_to_add' where it is not associated with a value
2025-04-15 17:49:12,414 INFO: -------------------- [in C:\Users\drago\OneDrive\Pulpit\ALL\newest owl judge\app.py:2343]
2025-04-15 17:49:12,414 INFO: Starting Flask server on http://127.0.0.1:5000 (Debug: True) [in C:\Users\drago\OneDrive\Pulpit\ALL\newest owl judge\app.py:2380]
2025-04-15 17:49:12,539 INFO: 404 Not Found: /favicon.ico (Referrer: http://127.0.0.1:5000/login) [in C:\Users\drago\OneDrive\Pulpit\ALL\newest owl judge\app.py:2209]
2025-04-15 17:49:13,817 INFO: 404 Not Found: /favicon.ico (Referrer: http://127.0.0.1:5000/login) [in C:\Users\drago\OneDrive\Pulpit\ALL\newest owl judge\app.py:2209]
2025-04-15 17:49:15,212 INFO: 404 Not Found: /favicon.ico (Referrer: http://127.0.0.1:5000/signup) [in C:\Users\drago\OneDrive\Pulpit\ALL\newest owl judge\app.py:2209]
2025-04-15 17:49:16,310 INFO: 404 Not Found: /favicon.ico (Referrer: http://127.0.0.1:5000/login) [in C:\Users\drago\OneDrive\Pulpit\ALL\newest owl judge\app.py:2209]
2025-04-15 17:49:17,906 INFO: 404 Not Found: /static/images/avatar_judge.png (Referrer: http://127.0.0.1:5000/) [in C:\Users\drago\OneDrive\Pulpit\ALL\newest owl judge\app.py:2209]
2025-04-15 17:49:17,907 INFO: 404 Not Found: /static/images/avatar_student.png (Referrer: http://127.0.0.1:5000/) [in C:\Users\drago\OneDrive\Pulpit\ALL\newest owl judge\app.py:2209]
2025-04-15 17:49:17,908 INFO: 404 Not Found: /static/images/avatar_admin.png (Referrer: http://127.0.0.1:5000/) [in C:\Users\drago\OneDrive\Pulpit\ALL\newest owl judge\app.py:2209]
2025-04-15 17:49:17,910 INFO: 404 Not Found: /static/images/ksu_campus_blur.jpg (Referrer: http://127.0.0.1:5000/) [in C:\Users\drago\OneDrive\Pulpit\ALL\newest owl judge\app.py:2209]
2025-04-15 17:49:17,911 INFO: 404 Not Found: /static/images/ksu_campus_wide.jpg (Referrer: http://127.0.0.1:5000/) [in C:\Users\drago\OneDrive\Pulpit\ALL\newest owl judge\app.py:2209]
2025-04-15 17:49:17,950 INFO: 404 Not Found: /favicon.ico (Referrer: http://127.0.0.1:5000/) [in C:\Users\drago\OneDrive\Pulpit\ALL\newest owl judge\app.py:2209]
2025-04-15 17:49:20,349 INFO: 404 Not Found: /favicon.ico (Referrer: http://127.0.0.1:5000/login) [in C:\Users\drago\OneDrive\Pulpit\ALL\newest owl judge\app.py:2209]
2025-04-15 17:49:24,006 INFO: 404 Not Found: /favicon.ico (Referrer: http://127.0.0.1:5000/signup) [in C:\Users\drago\OneDrive\Pulpit\ALL\newest owl judge\app.py:2209]
2025-04-15 17:49:32,557 INFO: New user signup successful: mrzepka@students.kennesaw.edu (ID: 16) [in C:\Users\drago\OneDrive\Pulpit\ALL\newest owl judge\app.py:439]
2025-04-15 17:49:34,119 INFO: 404 Not Found: /favicon.ico (Referrer: http://127.0.0.1:5000/login) [in C:\Users\drago\OneDrive\Pulpit\ALL\newest owl judge\app.py:2209]
2025-04-15 17:49:41,013 INFO: User login successful: mrzepka@students.kennesaw.edu (ID: 16) [in C:\Users\drago\OneDrive\Pulpit\ALL\newest owl judge\app.py:494]
2025-04-15 17:49:42,564 INFO: 404 Not Found: /static/images/avatar_judge.png (Referrer: http://127.0.0.1:5000/) [in C:\Users\drago\OneDrive\Pulpit\ALL\newest owl judge\app.py:2209]
2025-04-15 17:49:42,566 INFO: 404 Not Found: /static/images/ksu_campus_blur.jpg (Referrer: http://127.0.0.1:5000/) [in C:\Users\drago\OneDrive\Pulpit\ALL\newest owl judge\app.py:2209]
2025-04-15 17:49:42,567 INFO: 404 Not Found: /static/images/avatar_student.png (Referrer: http://127.0.0.1:5000/) [in C:\Users\drago\OneDrive\Pulpit\ALL\newest owl judge\app.py:2209]
2025-04-15 17:49:42,568 INFO: 404 Not Found: /static/images/avatar_admin.png (Referrer: http://127.0.0.1:5000/) [in C:\Users\drago\OneDrive\Pulpit\ALL\newest owl judge\app.py:2209]
2025-04-15 17:49:42,573 INFO: 404 Not Found: /static/images/ksu_campus_wide.jpg (Referrer: http://127.0.0.1:5000/) [in C:\Users\drago\OneDrive\Pulpit\ALL\newest owl judge\app.py:2209]
2025-04-15 17:49:42,611 INFO: 404 Not Found: /favicon.ico (Referrer: http://127.0.0.1:5000/) [in C:\Users\drago\OneDrive\Pulpit\ALL\newest owl judge\app.py:2209]
2025-04-15 17:49:46,506 INFO: 404 Not Found: /favicon.ico (Referrer: http://127.0.0.1:5000/profile) [in C:\Users\drago\OneDrive\Pulpit\ALL\newest owl judge\app.py:2209]
2025-04-15 17:49:51,323 INFO: User 16 (mrzepka@students.kennesaw.edu) requested judge role. [in C:\Users\drago\OneDrive\Pulpit\ALL\newest owl judge\app.py:793]
2025-04-15 17:49:54,320 INFO: User logout successful: mrzepka@students.kennesaw.edu (ID: 16) [in C:\Users\drago\OneDrive\Pulpit\ALL\newest owl judge\app.py:525]
2025-04-15 17:49:54,345 INFO: 404 Not Found: /static/images/avatar_judge.png (Referrer: http://127.0.0.1:5000/) [in C:\Users\drago\OneDrive\Pulpit\ALL\newest owl judge\app.py:2209]
2025-04-15 17:49:54,345 INFO: 404 Not Found: /static/images/avatar_student.png (Referrer: http://127.0.0.1:5000/) [in C:\Users\drago\OneDrive\Pulpit\ALL\newest owl judge\app.py:2209]
2025-04-15 17:49:54,347 INFO: 404 Not Found: /static/images/avatar_admin.png (Referrer: http://127.0.0.1:5000/) [in C:\Users\drago\OneDrive\Pulpit\ALL\newest owl judge\app.py:2209]
2025-04-15 17:49:54,348 INFO: 404 Not Found: /static/images/ksu_campus_blur.jpg (Referrer: http://127.0.0.1:5000/) [in C:\Users\drago\OneDrive\Pulpit\ALL\newest owl judge\app.py:2209]
2025-04-15 17:49:54,350 INFO: 404 Not Found: /static/images/ksu_campus_wide.jpg (Referrer: http://127.0.0.1:5000/) [in C:\Users\drago\OneDrive\Pulpit\ALL\newest owl judge\app.py:2209]
2025-04-15 17:49:54,384 INFO: 404 Not Found: /favicon.ico (Referrer: http://127.0.0.1:5000/) [in C:\Users\drago\OneDrive\Pulpit\ALL\newest owl judge\app.py:2209]
2025-04-15 17:49:55,097 INFO: 404 Not Found: /favicon.ico (Referrer: http://127.0.0.1:5000/login) [in C:\Users\drago\OneDrive\Pulpit\ALL\newest owl judge\app.py:2209]
2025-04-15 17:49:58,443 INFO: User login successful: admin@example.com (ID: 14) [in C:\Users\drago\OneDrive\Pulpit\ALL\newest owl judge\app.py:494]
2025-04-15 17:50:00,036 INFO: 404 Not Found: /favicon.ico (Referrer: http://127.0.0.1:5000/admin/dashboard) [in C:\Users\drago\OneDrive\Pulpit\ALL\newest owl judge\app.py:2209]
2025-04-15 17:50:08,944 INFO: Admin 14 approved judge role for user 16 [in C:\Users\drago\OneDrive\Pulpit\ALL\newest owl judge\app.py:1025]
2025-04-15 17:50:13,161 INFO: User logout successful: admin@example.com (ID: 14) [in C:\Users\drago\OneDrive\Pulpit\ALL\newest owl judge\app.py:525]
2025-04-15 17:50:13,185 INFO: 404 Not Found: /static/images/avatar_judge.png (Referrer: http://127.0.0.1:5000/) [in C:\Users\drago\OneDrive\Pulpit\ALL\newest owl judge\app.py:2209]
2025-04-15 17:50:13,186 INFO: 404 Not Found: /static/images/avatar_student.png (Referrer: http://127.0.0.1:5000/) [in C:\Users\drago\OneDrive\Pulpit\ALL\newest owl judge\app.py:2209]
2025-04-15 17:50:13,187 INFO: 404 Not Found: /static/images/avatar_admin.png (Referrer: http://127.0.0.1:5000/) [in C:\Users\drago\OneDrive\Pulpit\ALL\newest owl judge\app.py:2209]
2025-04-15 17:50:13,190 INFO: 404 Not Found: /static/images/ksu_campus_blur.jpg (Referrer: http://127.0.0.1:5000/) [in C:\Users\drago\OneDrive\Pulpit\ALL\newest owl judge\app.py:2209]
2025-04-15 17:50:13,192 INFO: 404 Not Found: /static/images/ksu_campus_wide.jpg (Referrer: http://127.0.0.1:5000/) [in C:\Users\drago\OneDrive\Pulpit\ALL\newest owl judge\app.py:2209]
2025-04-15 17:50:13,229 INFO: 404 Not Found: /favicon.ico (Referrer: http://127.0.0.1:5000/) [in C:\Users\drago\OneDrive\Pulpit\ALL\newest owl judge\app.py:2209]
2025-04-15 17:50:13,833 INFO: 404 Not Found: /favicon.ico (Referrer: http://127.0.0.1:5000/login) [in C:\Users\drago\OneDrive\Pulpit\ALL\newest owl judge\app.py:2209]
2025-04-15 17:50:17,967 INFO: User login successful: mrzepka@students.kennesaw.edu (ID: 16) [in C:\Users\drago\OneDrive\Pulpit\ALL\newest owl judge\app.py:494]
2025-04-15 17:50:19,530 INFO: 404 Not Found: /favicon.ico (Referrer: http://127.0.0.1:5000/vote) [in C:\Users\drago\OneDrive\Pulpit\ALL\newest owl judge\app.py:2209]
2025-04-15 17:50:22,791 INFO: 404 Not Found: /static/images/avatar_judge.png (Referrer: http://127.0.0.1:5000/) [in C:\Users\drago\OneDrive\Pulpit\ALL\newest owl judge\app.py:2209]
2025-04-15 17:50:22,792 INFO: 404 Not Found: /static/images/avatar_student.png (Referrer: http://127.0.0.1:5000/) [in C:\Users\drago\OneDrive\Pulpit\ALL\newest owl judge\app.py:2209]
2025-04-15 17:50:22,793 INFO: 404 Not Found: /static/images/avatar_admin.png (Referrer: http://127.0.0.1:5000/) [in C:\Users\drago\OneDrive\Pulpit\ALL\newest owl judge\app.py:2209]
2025-04-15 17:50:22,795 INFO: 404 Not Found: /static/images/ksu_campus_blur.jpg (Referrer: http://127.0.0.1:5000/) [in C:\Users\drago\OneDrive\Pulpit\ALL\newest owl judge\app.py:2209]
2025-04-15 17:50:22,798 INFO: 404 Not Found: /static/images/ksu_campus_wide.jpg (Referrer: http://127.0.0.1:5000/) [in C:\Users\drago\OneDrive\Pulpit\ALL\newest owl judge\app.py:2209]
2025-04-15 17:50:22,828 INFO: 404 Not Found: /favicon.ico (Referrer: http://127.0.0.1:5000/) [in C:\Users\drago\OneDrive\Pulpit\ALL\newest owl judge\app.py:2209]
2025-04-15 17:50:23,665 INFO: User logout successful: mrzepka@students.kennesaw.edu (ID: 16) [in C:\Users\drago\OneDrive\Pulpit\ALL\newest owl judge\app.py:525]
2025-04-15 17:50:23,686 INFO: 404 Not Found: /static/images/avatar_judge.png (Referrer: http://127.0.0.1:5000/) [in C:\Users\drago\OneDrive\Pulpit\ALL\newest owl judge\app.py:2209]
2025-04-15 17:50:23,688 INFO: 404 Not Found: /static/images/avatar_student.png (Referrer: http://127.0.0.1:5000/) [in C:\Users\drago\OneDrive\Pulpit\ALL\newest owl judge\app.py:2209]
2025-04-15 17:50:23,689 INFO: 404 Not Found: /static/images/avatar_admin.png (Referrer: http://127.0.0.1:5000/) [in C:\Users\drago\OneDrive\Pulpit\ALL\newest owl judge\app.py:2209]
2025-04-15 17:50:23,692 INFO: 404 Not Found: /static/images/ksu_campus_blur.jpg (Referrer: http://127.0.0.1:5000/) [in C:\Users\drago\OneDrive\Pulpit\ALL\newest owl judge\app.py:2209]
2025-04-15 17:50:23,695 INFO: 404 Not Found: /static/images/ksu_campus_wide.jpg (Referrer: http://127.0.0.1:5000/) [in C:\Users\drago\OneDrive\Pulpit\ALL\newest owl judge\app.py:2209]
2025-04-15 17:50:23,723 INFO: 404 Not Found: /favicon.ico (Referrer: http://127.0.0.1:5000/) [in C:\Users\drago\OneDrive\Pulpit\ALL\newest owl judge\app.py:2209]
2025-04-15 17:50:26,360 INFO: 404 Not Found: /favicon.ico (Referrer: http://127.0.0.1:5000/login) [in C:\Users\drago\OneDrive\Pulpit\ALL\newest owl judge\app.py:2209]
2025-04-15 17:50:29,894 INFO: User login successful: admin@example.com (ID: 14) [in C:\Users\drago\OneDrive\Pulpit\ALL\newest owl judge\app.py:494]
2025-04-15 17:50:31,455 INFO: 404 Not Found: /favicon.ico (Referrer: http://127.0.0.1:5000/admin/dashboard) [in C:\Users\drago\OneDrive\Pulpit\ALL\newest owl judge\app.py:2209]
2025-04-15 17:50:36,032 INFO: Admin 14 deleted user 16 (mrzepka@students.kennesaw.edu) [in C:\Users\drago\OneDrive\Pulpit\ALL\newest owl judge\app.py:1229]
2025-04-15 17:50:52,521 INFO: 404 Not Found: /static/images/avatar_judge.png (Referrer: http://127.0.0.1:5000/) [in C:\Users\drago\OneDrive\Pulpit\ALL\newest owl judge\app.py:2209]
2025-04-15 17:50:52,523 INFO: 404 Not Found: /static/images/avatar_student.png (Referrer: http://127.0.0.1:5000/) [in C:\Users\drago\OneDrive\Pulpit\ALL\newest owl judge\app.py:2209]
2025-04-15 17:50:52,528 INFO: 404 Not Found: /static/images/avatar_admin.png (Referrer: http://127.0.0.1:5000/) [in C:\Users\drago\OneDrive\Pulpit\ALL\newest owl judge\app.py:2209]
2025-04-15 17:50:52,528 INFO: 404 Not Found: /static/images/ksu_campus_blur.jpg (Referrer: http://127.0.0.1:5000/) [in C:\Users\drago\OneDrive\Pulpit\ALL\newest owl judge\app.py:2209]
2025-04-15 17:50:52,529 INFO: 404 Not Found: /static/images/ksu_campus_wide.jpg (Referrer: http://127.0.0.1:5000/) [in C:\Users\drago\OneDrive\Pulpit\ALL\newest owl judge\app.py:2209]
2025-04-15 17:50:52,571 INFO: 404 Not Found: /favicon.ico (Referrer: http://127.0.0.1:5000/) [in C:\Users\drago\OneDrive\Pulpit\ALL\newest owl judge\app.py:2209]
2025-04-15 17:50:53,076 INFO: User logout successful: admin@example.com (ID: 14) [in C:\Users\drago\OneDrive\Pulpit\ALL\newest owl judge\app.py:525]
2025-04-15 17:50:53,097 INFO: 404 Not Found: /static/images/avatar_judge.png (Referrer: http://127.0.0.1:5000/) [in C:\Users\drago\OneDrive\Pulpit\ALL\newest owl judge\app.py:2209]
2025-04-15 17:50:53,098 INFO: 404 Not Found: /static/images/avatar_student.png (Referrer: http://127.0.0.1:5000/) [in C:\Users\drago\OneDrive\Pulpit\ALL\newest owl judge\app.py:2209]
2025-04-15 17:50:53,101 INFO: 404 Not Found: /static/images/avatar_admin.png (Referrer: http://127.0.0.1:5000/) [in C:\Users\drago\OneDrive\Pulpit\ALL\newest owl judge\app.py:2209]
2025-04-15 17:50:53,103 INFO: 404 Not Found: /static/images/ksu_campus_blur.jpg (Referrer: http://127.0.0.1:5000/) [in C:\Users\drago\OneDrive\Pulpit\ALL\newest owl judge\app.py:2209]
2025-04-15 17:50:53,105 INFO: 404 Not Found: /static/images/ksu_campus_wide.jpg (Referrer: http://127.0.0.1:5000/) [in C:\Users\drago\OneDrive\Pulpit\ALL\newest owl judge\app.py:2209]
2025-04-15 17:50:53,135 INFO: 404 Not Found: /favicon.ico (Referrer: http://127.0.0.1:5000/) [in C:\Users\drago\OneDrive\Pulpit\ALL\newest owl judge\app.py:2209]
2025-04-15 17:50:53,792 INFO: 404 Not Found: /favicon.ico (Referrer: http://127.0.0.1:5000/login) [in C:\Users\drago\OneDrive\Pulpit\ALL\newest owl judge\app.py:2209]
2025-04-15 17:50:55,356 INFO: 404 Not Found: /static/images/cday_presentation_blur.jpg (Referrer: http://127.0.0.1:5000/about) [in C:\Users\drago\OneDrive\Pulpit\ALL\newest owl judge\app.py:2209]
2025-04-15 17:50:55,367 INFO: 404 Not Found: /favicon.ico (Referrer: http://127.0.0.1:5000/about) [in C:\Users\drago\OneDrive\Pulpit\ALL\newest owl judge\app.py:2209]
2025-04-15 17:50:58,493 INFO: 404 Not Found: /favicon.ico (Referrer: http://127.0.0.1:5000/login) [in C:\Users\drago\OneDrive\Pulpit\ALL\newest owl judge\app.py:2209]
2025-04-15 17:51:00,860 INFO: 404 Not Found: /favicon.ico (Referrer: http://127.0.0.1:5000/signup) [in C:\Users\drago\OneDrive\Pulpit\ALL\newest owl judge\app.py:2209]
2025-04-15 17:51:02,451 INFO: 404 Not Found: /favicon.ico (Referrer: http://127.0.0.1:5000/login) [in C:\Users\drago\OneDrive\Pulpit\ALL\newest owl judge\app.py:2209]
2025-04-15 17:51:02,799 INFO: 404 Not Found: /favicon.ico (Referrer: http://127.0.0.1:5000/about) [in C:\Users\drago\OneDrive\Pulpit\ALL\newest owl judge\app.py:2209]
2025-04-15 17:51:03,900 INFO: 404 Not Found: /static/images/avatar_judge.png (Referrer: http://127.0.0.1:5000/) [in C:\Users\drago\OneDrive\Pulpit\ALL\newest owl judge\app.py:2209]
2025-04-15 17:51:03,900 INFO: 404 Not Found: /static/images/avatar_student.png (Referrer: http://127.0.0.1:5000/) [in C:\Users\drago\OneDrive\Pulpit\ALL\newest owl judge\app.py:2209]
2025-04-15 17:51:03,901 INFO: 404 Not Found: /static/images/avatar_admin.png (Referrer: http://127.0.0.1:5000/) [in C:\Users\drago\OneDrive\Pulpit\ALL\newest owl judge\app.py:2209]
2025-04-15 17:51:03,903 INFO: 404 Not Found: /static/images/ksu_campus_blur.jpg (Referrer: http://127.0.0.1:5000/) [in C:\Users\drago\OneDrive\Pulpit\ALL\newest owl judge\app.py:2209]
2025-04-15 17:51:03,905 INFO: 404 Not Found: /static/images/ksu_campus_wide.jpg (Referrer: http://127.0.0.1:5000/) [in C:\Users\drago\OneDrive\Pulpit\ALL\newest owl judge\app.py:2209]
2025-04-15 17:51:03,937 INFO: 404 Not Found: /favicon.ico (Referrer: http://127.0.0.1:5000/) [in C:\Users\drago\OneDrive\Pulpit\ALL\newest owl judge\app.py:2209]
2025-04-15 17:53:06,204 INFO: OwlJudge startup configured. [in C:\Users\drago\OneDrive\Pulpit\ALL\newest owl judge\app.py:70]
2025-04-15 17:53:06,235 INFO: Initializing database... [in C:\Users\drago\OneDrive\Pulpit\ALL\newest owl judge\app.py:2352]
2025-04-15 17:53:06,237 INFO: Database tables created/verified. [in C:\Users\drago\OneDrive\Pulpit\ALL\newest owl judge\app.py:2356]
2025-04-15 17:53:06,237 INFO: Checking/Creating test data... [in C:\Users\drago\OneDrive\Pulpit\ALL\newest owl judge\app.py:2260]
2025-04-15 17:53:06,257 ERROR: Error creating/updating test data: cannot access local variable 'projects_to_add' where it is not associated with a value [in C:\Users\drago\OneDrive\Pulpit\ALL\newest owl judge\app.py:2341]
Traceback (most recent call last):
  File "C:\Users\drago\OneDrive\Pulpit\ALL\newest owl judge\app.py", line 2321, in create_test_data
    if Projects.query.count() < len(projects_to_add) or force_create:
                                    ^^^^^^^^^^^^^^^
UnboundLocalError: cannot access local variable 'projects_to_add' where it is not associated with a value
2025-04-15 17:53:06,258 INFO: -------------------- [in C:\Users\drago\OneDrive\Pulpit\ALL\newest owl judge\app.py:2343]
2025-04-15 17:53:06,259 INFO: Starting Flask server on http://127.0.0.1:5000 (Debug: True) [in C:\Users\drago\OneDrive\Pulpit\ALL\newest owl judge\app.py:2380]
2025-04-15 17:53:07,376 INFO: OwlJudge startup configured. [in C:\Users\drago\OneDrive\Pulpit\ALL\newest owl judge\app.py:70]
2025-04-15 17:53:07,394 INFO: Initializing database... [in C:\Users\drago\OneDrive\Pulpit\ALL\newest owl judge\app.py:2352]
2025-04-15 17:53:07,395 INFO: Database tables created/verified. [in C:\Users\drago\OneDrive\Pulpit\ALL\newest owl judge\app.py:2356]
2025-04-15 17:53:07,395 INFO: Checking/Creating test data... [in C:\Users\drago\OneDrive\Pulpit\ALL\newest owl judge\app.py:2260]
2025-04-15 17:53:07,403 ERROR: Error creating/updating test data: cannot access local variable 'projects_to_add' where it is not associated with a value [in C:\Users\drago\OneDrive\Pulpit\ALL\newest owl judge\app.py:2341]
Traceback (most recent call last):
  File "C:\Users\drago\OneDrive\Pulpit\ALL\newest owl judge\app.py", line 2321, in create_test_data
    if Projects.query.count() < len(projects_to_add) or force_create:
                                    ^^^^^^^^^^^^^^^
UnboundLocalError: cannot access local variable 'projects_to_add' where it is not associated with a value
2025-04-15 17:53:07,404 INFO: -------------------- [in C:\Users\drago\OneDrive\Pulpit\ALL\newest owl judge\app.py:2343]
2025-04-15 17:53:07,404 INFO: Starting Flask server on http://127.0.0.1:5000 (Debug: True) [in C:\Users\drago\OneDrive\Pulpit\ALL\newest owl judge\app.py:2380]
2025-04-15 17:53:11,430 INFO: 404 Not Found: /static/images/avatar_judge.png (Referrer: http://127.0.0.1:5000/) [in C:\Users\drago\OneDrive\Pulpit\ALL\newest owl judge\app.py:2209]
2025-04-15 17:53:11,431 INFO: 404 Not Found: /static/images/avatar_student.png (Referrer: http://127.0.0.1:5000/) [in C:\Users\drago\OneDrive\Pulpit\ALL\newest owl judge\app.py:2209]
2025-04-15 17:53:11,432 INFO: 404 Not Found: /static/images/avatar_admin.png (Referrer: http://127.0.0.1:5000/) [in C:\Users\drago\OneDrive\Pulpit\ALL\newest owl judge\app.py:2209]
2025-04-15 17:53:11,451 INFO: 404 Not Found: /static/images/ksu_campus_blur.jpg (Referrer: http://127.0.0.1:5000/) [in C:\Users\drago\OneDrive\Pulpit\ALL\newest owl judge\app.py:2209]
2025-04-15 17:53:11,452 INFO: 404 Not Found: /static/images/ksu_campus_wide.jpg (Referrer: http://127.0.0.1:5000/) [in C:\Users\drago\OneDrive\Pulpit\ALL\newest owl judge\app.py:2209]
2025-04-15 17:53:11,527 INFO: 404 Not Found: /favicon.ico (Referrer: http://127.0.0.1:5000/) [in C:\Users\drago\OneDrive\Pulpit\ALL\newest owl judge\app.py:2209]
2025-04-15 17:53:13,923 INFO: 404 Not Found: /favicon.ico (Referrer: http://127.0.0.1:5000/login) [in C:\Users\drago\OneDrive\Pulpit\ALL\newest owl judge\app.py:2209]
2025-04-15 17:53:15,939 INFO: User login successful: admin@example.com (ID: 14) [in C:\Users\drago\OneDrive\Pulpit\ALL\newest owl judge\app.py:494]
2025-04-15 17:53:17,520 INFO: 404 Not Found: /favicon.ico (Referrer: http://127.0.0.1:5000/admin/dashboard) [in C:\Users\drago\OneDrive\Pulpit\ALL\newest owl judge\app.py:2209]
2025-04-15 17:53:23,610 INFO: 404 Not Found: /favicon.ico (Referrer: http://127.0.0.1:5000/admin/dashboard) [in C:\Users\drago\OneDrive\Pulpit\ALL\newest owl judge\app.py:2209]
2025-04-15 17:53:26,457 INFO: 404 Not Found: /favicon.ico (Referrer: http://127.0.0.1:5000/admin/dashboard) [in C:\Users\drago\OneDrive\Pulpit\ALL\newest owl judge\app.py:2209]
2025-04-15 18:04:18,006 INFO: OwlJudge startup configured. [in C:\Users\drago\OneDrive\Pulpit\ALL\newest owl judge\app.py:70]
2025-04-15 18:04:18,023 INFO: Initializing database... [in C:\Users\drago\OneDrive\Pulpit\ALL\newest owl judge\app.py:2352]
2025-04-15 18:04:18,024 INFO: Database tables created/verified. [in C:\Users\drago\OneDrive\Pulpit\ALL\newest owl judge\app.py:2356]
2025-04-15 18:04:18,024 INFO: Checking/Creating test data... [in C:\Users\drago\OneDrive\Pulpit\ALL\newest owl judge\app.py:2260]
2025-04-15 18:04:18,032 ERROR: Error creating/updating test data: cannot access local variable 'projects_to_add' where it is not associated with a value [in C:\Users\drago\OneDrive\Pulpit\ALL\newest owl judge\app.py:2341]
Traceback (most recent call last):
  File "C:\Users\drago\OneDrive\Pulpit\ALL\newest owl judge\app.py", line 2321, in create_test_data
    if Projects.query.count() < len(projects_to_add) or force_create:
                                    ^^^^^^^^^^^^^^^
UnboundLocalError: cannot access local variable 'projects_to_add' where it is not associated with a value
2025-04-15 18:04:18,032 INFO: -------------------- [in C:\Users\drago\OneDrive\Pulpit\ALL\newest owl judge\app.py:2343]
2025-04-15 18:04:18,032 INFO: Starting Flask server on http://127.0.0.1:5000 (Debug: True) [in C:\Users\drago\OneDrive\Pulpit\ALL\newest owl judge\app.py:2380]
2025-04-15 18:04:19,082 INFO: OwlJudge startup configured. [in C:\Users\drago\OneDrive\Pulpit\ALL\newest owl judge\app.py:70]
2025-04-15 18:04:19,105 INFO: Initializing database... [in C:\Users\drago\OneDrive\Pulpit\ALL\newest owl judge\app.py:2352]
2025-04-15 18:04:19,107 INFO: Database tables created/verified. [in C:\Users\drago\OneDrive\Pulpit\ALL\newest owl judge\app.py:2356]
2025-04-15 18:04:19,107 INFO: Checking/Creating test data... [in C:\Users\drago\OneDrive\Pulpit\ALL\newest owl judge\app.py:2260]
2025-04-15 18:04:19,117 ERROR: Error creating/updating test data: cannot access local variable 'projects_to_add' where it is not associated with a value [in C:\Users\drago\OneDrive\Pulpit\ALL\newest owl judge\app.py:2341]
Traceback (most recent call last):
  File "C:\Users\drago\OneDrive\Pulpit\ALL\newest owl judge\app.py", line 2321, in create_test_data
    if Projects.query.count() < len(projects_to_add) or force_create:
                                    ^^^^^^^^^^^^^^^
UnboundLocalError: cannot access local variable 'projects_to_add' where it is not associated with a value
2025-04-15 18:04:19,118 INFO: -------------------- [in C:\Users\drago\OneDrive\Pulpit\ALL\newest owl judge\app.py:2343]
2025-04-15 18:04:19,118 INFO: Starting Flask server on http://127.0.0.1:5000 (Debug: True) [in C:\Users\drago\OneDrive\Pulpit\ALL\newest owl judge\app.py:2380]
2025-04-15 18:04:19,191 INFO: 404 Not Found: /favicon.ico (Referrer: http://127.0.0.1:5000/login) [in C:\Users\drago\OneDrive\Pulpit\ALL\newest owl judge\app.py:2209]
2025-04-15 18:04:21,246 INFO: User login successful: admin@example.com (ID: 14) [in C:\Users\drago\OneDrive\Pulpit\ALL\newest owl judge\app.py:494]
2025-04-15 18:04:22,815 INFO: 404 Not Found: /favicon.ico (Referrer: http://127.0.0.1:5000/admin/dashboard) [in C:\Users\drago\OneDrive\Pulpit\ALL\newest owl judge\app.py:2209]
2025-04-15 18:05:49,768 INFO: OwlJudge startup configured. [in C:\Users\drago\OneDrive\Pulpit\ALL\newest owl judge\app.py:70]
2025-04-15 18:05:49,787 INFO: Initializing database... [in C:\Users\drago\OneDrive\Pulpit\ALL\newest owl judge\app.py:2352]
2025-04-15 18:05:49,788 INFO: Database tables created/verified. [in C:\Users\drago\OneDrive\Pulpit\ALL\newest owl judge\app.py:2356]
2025-04-15 18:05:49,788 INFO: Checking/Creating test data... [in C:\Users\drago\OneDrive\Pulpit\ALL\newest owl judge\app.py:2260]
2025-04-15 18:05:49,796 ERROR: Error creating/updating test data: cannot access local variable 'projects_to_add' where it is not associated with a value [in C:\Users\drago\OneDrive\Pulpit\ALL\newest owl judge\app.py:2341]
Traceback (most recent call last):
  File "C:\Users\drago\OneDrive\Pulpit\ALL\newest owl judge\app.py", line 2321, in create_test_data
    if Projects.query.count() < len(projects_to_add) or force_create:
                                    ^^^^^^^^^^^^^^^
UnboundLocalError: cannot access local variable 'projects_to_add' where it is not associated with a value
2025-04-15 18:05:49,797 INFO: -------------------- [in C:\Users\drago\OneDrive\Pulpit\ALL\newest owl judge\app.py:2343]
2025-04-15 18:05:49,797 INFO: Starting Flask server on http://127.0.0.1:5000 (Debug: True) [in C:\Users\drago\OneDrive\Pulpit\ALL\newest owl judge\app.py:2380]
2025-04-15 18:05:50,492 INFO: OwlJudge startup configured. [in C:\Users\drago\OneDrive\Pulpit\ALL\newest owl judge\app.py:70]
2025-04-15 18:05:50,508 INFO: Initializing database... [in C:\Users\drago\OneDrive\Pulpit\ALL\newest owl judge\app.py:2352]
2025-04-15 18:05:50,510 INFO: Database tables created/verified. [in C:\Users\drago\OneDrive\Pulpit\ALL\newest owl judge\app.py:2356]
2025-04-15 18:05:50,510 INFO: Checking/Creating test data... [in C:\Users\drago\OneDrive\Pulpit\ALL\newest owl judge\app.py:2260]
2025-04-15 18:05:50,517 ERROR: Error creating/updating test data: cannot access local variable 'projects_to_add' where it is not associated with a value [in C:\Users\drago\OneDrive\Pulpit\ALL\newest owl judge\app.py:2341]
Traceback (most recent call last):
  File "C:\Users\drago\OneDrive\Pulpit\ALL\newest owl judge\app.py", line 2321, in create_test_data
    if Projects.query.count() < len(projects_to_add) or force_create:
                                    ^^^^^^^^^^^^^^^
UnboundLocalError: cannot access local variable 'projects_to_add' where it is not associated with a value
2025-04-15 18:05:50,517 INFO: -------------------- [in C:\Users\drago\OneDrive\Pulpit\ALL\newest owl judge\app.py:2343]
2025-04-15 18:05:50,517 INFO: Starting Flask server on http://127.0.0.1:5000 (Debug: True) [in C:\Users\drago\OneDrive\Pulpit\ALL\newest owl judge\app.py:2380]
2025-04-15 18:05:53,460 INFO: 404 Not Found: /static/images/avatar_judge.png (Referrer: http://127.0.0.1:5000/) [in C:\Users\drago\OneDrive\Pulpit\ALL\newest owl judge\app.py:2209]
2025-04-15 18:05:53,461 INFO: 404 Not Found: /static/images/avatar_student.png (Referrer: http://127.0.0.1:5000/) [in C:\Users\drago\OneDrive\Pulpit\ALL\newest owl judge\app.py:2209]
2025-04-15 18:05:53,462 INFO: 404 Not Found: /static/images/avatar_admin.png (Referrer: http://127.0.0.1:5000/) [in C:\Users\drago\OneDrive\Pulpit\ALL\newest owl judge\app.py:2209]
2025-04-15 18:05:53,486 INFO: 404 Not Found: /static/images/ksu_campus_blur.jpg (Referrer: http://127.0.0.1:5000/) [in C:\Users\drago\OneDrive\Pulpit\ALL\newest owl judge\app.py:2209]
2025-04-15 18:05:53,487 INFO: 404 Not Found: /static/images/ksu_campus_wide.jpg (Referrer: http://127.0.0.1:5000/) [in C:\Users\drago\OneDrive\Pulpit\ALL\newest owl judge\app.py:2209]
2025-04-15 18:05:53,566 INFO: 404 Not Found: /favicon.ico (Referrer: http://127.0.0.1:5000/) [in C:\Users\drago\OneDrive\Pulpit\ALL\newest owl judge\app.py:2209]
2025-04-15 18:05:55,843 INFO: 404 Not Found: /favicon.ico (Referrer: http://127.0.0.1:5000/login) [in C:\Users\drago\OneDrive\Pulpit\ALL\newest owl judge\app.py:2209]
2025-04-15 18:05:58,072 INFO: User login successful: admin@example.com (ID: 14) [in C:\Users\drago\OneDrive\Pulpit\ALL\newest owl judge\app.py:494]
2025-04-15 18:05:59,659 INFO: 404 Not Found: /favicon.ico (Referrer: http://127.0.0.1:5000/admin/dashboard) [in C:\Users\drago\OneDrive\Pulpit\ALL\newest owl judge\app.py:2209]
2025-04-15 18:06:04,997 INFO: 404 Not Found: /favicon.ico (Referrer: http://127.0.0.1:5000/admin/dashboard) [in C:\Users\drago\OneDrive\Pulpit\ALL\newest owl judge\app.py:2209]
2025-04-15 18:06:25,271 INFO: 404 Not Found: /admin/projects/1/judges (Referrer: http://127.0.0.1:5000/admin/dashboard) [in C:\Users\drago\OneDrive\Pulpit\ALL\newest owl judge\app.py:2209]
2025-04-15 18:06:27,545 INFO: 404 Not Found: /admin/projects/1/judges (Referrer: http://127.0.0.1:5000/admin/dashboard) [in C:\Users\drago\OneDrive\Pulpit\ALL\newest owl judge\app.py:2209]
2025-04-15 19:28:40,436 INFO: 404 Not Found: /static/images/avatar_student.png (Referrer: http://127.0.0.1:5000/) [in C:\Users\drago\OneDrive\Pulpit\ALL\newest owl judge\app.py:2209]
2025-04-15 19:28:40,437 INFO: 404 Not Found: /static/images/avatar_judge.png (Referrer: http://127.0.0.1:5000/) [in C:\Users\drago\OneDrive\Pulpit\ALL\newest owl judge\app.py:2209]
2025-04-15 19:28:40,437 INFO: 404 Not Found: /static/images/avatar_admin.png (Referrer: http://127.0.0.1:5000/) [in C:\Users\drago\OneDrive\Pulpit\ALL\newest owl judge\app.py:2209]
2025-04-15 19:28:40,462 INFO: 404 Not Found: /static/images/ksu_campus_blur.jpg (Referrer: http://127.0.0.1:5000/) [in C:\Users\drago\OneDrive\Pulpit\ALL\newest owl judge\app.py:2209]
2025-04-15 19:28:40,463 INFO: 404 Not Found: /static/images/ksu_campus_wide.jpg (Referrer: http://127.0.0.1:5000/) [in C:\Users\drago\OneDrive\Pulpit\ALL\newest owl judge\app.py:2209]
2025-04-15 19:28:40,509 INFO: 404 Not Found: /favicon.ico (Referrer: http://127.0.0.1:5000/) [in C:\Users\drago\OneDrive\Pulpit\ALL\newest owl judge\app.py:2209]
2025-04-15 19:28:41,453 INFO: 404 Not Found: /static/images/avatar_judge.png (Referrer: http://127.0.0.1:5000/) [in C:\Users\drago\OneDrive\Pulpit\ALL\newest owl judge\app.py:2209]
2025-04-15 19:28:41,454 INFO: 404 Not Found: /static/images/avatar_student.png (Referrer: http://127.0.0.1:5000/) [in C:\Users\drago\OneDrive\Pulpit\ALL\newest owl judge\app.py:2209]
2025-04-15 19:28:41,456 INFO: 404 Not Found: /static/images/avatar_admin.png (Referrer: http://127.0.0.1:5000/) [in C:\Users\drago\OneDrive\Pulpit\ALL\newest owl judge\app.py:2209]
2025-04-15 19:28:41,459 INFO: 404 Not Found: /static/images/ksu_campus_blur.jpg (Referrer: http://127.0.0.1:5000/) [in C:\Users\drago\OneDrive\Pulpit\ALL\newest owl judge\app.py:2209]
2025-04-15 19:28:41,463 INFO: 404 Not Found: /static/images/ksu_campus_wide.jpg (Referrer: http://127.0.0.1:5000/) [in C:\Users\drago\OneDrive\Pulpit\ALL\newest owl judge\app.py:2209]
2025-04-15 19:28:41,493 INFO: 404 Not Found: /favicon.ico (Referrer: http://127.0.0.1:5000/) [in C:\Users\drago\OneDrive\Pulpit\ALL\newest owl judge\app.py:2209]
2025-04-15 20:13:47,107 INFO: OwlJudge startup configured. [in C:\Users\drago\OneDrive\Pulpit\ALL\newest owl judge\app.py:70]
2025-04-15 20:13:47,126 INFO: Initializing database... [in C:\Users\drago\OneDrive\Pulpit\ALL\newest owl judge\app.py:2352]
2025-04-15 20:13:47,127 INFO: Database tables created/verified. [in C:\Users\drago\OneDrive\Pulpit\ALL\newest owl judge\app.py:2356]
2025-04-15 20:13:47,127 INFO: Checking/Creating test data... [in C:\Users\drago\OneDrive\Pulpit\ALL\newest owl judge\app.py:2260]
2025-04-15 20:13:47,135 ERROR: Error creating/updating test data: cannot access local variable 'projects_to_add' where it is not associated with a value [in C:\Users\drago\OneDrive\Pulpit\ALL\newest owl judge\app.py:2341]
Traceback (most recent call last):
  File "C:\Users\drago\OneDrive\Pulpit\ALL\newest owl judge\app.py", line 2321, in create_test_data
    if Projects.query.count() < len(projects_to_add) or force_create:
                                    ^^^^^^^^^^^^^^^
UnboundLocalError: cannot access local variable 'projects_to_add' where it is not associated with a value
2025-04-15 20:13:47,136 INFO: -------------------- [in C:\Users\drago\OneDrive\Pulpit\ALL\newest owl judge\app.py:2343]
2025-04-15 20:13:47,136 INFO: Starting Flask server on http://127.0.0.1:5000 (Debug: True) [in C:\Users\drago\OneDrive\Pulpit\ALL\newest owl judge\app.py:2380]
2025-04-15 20:13:48,408 INFO: OwlJudge startup configured. [in C:\Users\drago\OneDrive\Pulpit\ALL\newest owl judge\app.py:70]
2025-04-15 20:13:48,435 INFO: Initializing database... [in C:\Users\drago\OneDrive\Pulpit\ALL\newest owl judge\app.py:2352]
2025-04-15 20:13:48,437 INFO: Database tables created/verified. [in C:\Users\drago\OneDrive\Pulpit\ALL\newest owl judge\app.py:2356]
2025-04-15 20:13:48,437 INFO: Checking/Creating test data... [in C:\Users\drago\OneDrive\Pulpit\ALL\newest owl judge\app.py:2260]
2025-04-15 20:13:48,448 ERROR: Error creating/updating test data: cannot access local variable 'projects_to_add' where it is not associated with a value [in C:\Users\drago\OneDrive\Pulpit\ALL\newest owl judge\app.py:2341]
Traceback (most recent call last):
  File "C:\Users\drago\OneDrive\Pulpit\ALL\newest owl judge\app.py", line 2321, in create_test_data
    if Projects.query.count() < len(projects_to_add) or force_create:
                                    ^^^^^^^^^^^^^^^
UnboundLocalError: cannot access local variable 'projects_to_add' where it is not associated with a value
2025-04-15 20:13:48,449 INFO: -------------------- [in C:\Users\drago\OneDrive\Pulpit\ALL\newest owl judge\app.py:2343]
2025-04-15 20:13:48,449 INFO: Starting Flask server on http://127.0.0.1:5000 (Debug: True) [in C:\Users\drago\OneDrive\Pulpit\ALL\newest owl judge\app.py:2380]
2025-04-15 20:13:48,552 INFO: 404 Not Found: /static/images/avatar_judge.png (Referrer: http://127.0.0.1:5000/) [in C:\Users\drago\OneDrive\Pulpit\ALL\newest owl judge\app.py:2209]
2025-04-15 20:13:48,554 INFO: 404 Not Found: /static/images/avatar_student.png (Referrer: http://127.0.0.1:5000/) [in C:\Users\drago\OneDrive\Pulpit\ALL\newest owl judge\app.py:2209]
2025-04-15 20:13:48,555 INFO: 404 Not Found: /static/images/avatar_admin.png (Referrer: http://127.0.0.1:5000/) [in C:\Users\drago\OneDrive\Pulpit\ALL\newest owl judge\app.py:2209]
2025-04-15 20:13:48,568 INFO: 404 Not Found: /static/images/ksu_campus_blur.jpg (Referrer: http://127.0.0.1:5000/) [in C:\Users\drago\OneDrive\Pulpit\ALL\newest owl judge\app.py:2209]
2025-04-15 20:13:48,570 INFO: 404 Not Found: /static/images/ksu_campus_wide.jpg (Referrer: http://127.0.0.1:5000/) [in C:\Users\drago\OneDrive\Pulpit\ALL\newest owl judge\app.py:2209]
2025-04-15 20:13:48,651 INFO: 404 Not Found: /favicon.ico (Referrer: http://127.0.0.1:5000/) [in C:\Users\drago\OneDrive\Pulpit\ALL\newest owl judge\app.py:2209]
2025-04-15 20:13:52,838 INFO: 404 Not Found: /favicon.ico (Referrer: http://127.0.0.1:5000/login) [in C:\Users\drago\OneDrive\Pulpit\ALL\newest owl judge\app.py:2209]
2025-04-15 20:13:55,075 INFO: User login successful: admin@example.com (ID: 14) [in C:\Users\drago\OneDrive\Pulpit\ALL\newest owl judge\app.py:494]
2025-04-15 20:13:56,658 INFO: 404 Not Found: /favicon.ico (Referrer: http://127.0.0.1:5000/admin/dashboard) [in C:\Users\drago\OneDrive\Pulpit\ALL\newest owl judge\app.py:2209]
